CustomerID,ProductID,ProductName,Category,Quantity,Price,OrderDate
CUST0384,PROD_H10,Bamboo Cutting Board Set,Home & Kitchen,1,899.0,2025-12-12 21:21:36
CUST0396,PROD_H11,Digital Kitchen Weighing Scale,Home & Kitchen,1,599.0,2025-11-27 17:21:36
CUST0144,PROD_E14,Smart Plug with Voice Control,Electronics,1,799.0,2026-05-15 23:21:36
CUST0163,PROD_H03,Memory Foam Orthopedic Pillow,Home & Kitchen,1,1199.0,2025-12-20 03:21:36
CUST0074,PROD_C08,Rechargeable Facial Cleansing Brush,Beauty & Care,1,1499.0,2026-03-28 07:21:36
CUST0168,PROD_C02,SPF 50 Broad Spectrum Sunscreen,Beauty & Care,1,649.0,2026-04-16 23:21:36
CUST0029,PROD_E08,Multi-Port USB Hub Type-C,Electronics,1,899.0,2026-08-22 16:21:36
CUST0500,PROD_C07,Natural Charcoal Detox Mask,Beauty & Care,3,699.0,2026-02-13 22:21:36
CUST0070,PROD_B03,The Psychology of Money,Books,1,450.0,2026-03-21 04:21:36
CUST0346,PROD_S06,Speed Jump Rope with Ball Bearings,Sports & Fitness,1,399.0,2026-02-23 12:21:36
CUST0220,PROD_C04,Sonic Electric Toothbrush,Beauty & Care,1,2299.0,2026-08-18 03:21:36
CUST0423,PROD_B05,System Design Interview Guide,Books,2,950.0,2026-04-14 11:21:36
CUST0409,PROD_F06,Warm Knit Winter Beanie,Fashion,2,499.0,2025-11-18 07:21:36
CUST0160,PROD_C07,Natural Charcoal Detox Mask,Beauty & Care,1,699.0,2026-05-06 05:21:36
CUST0252,PROD_B03,The Psychology of Money,Books,1,450.0,2025-11-21 03:21:36
CUST0305,PROD_H12,Microfiber Bed Sheet Set Queen,Home & Kitchen,1,1499.0,2026-06-21 10:21:36
CUST0471,PROD_E12,Aluminum Laptop Cooling Pad,Electronics,2,1499.0,2026-07-04 02:21:36
CUST0358,PROD_F12,Hooded Fleece Sweatshirt,Fashion,1,1899.0,2026-02-03 22:21:36
CUST0090,PROD_S04,High-Density Foam Muscle Roller,Sports & Fitness,1,899.0,2026-05-12 23:21:36
CUST0041,PROD_E17,External Hard Drive 2TB,Electronics,1,5299.0,2026-05-05 07:21:36
CUST0220,PROD_C05,Organic Argan Oil Hair Treatment,Beauty & Care,2,750.0,2026-06-15 00:21:36
CUST0082,PROD_F05,Genuine Leather Crossbody Bag,Fashion,1,2799.0,2025-10-15 18:21:36
CUST0286,PROD_E09,HD Web Camera with Microphone,Electronics,1,2199.0,2026-07-21 16:21:36
CUST0065,PROD_E15,Wireless Phone Charging Pad,Electronics,1,999.0,2026-09-11 16:21:36
CUST0315,PROD_C06,Gentle Exfoliating Face Scrub,Beauty & Care,1,550.0,2026-01-11 19:21:36
CUST0405,PROD_S06,Speed Jump Rope with Ball Bearings,Sports & Fitness,1,399.0,2026-04-19 23:21:36
CUST0358,PROD_B05,System Design Interview Guide,Books,1,950.0,2026-04-25 04:21:36
CUST0083,PROD_C06,Gentle Exfoliating Face Scrub,Beauty & Care,1,550.0,2025-10-06 13:21:36
CUST0173,PROD_F14,Water-Resistant Travel Backpack,Fashion,1,2399.0,2026-07-19 20:21:36
CUST0348,PROD_C07,Natural Charcoal Detox Mask,Beauty & Care,1,699.0,2026-03-16 16:21:36
CUST0118,PROD_F09,Waterproof HIKING Boots,Fashion,1,4199.0,2026-05-28 23:21:36
CUST0478,PROD_H09,Aromatherapy Essential Oil Diffuser,Home & Kitchen,1,1299.0,2026-08-04 17:21:36
CUST0207,PROD_B05,System Design Interview Guide,Books,1,950.0,2026-01-16 00:21:36
CUST0192,PROD_E06,Smart Fitness Watch Series 5,Electronics,1,4999.0,2026-09-08 09:21:36
CUST0347,PROD_B02,Atomic Habits by James Clear,Books,1,599.0,2026-03-19 19:21:36
CUST0472,PROD_F09,Waterproof HIKING Boots,Fashion,1,4199.0,2025-12-24 23:21:36
CUST0285,PROD_E17,External Hard Drive 2TB,Electronics,1,5299.0,2026-09-10 18:21:36
CUST0069,PROD_B04,Designing Data-Intensive Applications,Books,1,1250.0,2026-05-28 05:21:36
CUST0240,PROD_F09,Waterproof HIKING Boots,Fashion,1,4199.0,2026-09-06 05:21:36
CUST0374,PROD_F06,Warm Knit Winter Beanie,Fashion,1,499.0,2026-07-12 21:21:36
CUST0352,PROD_C05,Organic Argan Oil Hair Treatment,Beauty & Care,2,750.0,2025-12-05 13:21:36
CUST0403,PROD_H01,Stainless Steel Electric Kettle 1.8L,Home & Kitchen,1,1399.0,2025-10-27 15:21:36
CUST0326,PROD_B09,Zero to One by Peter Thiel,Books,1,480.0,2025-11-19 20:21:36
CUST0433,PROD_E13,Surround Sound Gaming Headset,Electronics,1,2799.0,2026-07-14 09:21:36
CUST0121,PROD_B05,System Design Interview Guide,Books,1,950.0,2025-11-22 11:21:36
CUST0026,PROD_E14,Smart Plug with Voice Control,Electronics,1,799.0,2026-04-03 09:21:36
CUST0303,PROD_B06,Clean Code: Handbook of Software Craftsmanship,Books,1,1100.0,2025-11-02 17:21:36
CUST0078,PROD_H13,Stainless Steel Cutlery Set 24-Piece,Home & Kitchen,1,1799.0,2026-04-10 18:21:36
CUST0371,PROD_S02,Adjustable Dumbbell Set 20kg,Sports & Fitness,1,4599.0,2026-06-01 07:21:36
CUST0274,PROD_E03,Ergonomic Wireless Mouse,Electronics,1,1299.0,2026-04-15 17:21:36
CUST0485,PROD_E07,Portable Bluetooth Speaker 20W,Electronics,1,2999.0,2026-05-24 16:21:36
CUST0474,PROD_E17,External Hard Drive 2TB,Electronics,1,5299.0,2025-10-29 22:21:36
CUST0394,PROD_B04,Designing Data-Intensive Applications,Books,1,1250.0,2026-01-24 16:21:36
CUST0034,PROD_C08,Rechargeable Facial Cleansing Brush,Beauty & Care,1,1499.0,2025-12-27 04:21:36
CUST0425,PROD_E02,Mechanical Gaming Keyboard,Electronics,1,3499.0,2026-08-16 07:21:36
CUST0454,PROD_C01,Hydrating Hyaluronic Acid Serum,Beauty & Care,1,899.0,2026-07-09 00:21:36
CUST0070,PROD_F04,Polarized UV Protection Sunglasses,Fashion,1,1299.0,2026-08-19 18:21:36
CUST0311,PROD_E10,High-Speed Wi-Fi 6 Router,Electronics,1,3899.0,2026-05-21 22:21:36
CUST0408,PROD_F02,Breathable Running Sneakers,Fashion,1,3299.0,2025-12-18 22:21:36
CUST0335,PROD_F08,Athletic Workout Leggings,Fashion,1,1199.0,2025-12-05 20:21:36
CUST0335,PROD_F10,Formal Leather Belt Black,Fashion,1,799.0,2026-07-31 23:21:36
CUST0326,PROD_B09,Zero to One by Peter Thiel,Books,1,480.0,2025-10-25 11:21:36
CUST0140,PROD_E14,Smart Plug with Voice Control,Electronics,1,799.0,2026-07-25 05:21:36
CUST0356,PROD_F03,Slim Fit Casual Button-Up Shirt,Fashion,1,1499.0,2026-04-01 18:21:36
CUST0010,PROD_S02,Adjustable Dumbbell Set 20kg,Sports & Fitness,3,4599.0,2025-10-18 02:21:36
CUST0130,PROD_E05,Fast Charging USB-C Power Bank 20000mAh,Electronics,1,1999.0,2026-06-27 05:21:36
CUST0399,PROD_E03,Ergonomic Wireless Mouse,Electronics,1,1299.0,2026-08-05 23:21:36
CUST0318,PROD_H10,Bamboo Cutting Board Set,Home & Kitchen,2,899.0,2026-02-18 20:21:36
CUST0076,PROD_S01,Non-Slip Eco Yoga Mat 6mm,Sports & Fitness,1,1299.0,2025-12-04 02:21:36
CUST0267,PROD_F06,Warm Knit Winter Beanie,Fashion,1,499.0,2026-05-05 23:21:36
CUST0005,PROD_S06,Speed Jump Rope with Ball Bearings,Sports & Fitness,1,399.0,2026-02-14 07:21:36
CUST0042,PROD_B08,"Thinking, Fast and Slow",Books,1,520.0,2026-01-17 08:21:36
CUST0288,PROD_B06,Clean Code: Handbook of Software Craftsmanship,Books,1,1100.0,2025-12-07 09:21:36
CUST0481,PROD_H01,Stainless Steel Electric Kettle 1.8L,Home & Kitchen,1,1399.0,2026-08-10 02:21:36
CUST0104,PROD_E06,Smart Fitness Watch Series 5,Electronics,2,4999.0,2026-04-02 02:21:36
CUST0042,PROD_B01,Deep Learning Foundations & Applications,Books,1,899.0,2026-05-23 22:21:36
CUST0157,PROD_B01,Deep Learning Foundations & Applications,Books,1,899.0,2026-07-20 22:21:36
CUST0086,PROD_B04,Designing Data-Intensive Applications,Books,1,1250.0,2026-01-31 00:21:36
CUST0397,PROD_B04,Designing Data-Intensive Applications,Books,1,1250.0,2026-04-07 09:21:36
CUST0157,PROD_B04,Designing Data-Intensive Applications,Books,1,1250.0,2026-02-12 13:21:36
CUST0243,PROD_E11,Active Noise Cancelling Earbuds,Electronics,1,3199.0,2026-03-02 05:21:36
CUST0254,PROD_B05,System Design Interview Guide,Books,1,950.0,2026-08-04 08:21:36
CUST0363,PROD_S05,Insulated Sports Shaker Bottle,Sports & Fitness,1,499.0,2026-05-02 19:21:36
CUST0111,PROD_B05,System Design Interview Guide,Books,1,950.0,2026-08-24 23:21:36
CUST0376,PROD_E10,High-Speed Wi-Fi 6 Router,Electronics,1,3899.0,2026-07-19 03:21:36
CUST0051,PROD_S05,Insulated Sports Shaker Bottle,Sports & Fitness,2,499.0,2026-06-19 08:21:36
CUST0101,PROD_C06,Gentle Exfoliating Face Scrub,Beauty & Care,1,550.0,2026-08-13 19:21:36
CUST0319,PROD_S03,Resistance Loop Exercise Bands Set,Sports & Fitness,1,699.0,2026-03-03 09:21:36
CUST0457,PROD_F06,Warm Knit Winter Beanie,Fashion,1,499.0,2026-03-08 03:21:36
CUST0291,PROD_F09,Waterproof HIKING Boots,Fashion,1,4199.0,2026-07-25 20:21:36
CUST0391,PROD_E02,Mechanical Gaming Keyboard,Electronics,2,3499.0,2026-02-10 05:21:36
CUST0443,PROD_F03,Slim Fit Casual Button-Up Shirt,Fashion,1,1499.0,2025-10-30 01:21:36
CUST0180,PROD_E01,Wireless Noise-Canceling Headphones,Electronics,1,2499.0,2025-12-07 05:21:36
CUST0150,PROD_F02,Breathable Running Sneakers,Fashion,1,3299.0,2026-09-07 14:21:36
CUST0361,PROD_E08,Multi-Port USB Hub Type-C,Electronics,1,899.0,2026-06-19 07:21:36
CUST0478,PROD_F06,Warm Knit Winter Beanie,Fashion,1,499.0,2025-11-06 11:21:36
CUST0429,PROD_F08,Athletic Workout Leggings,Fashion,1,1199.0,2026-06-19 08:21:36
CUST0371,PROD_S02,Adjustable Dumbbell Set 20kg,Sports & Fitness,1,4599.0,2026-01-26 12:21:36
CUST0222,PROD_S07,Breathable Weightlifting Gloves,Sports & Fitness,1,599.0,2026-06-26 17:21:36
CUST0359,PROD_F08,Athletic Workout Leggings,Fashion,1,1199.0,2026-03-15 19:21:36
CUST0087,PROD_C06,Gentle Exfoliating Face Scrub,Beauty & Care,1,550.0,2025-10-12 19:21:36
CUST0313,PROD_E08,Multi-Port USB Hub Type-C,Electronics,1,899.0,2026-05-31 23:21:36
CUST0067,PROD_B05,System Design Interview Guide,Books,1,950.0,2026-07-23 18:21:36
CUST0078,PROD_H11,Digital Kitchen Weighing Scale,Home & Kitchen,2,599.0,2026-03-19 16:21:36
CUST0469,PROD_F07,Stainless Steel Quartz Wristwatch,Fashion,1,4499.0,2025-10-12 04:21:36
CUST0263,PROD_C07,Natural Charcoal Detox Mask,Beauty & Care,1,699.0,2025-11-10 12:21:36
CUST0002,PROD_B05,System Design Interview Guide,Books,1,950.0,2026-04-18 17:21:36
CUST0119,PROD_E05,Fast Charging USB-C Power Bank 20000mAh,Electronics,1,1999.0,2026-06-18 03:21:36
CUST0226,PROD_F06,Warm Knit Winter Beanie,Fashion,2,499.0,2026-10-04 18:21:36
CUST0081,PROD_B03,The Psychology of Money,Books,1,450.0,2026-02-10 11:21:36
CUST0370,PROD_C06,Gentle Exfoliating Face Scrub,Beauty & Care,1,550.0,2026-05-30 01:21:36
CUST0201,PROD_E11,Active Noise Cancelling Earbuds,Electronics,1,3199.0,2026-03-08 07:21:36
CUST0098,PROD_S03,Resistance Loop Exercise Bands Set,Sports & Fitness,1,699.0,2026-02-10 15:21:36
CUST0042,PROD_B06,Clean Code: Handbook of Software Craftsmanship,Books,1,1100.0,2026-03-19 00:21:36
CUST0378,PROD_E17,External Hard Drive 2TB,Electronics,1,5299.0,2025-11-01 00:21:36
CUST0219,PROD_H12,Microfiber Bed Sheet Set Queen,Home & Kitchen,1,1499.0,2026-08-10 01:21:36
CUST0394,PROD_H11,Digital Kitchen Weighing Scale,Home & Kitchen,1,599.0,2026-02-04 08:21:36
CUST0064,PROD_F06,Warm Knit Winter Beanie,Fashion,1,499.0,2026-08-08 15:21:36
CUST0292,PROD_E10,High-Speed Wi-Fi 6 Router,Electronics,1,3899.0,2025-10-15 22:21:36
CUST0113,PROD_B05,System Design Interview Guide,Books,2,950.0,2025-11-29 09:21:36
CUST0152,PROD_B10,Hands-On Machine Learning with Scikit-Learn,Books,1,1450.0,2025-11-10 09:21:36
CUST0148,PROD_S04,High-Density Foam Muscle Roller,Sports & Fitness,1,899.0,2026-10-05 05:21:36
CUST0482,PROD_B02,Atomic Habits by James Clear,Books,1,599.0,2026-04-24 02:21:36
CUST0017,PROD_F13,Designer Silk Scarf,Fashion,1,999.0,2025-11-16 01:21:36
CUST0291,PROD_C04,Sonic Electric Toothbrush,Beauty & Care,1,2299.0,2026-01-14 20:21:36
CUST0012,PROD_B01,Deep Learning Foundations & Applications,Books,1,899.0,2026-08-31 17:21:36
CUST0497,PROD_H08,Insulated Vacuum Water Bottle 1L,Home & Kitchen,1,699.0,2026-03-03 11:21:36
CUST0215,PROD_B05,System Design Interview Guide,Books,3,950.0,2026-01-02 06:21:36
CUST0143,PROD_E10,High-Speed Wi-Fi 6 Router,Electronics,1,3899.0,2026-07-20 04:21:36
CUST0016,PROD_F06,Warm Knit Winter Beanie,Fashion,1,499.0,2026-06-12 01:21:36
CUST0270,PROD_H07,Smart LED Desk Lamp with Dimmer,Home & Kitchen,1,1699.0,2026-03-30 02:21:36
CUST0498,PROD_H13,Stainless Steel Cutlery Set 24-Piece,Home & Kitchen,1,1799.0,2026-01-16 11:21:36
CUST0014,PROD_S03,Resistance Loop Exercise Bands Set,Sports & Fitness,1,699.0,2026-08-01 20:21:36
CUST0131,PROD_H01,Stainless Steel Electric Kettle 1.8L,Home & Kitchen,1,1399.0,2026-10-04 01:21:36
CUST0015,PROD_B05,System Design Interview Guide,Books,1,950.0,2026-05-02 19:21:36
CUST0016,PROD_C04,Sonic Electric Toothbrush,Beauty & Care,1,2299.0,2026-08-11 21:21:36
CUST0170,PROD_E01,Wireless Noise-Canceling Headphones,Electronics,1,2499.0,2026-07-05 21:21:36
CUST0379,PROD_H03,Memory Foam Orthopedic Pillow,Home & Kitchen,1,1199.0,2026-08-19 15:21:36
CUST0236,PROD_F08,Athletic Workout Leggings,Fashion,1,1199.0,2026-06-28 01:21:36
CUST0340,PROD_F08,Athletic Workout Leggings,Fashion,1,1199.0,2026-02-24 18:21:36
CUST0158,PROD_B10,Hands-On Machine Learning with Scikit-Learn,Books,1,1450.0,2026-04-16 15:21:36
CUST0494,PROD_C07,Natural Charcoal Detox Mask,Beauty & Care,1,699.0,2026-09-13 22:21:36
CUST0140,PROD_C04,Sonic Electric Toothbrush,Beauty & Care,1,2299.0,2026-04-21 01:21:36
CUST0440,PROD_B05,System Design Interview Guide,Books,2,950.0,2026-05-19 01:21:36
CUST0052,PROD_H08,Insulated Vacuum Water Bottle 1L,Home & Kitchen,2,699.0,2025-12-07 16:21:36
CUST0373,PROD_E17,External Hard Drive 2TB,Electronics,1,5299.0,2026-08-14 03:21:36
CUST0241,PROD_C06,Gentle Exfoliating Face Scrub,Beauty & Care,1,550.0,2025-11-28 09:21:36
CUST0215,PROD_S05,Insulated Sports Shaker Bottle,Sports & Fitness,3,499.0,2025-12-05 04:21:36
CUST0419,PROD_B08,"Thinking, Fast and Slow",Books,1,520.0,2026-03-13 21:21:36
CUST0486,PROD_S05,Insulated Sports Shaker Bottle,Sports & Fitness,1,499.0,2026-08-29 22:21:36
CUST0398,PROD_H13,Stainless Steel Cutlery Set 24-Piece,Home & Kitchen,1,1799.0,2026-02-05 03:21:36
CUST0195,PROD_C08,Rechargeable Facial Cleansing Brush,Beauty & Care,1,1499.0,2025-11-13 23:21:36
CUST0395,PROD_H08,Insulated Vacuum Water Bottle 1L,Home & Kitchen,1,699.0,2025-11-12 02:21:36
CUST0251,PROD_B04,Designing Data-Intensive Applications,Books,1,1250.0,2026-08-17 10:21:36
CUST0461,PROD_S08,Waterproof Cycling Helmet,Sports & Fitness,1,1899.0,2026-08-02 13:21:36
CUST0186,PROD_C08,Rechargeable Facial Cleansing Brush,Beauty & Care,1,1499.0,2026-09-17 07:21:36
CUST0237,PROD_B05,System Design Interview Guide,Books,1,950.0,2026-01-04 19:21:36
CUST0059,PROD_B08,"Thinking, Fast and Slow",Books,1,520.0,2026-09-15 15:21:36
CUST0170,PROD_C03,Vitamin C Facial Cleanser,Beauty & Care,1,499.0,2025-10-11 23:21:36
CUST0235,PROD_H13,Stainless Steel Cutlery Set 24-Piece,Home & Kitchen,1,1799.0,2026-03-14 05:21:36
CUST0437,PROD_F03,Slim Fit Casual Button-Up Shirt,Fashion,1,1499.0,2026-04-29 07:21:36
CUST0477,PROD_F02,Breathable Running Sneakers,Fashion,1,3299.0,2025-11-20 11:21:36
CUST0233,PROD_B02,Atomic Habits by James Clear,Books,1,599.0,2026-09-14 07:21:36
CUST0163,PROD_S03,Resistance Loop Exercise Bands Set,Sports & Fitness,1,699.0,2025-12-18 03:21:36
CUST0224,PROD_H06,Robot Vacuum Cleaner with Mop,Home & Kitchen,1,15999.0,2025-11-11 16:21:36
CUST0196,PROD_B04,Designing Data-Intensive Applications,Books,1,1250.0,2026-05-12 11:21:36
CUST0012,PROD_B10,Hands-On Machine Learning with Scikit-Learn,Books,1,1450.0,2025-10-27 18:21:36
CUST0210,PROD_S08,Waterproof Cycling Helmet,Sports & Fitness,2,1899.0,2026-03-17 21:21:36
CUST0436,PROD_E05,Fast Charging USB-C Power Bank 20000mAh,Electronics,1,1999.0,2026-02-16 09:21:36
CUST0079,PROD_F08,Athletic Workout Leggings,Fashion,1,1199.0,2026-05-18 22:21:36
CUST0465,PROD_H09,Aromatherapy Essential Oil Diffuser,Home & Kitchen,1,1299.0,2026-07-17 05:21:36
CUST0372,PROD_C01,Hydrating Hyaluronic Acid Serum,Beauty & Care,1,899.0,2025-10-31 21:21:36
CUST0337,PROD_E07,Portable Bluetooth Speaker 20W,Electronics,1,2999.0,2026-08-04 10:21:36
CUST0357,PROD_S06,Speed Jump Rope with Ball Bearings,Sports & Fitness,1,399.0,2026-06-19 00:21:36
CUST0015,PROD_F06,Warm Knit Winter Beanie,Fashion,1,499.0,2026-07-12 06:21:36
CUST0274,PROD_B01,Deep Learning Foundations & Applications,Books,2,899.0,2026-02-27 15:21:36
CUST0008,PROD_C06,Gentle Exfoliating Face Scrub,Beauty & Care,1,550.0,2026-09-19 06:21:36
CUST0181,PROD_S08,Waterproof Cycling Helmet,Sports & Fitness,1,1899.0,2025-10-20 08:21:36
CUST0455,PROD_H12,Microfiber Bed Sheet Set Queen,Home & Kitchen,1,1499.0,2025-10-14 00:21:36
CUST0432,PROD_S07,Breathable Weightlifting Gloves,Sports & Fitness,1,599.0,2026-01-29 20:21:36
CUST0344,PROD_S08,Waterproof Cycling Helmet,Sports & Fitness,1,1899.0,2025-12-16 15:21:36
CUST0274,PROD_H08,Insulated Vacuum Water Bottle 1L,Home & Kitchen,2,699.0,2026-03-20 05:21:36
CUST0301,PROD_S08,Waterproof Cycling Helmet,Sports & Fitness,2,1899.0,2026-06-29 16:21:36
CUST0179,PROD_F01,Classic Cotton Denim Jacket,Fashion,1,2199.0,2025-11-20 09:21:36
CUST0080,PROD_H12,Microfiber Bed Sheet Set Queen,Home & Kitchen,1,1499.0,2026-04-25 02:21:36
CUST0416,PROD_E11,Active Noise Cancelling Earbuds,Electronics,1,3199.0,2026-05-26 07:21:36
CUST0414,PROD_H04,Automatic Espresso Coffee Maker,Home & Kitchen,1,12499.0,2026-01-15 20:21:36
CUST0166,PROD_S06,Speed Jump Rope with Ball Bearings,Sports & Fitness,1,399.0,2026-02-24 20:21:36
CUST0106,PROD_C01,Hydrating Hyaluronic Acid Serum,Beauty & Care,2,899.0,2026-08-17 21:21:36
CUST0123,PROD_F06,Warm Knit Winter Beanie,Fashion,1,499.0,2026-05-16 03:21:36
CUST0370,PROD_S08,Waterproof Cycling Helmet,Sports & Fitness,1,1899.0,2025-12-28 09:21:36
CUST0251,PROD_C03,Vitamin C Facial Cleanser,Beauty & Care,1,499.0,2026-08-15 16:21:36
CUST0410,PROD_C07,Natural Charcoal Detox Mask,Beauty & Care,1,699.0,2026-10-02 08:21:36
CUST0459,PROD_B05,System Design Interview Guide,Books,1,950.0,2025-10-30 07:21:36
CUST0243,PROD_E14,Smart Plug with Voice Control,Electronics,1,799.0,2026-05-14 17:21:36
CUST0309,PROD_B04,Designing Data-Intensive Applications,Books,1,1250.0,2026-05-04 16:21:36
CUST0037,PROD_S08,Waterproof Cycling Helmet,Sports & Fitness,1,1899.0,2026-04-25 13:21:36
CUST0035,PROD_F06,Warm Knit Winter Beanie,Fashion,1,499.0,2026-09-23 01:21:36
CUST0332,PROD_F05,Genuine Leather Crossbody Bag,Fashion,1,2799.0,2025-10-29 14:21:36
CUST0293,PROD_C04,Sonic Electric Toothbrush,Beauty & Care,1,2299.0,2026-03-06 12:21:36
CUST0177,PROD_C01,Hydrating Hyaluronic Acid Serum,Beauty & Care,1,899.0,2026-01-29 20:21:36
CUST0228,PROD_S02,Adjustable Dumbbell Set 20kg,Sports & Fitness,1,4599.0,2026-06-05 13:21:36
CUST0186,PROD_F06,Warm Knit Winter Beanie,Fashion,1,499.0,2025-11-14 15:21:36
CUST0399,PROD_E08,Multi-Port USB Hub Type-C,Electronics,1,899.0,2025-12-31 04:21:36
CUST0428,PROD_F02,Breathable Running Sneakers,Fashion,1,3299.0,2026-08-26 00:21:36
CUST0493,PROD_F06,Warm Knit Winter Beanie,Fashion,1,499.0,2026-01-24 08:21:36
CUST0231,PROD_F02,Breathable Running Sneakers,Fashion,1,3299.0,2026-02-26 20:21:36
CUST0163,PROD_F09,Waterproof HIKING Boots,Fashion,1,4199.0,2026-03-18 07:21:36
CUST0407,PROD_E11,Active Noise Cancelling Earbuds,Electronics,1,3199.0,2026-01-31 08:21:36
CUST0080,PROD_H10,Bamboo Cutting Board Set,Home & Kitchen,1,899.0,2026-09-30 19:21:36
CUST0133,PROD_F11,Comfortable Canvas Slip-Ons,Fashion,2,1599.0,2026-08-14 16:21:36
CUST0468,PROD_H11,Digital Kitchen Weighing Scale,Home & Kitchen,1,599.0,2026-04-26 23:21:36
CUST0305,PROD_C04,Sonic Electric Toothbrush,Beauty & Care,1,2299.0,2026-04-30 00:21:36
CUST0108,PROD_B04,Designing Data-Intensive Applications,Books,1,1250.0,2026-02-12 03:21:36
CUST0293,PROD_E08,Multi-Port USB Hub Type-C,Electronics,1,899.0,2026-04-20 23:21:36
CUST0245,PROD_C01,Hydrating Hyaluronic Acid Serum,Beauty & Care,1,899.0,2026-04-29 06:21:36
CUST0490,PROD_E11,Active Noise Cancelling Earbuds,Electronics,1,3199.0,2026-05-10 12:21:36
CUST0285,PROD_H12,Microfiber Bed Sheet Set Queen,Home & Kitchen,1,1499.0,2026-04-01 17:21:36
CUST0428,PROD_F07,Stainless Steel Quartz Wristwatch,Fashion,1,4499.0,2026-08-02 14:21:36
CUST0336,PROD_B10,Hands-On Machine Learning with Scikit-Learn,Books,1,1450.0,2026-09-10 19:21:36
CUST0264,PROD_B06,Clean Code: Handbook of Software Craftsmanship,Books,1,1100.0,2025-12-30 09:21:36
CUST0290,PROD_S08,Waterproof Cycling Helmet,Sports & Fitness,1,1899.0,2026-01-27 12:21:36
CUST0145,PROD_C08,Rechargeable Facial Cleansing Brush,Beauty & Care,1,1499.0,2026-08-29 08:21:36
CUST0452,PROD_F06,Warm Knit Winter Beanie,Fashion,1,499.0,2025-11-27 10:21:36
CUST0069,PROD_H12,Microfiber Bed Sheet Set Queen,Home & Kitchen,1,1499.0,2026-04-15 00:21:36
CUST0063,PROD_H09,Aromatherapy Essential Oil Diffuser,Home & Kitchen,1,1299.0,2025-12-17 15:21:36
CUST0077,PROD_H11,Digital Kitchen Weighing Scale,Home & Kitchen,1,599.0,2026-01-15 08:21:36
CUST0132,PROD_C04,Sonic Electric Toothbrush,Beauty & Care,1,2299.0,2026-07-11 13:21:36
CUST0365,PROD_E17,External Hard Drive 2TB,Electronics,1,5299.0,2026-01-02 15:21:36
CUST0143,PROD_C02,SPF 50 Broad Spectrum Sunscreen,Beauty & Care,1,649.0,2026-08-16 19:21:36
CUST0305,PROD_S03,Resistance Loop Exercise Bands Set,Sports & Fitness,1,699.0,2026-06-28 21:21:36
CUST0456,PROD_B05,System Design Interview Guide,Books,1,950.0,2025-10-08 15:21:36
CUST0282,PROD_C07,Natural Charcoal Detox Mask,Beauty & Care,2,699.0,2026-05-14 06:21:36
CUST0133,PROD_F05,Genuine Leather Crossbody Bag,Fashion,1,2799.0,2026-05-21 09:21:36
CUST0043,PROD_C05,Organic Argan Oil Hair Treatment,Beauty & Care,1,750.0,2025-10-26 17:21:36
CUST0107,PROD_B05,System Design Interview Guide,Books,1,950.0,2026-07-12 22:21:36
CUST0203,PROD_E04,4K Ultra HD Smart Monitor 27-inch,Electronics,2,18999.0,2026-07-06 20:21:36
CUST0334,PROD_B05,System Design Interview Guide,Books,1,950.0,2025-11-01 09:21:36
CUST0156,PROD_S08,Waterproof Cycling Helmet,Sports & Fitness,1,1899.0,2026-03-12 12:21:36
CUST0002,PROD_S04,High-Density Foam Muscle Roller,Sports & Fitness,1,899.0,2026-09-20 05:21:36
CUST0263,PROD_F06,Warm Knit Winter Beanie,Fashion,1,499.0,2025-12-15 18:21:36
CUST0241,PROD_F10,Formal Leather Belt Black,Fashion,2,799.0,2025-12-27 22:21:36
CUST0374,PROD_B05,System Design Interview Guide,Books,1,950.0,2026-10-02 09:21:36
CUST0379,PROD_H06,Robot Vacuum Cleaner with Mop,Home & Kitchen,1,15999.0,2026-05-07 03:21:36
CUST0026,PROD_S02,Adjustable Dumbbell Set 20kg,Sports & Fitness,1,4599.0,2026-02-03 04:21:36
CUST0072,PROD_B05,System Design Interview Guide,Books,1,950.0,2025-12-12 12:21:36
CUST0152,PROD_H11,Digital Kitchen Weighing Scale,Home & Kitchen,1,599.0,2026-02-28 13:21:36
CUST0164,PROD_F07,Stainless Steel Quartz Wristwatch,Fashion,1,4499.0,2026-03-29 11:21:36
CUST0483,PROD_B01,Deep Learning Foundations & Applications,Books,1,899.0,2026-03-04 10:21:36
CUST0293,PROD_C04,Sonic Electric Toothbrush,Beauty & Care,1,2299.0,2025-10-16 04:21:36
CUST0457,PROD_S05,Insulated Sports Shaker Bottle,Sports & Fitness,1,499.0,2026-06-19 21:21:36
CUST0263,PROD_H09,Aromatherapy Essential Oil Diffuser,Home & Kitchen,1,1299.0,2026-03-21 03:21:36
CUST0241,PROD_F08,Athletic Workout Leggings,Fashion,1,1199.0,2025-10-23 22:21:36
CUST0218,PROD_H07,Smart LED Desk Lamp with Dimmer,Home & Kitchen,1,1699.0,2025-11-10 02:21:36
CUST0229,PROD_F06,Warm Knit Winter Beanie,Fashion,1,499.0,2025-12-14 03:21:36
CUST0487,PROD_F01,Classic Cotton Denim Jacket,Fashion,1,2199.0,2025-10-10 06:21:36
CUST0027,PROD_C08,Rechargeable Facial Cleansing Brush,Beauty & Care,1,1499.0,2025-11-23 21:21:36
CUST0300,PROD_B03,The Psychology of Money,Books,1,450.0,2026-02-12 17:21:36
CUST0172,PROD_B05,System Design Interview Guide,Books,1,950.0,2026-07-18 14:21:36
CUST0264,PROD_B10,Hands-On Machine Learning with Scikit-Learn,Books,2,1450.0,2026-09-03 09:21:36
CUST0311,PROD_B09,Zero to One by Peter Thiel,Books,1,480.0,2025-10-17 11:21:36
CUST0400,PROD_C03,Vitamin C Facial Cleanser,Beauty & Care,2,499.0,2026-05-30 17:21:36
CUST0348,PROD_E05,Fast Charging USB-C Power Bank 20000mAh,Electronics,1,1999.0,2026-06-10 06:21:36
CUST0321,PROD_B05,System Design Interview Guide,Books,1,950.0,2026-05-23 19:21:36
CUST0272,PROD_C04,Sonic Electric Toothbrush,Beauty & Care,1,2299.0,2026-02-23 22:21:36
CUST0481,PROD_H13,Stainless Steel Cutlery Set 24-Piece,Home & Kitchen,1,1799.0,2026-09-10 20:21:36
CUST0475,PROD_S01,Non-Slip Eco Yoga Mat 6mm,Sports & Fitness,1,1299.0,2026-04-03 17:21:36
CUST0154,PROD_S07,Breathable Weightlifting Gloves,Sports & Fitness,1,599.0,2026-02-25 16:21:36
CUST0316,PROD_F06,Warm Knit Winter Beanie,Fashion,2,499.0,2025-11-16 00:21:36
CUST0082,PROD_F14,Water-Resistant Travel Backpack,Fashion,1,2399.0,2026-03-12 08:21:36
CUST0134,PROD_B07,Python for Data Analysis,Books,1,850.0,2025-12-17 09:21:36
CUST0405,PROD_S03,Resistance Loop Exercise Bands Set,Sports & Fitness,1,699.0,2026-04-29 14:21:36
CUST0466,PROD_H09,Aromatherapy Essential Oil Diffuser,Home & Kitchen,1,1299.0,2026-06-15 16:21:36
CUST0289,PROD_B03,The Psychology of Money,Books,1,450.0,2026-08-11 08:21:36
CUST0381,PROD_F03,Slim Fit Casual Button-Up Shirt,Fashion,1,1499.0,2025-10-30 07:21:36
CUST0117,PROD_E02,Mechanical Gaming Keyboard,Electronics,1,3499.0,2025-12-22 22:21:36
CUST0173,PROD_F12,Hooded Fleece Sweatshirt,Fashion,1,1899.0,2026-09-04 14:21:36
CUST0146,PROD_E06,Smart Fitness Watch Series 5,Electronics,1,4999.0,2025-11-16 20:21:36
CUST0060,PROD_C07,Natural Charcoal Detox Mask,Beauty & Care,1,699.0,2026-06-27 20:21:36
CUST0382,PROD_E10,High-Speed Wi-Fi 6 Router,Electronics,1,3899.0,2025-12-27 03:21:36
CUST0099,PROD_E14,Smart Plug with Voice Control,Electronics,1,799.0,2025-12-24 10:21:36
CUST0252,PROD_B04,Designing Data-Intensive Applications,Books,3,1250.0,2026-07-04 23:21:36
CUST0359,PROD_B04,Designing Data-Intensive Applications,Books,1,1250.0,2026-05-24 12:21:36
CUST0063,PROD_H09,Aromatherapy Essential Oil Diffuser,Home & Kitchen,1,1299.0,2025-10-12 16:21:36
CUST0014,PROD_S05,Insulated Sports Shaker Bottle,Sports & Fitness,1,499.0,2026-04-05 20:21:36
CUST0062,PROD_S06,Speed Jump Rope with Ball Bearings,Sports & Fitness,1,399.0,2026-03-03 04:21:36
CUST0471,PROD_E07,Portable Bluetooth Speaker 20W,Electronics,1,2999.0,2025-10-18 15:21:36
CUST0474,PROD_E05,Fast Charging USB-C Power Bank 20000mAh,Electronics,2,1999.0,2026-03-18 11:21:36
CUST0483,PROD_S03,Resistance Loop Exercise Bands Set,Sports & Fitness,1,699.0,2026-08-09 17:21:36
CUST0117,PROD_E04,4K Ultra HD Smart Monitor 27-inch,Electronics,1,18999.0,2026-01-25 12:21:36
CUST0232,PROD_B05,System Design Interview Guide,Books,1,950.0,2025-11-16 15:21:36
CUST0042,PROD_S08,Waterproof Cycling Helmet,Sports & Fitness,1,1899.0,2026-02-10 20:21:36
CUST0060,PROD_C01,Hydrating Hyaluronic Acid Serum,Beauty & Care,1,899.0,2026-08-15 02:21:36
CUST0277,PROD_B04,Designing Data-Intensive Applications,Books,1,1250.0,2026-05-07 02:21:36
CUST0433,PROD_E13,Surround Sound Gaming Headset,Electronics,1,2799.0,2025-12-30 23:21:36
CUST0008,PROD_B09,Zero to One by Peter Thiel,Books,1,480.0,2026-01-22 13:21:36
CUST0408,PROD_F01,Classic Cotton Denim Jacket,Fashion,2,2199.0,2026-07-09 02:21:36
CUST0314,PROD_C04,Sonic Electric Toothbrush,Beauty & Care,1,2299.0,2026-05-04 01:21:36
CUST0499,PROD_S03,Resistance Loop Exercise Bands Set,Sports & Fitness,1,699.0,2026-06-23 16:21:36
CUST0352,PROD_C02,SPF 50 Broad Spectrum Sunscreen,Beauty & Care,1,649.0,2026-05-13 11:21:36
CUST0223,PROD_F07,Stainless Steel Quartz Wristwatch,Fashion,2,4499.0,2025-11-22 22:21:36
CUST0382,PROD_H09,Aromatherapy Essential Oil Diffuser,Home & Kitchen,1,1299.0,2026-02-01 12:21:36
CUST0266,PROD_F08,Athletic Workout Leggings,Fashion,2,1199.0,2026-07-01 15:21:36
CUST0160,PROD_C05,Organic Argan Oil Hair Treatment,Beauty & Care,1,750.0,2025-10-16 04:21:36
CUST0271,PROD_B02,Atomic Habits by James Clear,Books,1,599.0,2026-03-07 02:21:36
CUST0315,PROD_E12,Aluminum Laptop Cooling Pad,Electronics,1,1499.0,2026-03-28 11:21:36
CUST0376,PROD_B05,System Design Interview Guide,Books,1,950.0,2025-11-13 11:21:36
CUST0268,PROD_F08,Athletic Workout Leggings,Fashion,1,1199.0,2026-03-03 02:21:36
CUST0302,PROD_C01,Hydrating Hyaluronic Acid Serum,Beauty & Care,1,899.0,2026-04-26 16:21:36
CUST0150,PROD_S05,Insulated Sports Shaker Bottle,Sports & Fitness,1,499.0,2026-06-20 15:21:36
CUST0463,PROD_S02,Adjustable Dumbbell Set 20kg,Sports & Fitness,1,4599.0,2026-01-01 06:21:36
CUST0461,PROD_E05,Fast Charging USB-C Power Bank 20000mAh,Electronics,1,1999.0,2026-04-06 21:21:36
CUST0191,PROD_B07,Python for Data Analysis,Books,1,850.0,2026-07-27 06:21:36
CUST0367,PROD_H11,Digital Kitchen Weighing Scale,Home & Kitchen,1,599.0,2026-04-09 10:21:36
CUST0072,PROD_F05,Genuine Leather Crossbody Bag,Fashion,1,2799.0,2026-01-16 21:21:36
CUST0224,PROD_B05,System Design Interview Guide,Books,1,950.0,2026-08-03 01:21:36
CUST0219,PROD_H09,Aromatherapy Essential Oil Diffuser,Home & Kitchen,1,1299.0,2025-12-30 04:21:36
CUST0090,PROD_C06,Gentle Exfoliating Face Scrub,Beauty & Care,1,550.0,2026-02-02 20:21:36
CUST0437,PROD_C03,Vitamin C Facial Cleanser,Beauty & Care,1,499.0,2026-05-16 17:21:36
CUST0070,PROD_S08,Waterproof Cycling Helmet,Sports & Fitness,1,1899.0,2026-02-14 14:21:36
CUST0394,PROD_B05,System Design Interview Guide,Books,1,950.0,2026-08-11 02:21:36
CUST0359,PROD_B06,Clean Code: Handbook of Software Craftsmanship,Books,1,1100.0,2026-04-11 07:21:36
CUST0020,PROD_C07,Natural Charcoal Detox Mask,Beauty & Care,1,699.0,2025-10-18 21:21:36
CUST0216,PROD_B10,Hands-On Machine Learning with Scikit-Learn,Books,1,1450.0,2026-06-16 18:21:36
CUST0162,PROD_H03,Memory Foam Orthopedic Pillow,Home & Kitchen,1,1199.0,2025-12-04 13:21:36
CUST0305,PROD_S03,Resistance Loop Exercise Bands Set,Sports & Fitness,1,699.0,2026-01-22 06:21:36
CUST0030,PROD_F06,Warm Knit Winter Beanie,Fashion,1,499.0,2025-10-24 10:21:36
CUST0173,PROD_F07,Stainless Steel Quartz Wristwatch,Fashion,1,4499.0,2026-02-28 14:21:36
CUST0113,PROD_B09,Zero to One by Peter Thiel,Books,2,480.0,2026-08-01 19:21:36
CUST0401,PROD_C04,Sonic Electric Toothbrush,Beauty & Care,1,2299.0,2026-04-21 09:21:36
CUST0078,PROD_B10,Hands-On Machine Learning with Scikit-Learn,Books,2,1450.0,2026-08-26 14:21:36
CUST0061,PROD_F03,Slim Fit Casual Button-Up Shirt,Fashion,1,1499.0,2026-09-20 16:21:36
CUST0493,PROD_S05,Insulated Sports Shaker Bottle,Sports & Fitness,1,499.0,2025-11-09 08:21:36
CUST0410,PROD_C06,Gentle Exfoliating Face Scrub,Beauty & Care,1,550.0,2025-11-23 15:21:36
CUST0074,PROD_B08,"Thinking, Fast and Slow",Books,1,520.0,2026-02-08 01:21:36
CUST0295,PROD_E01,Wireless Noise-Canceling Headphones,Electronics,1,2499.0,2026-01-13 00:21:36
CUST0297,PROD_F12,Hooded Fleece Sweatshirt,Fashion,1,1899.0,2025-12-01 14:21:36
CUST0152,PROD_S05,Insulated Sports Shaker Bottle,Sports & Fitness,1,499.0,2026-10-04 04:21:36
CUST0414,PROD_H07,Smart LED Desk Lamp with Dimmer,Home & Kitchen,1,1699.0,2026-05-13 08:21:36
CUST0120,PROD_H04,Automatic Espresso Coffee Maker,Home & Kitchen,1,12499.0,2026-05-10 07:21:36
CUST0070,PROD_F13,Designer Silk Scarf,Fashion,1,999.0,2026-01-20 14:21:36
CUST0338,PROD_E17,External Hard Drive 2TB,Electronics,1,5299.0,2025-10-12 00:21:36
CUST0127,PROD_F08,Athletic Workout Leggings,Fashion,1,1199.0,2026-02-25 10:21:36
CUST0199,PROD_B10,Hands-On Machine Learning with Scikit-Learn,Books,1,1450.0,2026-02-23 23:21:36
CUST0314,PROD_E17,External Hard Drive 2TB,Electronics,1,5299.0,2026-08-06 13:21:36
CUST0371,PROD_B05,System Design Interview Guide,Books,1,950.0,2026-03-15 12:21:36
CUST0117,PROD_E10,High-Speed Wi-Fi 6 Router,Electronics,1,3899.0,2025-12-30 17:21:36
CUST0289,PROD_B02,Atomic Habits by James Clear,Books,1,599.0,2025-11-17 03:21:36
CUST0423,PROD_B05,System Design Interview Guide,Books,1,950.0,2026-04-20 20:21:36
CUST0065,PROD_E05,Fast Charging USB-C Power Bank 20000mAh,Electronics,2,1999.0,2026-01-24 20:21:36
CUST0330,PROD_F03,Slim Fit Casual Button-Up Shirt,Fashion,1,1499.0,2025-12-30 06:21:36
CUST0344,PROD_E17,External Hard Drive 2TB,Electronics,1,5299.0,2026-01-12 13:21:36
CUST0319,PROD_S08,Waterproof Cycling Helmet,Sports & Fitness,1,1899.0,2025-10-24 22:21:36
CUST0366,PROD_E04,4K Ultra HD Smart Monitor 27-inch,Electronics,1,18999.0,2025-12-23 16:21:36
CUST0116,PROD_F08,Athletic Workout Leggings,Fashion,1,1199.0,2025-12-02 11:21:36
CUST0447,PROD_H08,Insulated Vacuum Water Bottle 1L,Home & Kitchen,1,699.0,2025-11-17 19:21:36
CUST0042,PROD_B06,Clean Code: Handbook of Software Craftsmanship,Books,1,1100.0,2026-07-11 12:21:36
CUST0427,PROD_S08,Waterproof Cycling Helmet,Sports & Fitness,1,1899.0,2025-12-18 02:21:36
CUST0408,PROD_F09,Waterproof HIKING Boots,Fashion,1,4199.0,2025-12-29 02:21:36
CUST0055,PROD_H08,Insulated Vacuum Water Bottle 1L,Home & Kitchen,1,699.0,2026-08-17 14:21:36
CUST0454,PROD_F09,Waterproof HIKING Boots,Fashion,1,4199.0,2026-06-21 12:21:36
CUST0363,PROD_E17,External Hard Drive 2TB,Electronics,1,5299.0,2025-10-12 23:21:36
CUST0416,PROD_F01,Classic Cotton Denim Jacket,Fashion,1,2199.0,2026-06-08 13:21:36
CUST0032,PROD_H11,Digital Kitchen Weighing Scale,Home & Kitchen,1,599.0,2025-10-20 19:21:36
CUST0063,PROD_B05,System Design Interview Guide,Books,1,950.0,2026-06-30 20:21:36
CUST0260,PROD_S08,Waterproof Cycling Helmet,Sports & Fitness,1,1899.0,2026-02-09 23:21:36
CUST0025,PROD_F04,Polarized UV Protection Sunglasses,Fashion,1,1299.0,2026-03-07 23:21:36
CUST0227,PROD_H13,Stainless Steel Cutlery Set 24-Piece,Home & Kitchen,1,1799.0,2026-02-16 13:21:36
CUST0060,PROD_C03,Vitamin C Facial Cleanser,Beauty & Care,2,499.0,2026-10-04 06:21:36
CUST0457,PROD_S02,Adjustable Dumbbell Set 20kg,Sports & Fitness,1,4599.0,2025-12-20 10:21:36
CUST0277,PROD_E01,Wireless Noise-Canceling Headphones,Electronics,1,2499.0,2026-04-02 20:21:36
CUST0041,PROD_F06,Warm Knit Winter Beanie,Fashion,1,499.0,2026-07-11 10:21:36
CUST0384,PROD_H05,Non-Stick Ceramic Cookware Set 5-Piece,Home & Kitchen,1,3999.0,2026-09-20 09:21:36
CUST0347,PROD_B04,Designing Data-Intensive Applications,Books,1,1250.0,2025-12-09 21:21:36
CUST0424,PROD_F07,Stainless Steel Quartz Wristwatch,Fashion,1,4499.0,2026-03-01 19:21:36
CUST0456,PROD_H03,Memory Foam Orthopedic Pillow,Home & Kitchen,1,1199.0,2026-08-04 00:21:36
CUST0143,PROD_C03,Vitamin C Facial Cleanser,Beauty & Care,1,499.0,2026-08-03 14:21:36
CUST0142,PROD_F08,Athletic Workout Leggings,Fashion,1,1199.0,2026-06-14 07:21:36
CUST0207,PROD_C01,Hydrating Hyaluronic Acid Serum,Beauty & Care,1,899.0,2026-05-12 17:21:36
CUST0443,PROD_F08,Athletic Workout Leggings,Fashion,1,1199.0,2026-02-23 22:21:36
CUST0328,PROD_F03,Slim Fit Casual Button-Up Shirt,Fashion,2,1499.0,2026-09-04 14:21:36
CUST0369,PROD_E14,Smart Plug with Voice Control,Electronics,2,799.0,2026-05-08 16:21:36
CUST0432,PROD_S08,Waterproof Cycling Helmet,Sports & Fitness,1,1899.0,2026-07-07 03:21:36
CUST0284,PROD_B07,Python for Data Analysis,Books,1,850.0,2025-12-17 17:21:36
CUST0121,PROD_H04,Automatic Espresso Coffee Maker,Home & Kitchen,1,12499.0,2026-08-17 22:21:36
CUST0424,PROD_F09,Waterproof HIKING Boots,Fashion,1,4199.0,2026-08-09 08:21:36
CUST0203,PROD_E09,HD Web Camera with Microphone,Electronics,1,2199.0,2026-05-15 03:21:36
CUST0196,PROD_B08,"Thinking, Fast and Slow",Books,1,520.0,2026-02-07 08:21:36
CUST0086,PROD_F06,Warm Knit Winter Beanie,Fashion,1,499.0,2025-12-06 11:21:36
CUST0432,PROD_S03,Resistance Loop Exercise Bands Set,Sports & Fitness,1,699.0,2025-11-24 15:21:36
CUST0255,PROD_F08,Athletic Workout Leggings,Fashion,1,1199.0,2026-03-25 19:21:36
CUST0201,PROD_B05,System Design Interview Guide,Books,1,950.0,2026-05-08 19:21:36
CUST0008,PROD_B08,"Thinking, Fast and Slow",Books,1,520.0,2025-12-20 08:21:36
CUST0047,PROD_H03,Memory Foam Orthopedic Pillow,Home & Kitchen,1,1199.0,2026-01-06 16:21:36
CUST0232,PROD_H12,Microfiber Bed Sheet Set Queen,Home & Kitchen,1,1499.0,2026-04-01 22:21:36
CUST0311,PROD_B04,Designing Data-Intensive Applications,Books,1,1250.0,2025-12-11 16:21:36
CUST0492,PROD_B05,System Design Interview Guide,Books,1,950.0,2026-06-19 02:21:36
CUST0087,PROD_E17,External Hard Drive 2TB,Electronics,1,5299.0,2026-06-24 02:21:36
CUST0467,PROD_E01,Wireless Noise-Canceling Headphones,Electronics,1,2499.0,2026-01-22 11:21:36
CUST0355,PROD_S03,Resistance Loop Exercise Bands Set,Sports & Fitness,1,699.0,2026-09-10 18:21:36
CUST0177,PROD_C06,Gentle Exfoliating Face Scrub,Beauty & Care,1,550.0,2026-04-13 02:21:36
CUST0043,PROD_F08,Athletic Workout Leggings,Fashion,1,1199.0,2026-06-07 11:21:36
CUST0192,PROD_E11,Active Noise Cancelling Earbuds,Electronics,1,3199.0,2026-05-26 03:21:36
CUST0344,PROD_S01,Non-Slip Eco Yoga Mat 6mm,Sports & Fitness,1,1299.0,2026-07-09 13:21:36
CUST0059,PROD_C01,Hydrating Hyaluronic Acid Serum,Beauty & Care,1,899.0,2026-04-15 05:21:36
CUST0494,PROD_E17,External Hard Drive 2TB,Electronics,1,5299.0,2025-10-06 02:21:36
CUST0108,PROD_S02,Adjustable Dumbbell Set 20kg,Sports & Fitness,1,4599.0,2026-01-22 06:21:36
CUST0445,PROD_C05,Organic Argan Oil Hair Treatment,Beauty & Care,1,750.0,2026-06-11 23:21:36
CUST0008,PROD_E02,Mechanical Gaming Keyboard,Electronics,1,3499.0,2026-05-08 11:21:36
CUST0175,PROD_F08,Athletic Workout Leggings,Fashion,1,1199.0,2026-03-14 22:21:36
CUST0082,PROD_F12,Hooded Fleece Sweatshirt,Fashion,1,1899.0,2026-01-25 19:21:36
CUST0332,PROD_F09,Waterproof HIKING Boots,Fashion,2,4199.0,2026-07-17 03:21:36
CUST0202,PROD_C03,Vitamin C Facial Cleanser,Beauty & Care,1,499.0,2026-05-03 13:21:36
CUST0118,PROD_C07,Natural Charcoal Detox Mask,Beauty & Care,1,699.0,2025-12-28 00:21:36
CUST0155,PROD_B05,System Design Interview Guide,Books,1,950.0,2026-09-20 02:21:36
CUST0258,PROD_C06,Gentle Exfoliating Face Scrub,Beauty & Care,1,550.0,2026-05-27 19:21:36
CUST0311,PROD_B10,Hands-On Machine Learning with Scikit-Learn,Books,2,1450.0,2025-12-06 11:21:36
CUST0127,PROD_F07,Stainless Steel Quartz Wristwatch,Fashion,1,4499.0,2026-07-26 15:21:36
CUST0438,PROD_H09,Aromatherapy Essential Oil Diffuser,Home & Kitchen,1,1299.0,2025-12-17 15:21:36
CUST0486,PROD_H12,Microfiber Bed Sheet Set Queen,Home & Kitchen,1,1499.0,2026-04-18 06:21:36
CUST0335,PROD_E16,Internal SSD 1TB NVMe,Electronics,1,6499.0,2026-03-14 16:21:36
CUST0100,PROD_S08,Waterproof Cycling Helmet,Sports & Fitness,1,1899.0,2026-03-09 23:21:36
CUST0007,PROD_B08,"Thinking, Fast and Slow",Books,1,520.0,2025-11-21 14:21:36
CUST0275,PROD_C04,Sonic Electric Toothbrush,Beauty & Care,1,2299.0,2026-02-08 05:21:36
CUST0305,PROD_S08,Waterproof Cycling Helmet,Sports & Fitness,1,1899.0,2026-03-30 14:21:36
CUST0440,PROD_H12,Microfiber Bed Sheet Set Queen,Home & Kitchen,1,1499.0,2026-10-05 12:21:36
CUST0325,PROD_B08,"Thinking, Fast and Slow",Books,1,520.0,2025-12-19 07:21:36
CUST0260,PROD_E14,Smart Plug with Voice Control,Electronics,1,799.0,2026-05-27 13:21:36
CUST0306,PROD_H13,Stainless Steel Cutlery Set 24-Piece,Home & Kitchen,1,1799.0,2025-11-04 04:21:36
CUST0485,PROD_H04,Automatic Espresso Coffee Maker,Home & Kitchen,1,12499.0,2025-11-09 17:21:36
CUST0134,PROD_B09,Zero to One by Peter Thiel,Books,3,480.0,2025-12-21 09:21:36
CUST0126,PROD_C05,Organic Argan Oil Hair Treatment,Beauty & Care,2,750.0,2026-07-09 22:21:36
CUST0069,PROD_H01,Stainless Steel Electric Kettle 1.8L,Home & Kitchen,1,1399.0,2026-10-05 16:21:36
CUST0309,PROD_H11,Digital Kitchen Weighing Scale,Home & Kitchen,1,599.0,2026-01-22 13:21:36
CUST0250,PROD_C06,Gentle Exfoliating Face Scrub,Beauty & Care,1,550.0,2025-10-26 06:21:36
CUST0139,PROD_B03,The Psychology of Money,Books,1,450.0,2026-07-11 21:21:36
CUST0397,PROD_B04,Designing Data-Intensive Applications,Books,1,1250.0,2026-07-04 21:21:36
CUST0252,PROD_B06,Clean Code: Handbook of Software Craftsmanship,Books,1,1100.0,2026-06-12 13:21:36
CUST0165,PROD_F01,Classic Cotton Denim Jacket,Fashion,1,2199.0,2026-01-13 22:21:36
CUST0374,PROD_B05,System Design Interview Guide,Books,1,950.0,2026-08-11 07:21:36
CUST0047,PROD_E17,External Hard Drive 2TB,Electronics,1,5299.0,2025-10-10 11:21:36
CUST0184,PROD_F14,Water-Resistant Travel Backpack,Fashion,1,2399.0,2025-12-14 11:21:36
CUST0371,PROD_S08,Waterproof Cycling Helmet,Sports & Fitness,1,1899.0,2026-08-09 00:21:36
CUST0183,PROD_B06,Clean Code: Handbook of Software Craftsmanship,Books,1,1100.0,2026-05-09 17:21:36
CUST0399,PROD_E17,External Hard Drive 2TB,Electronics,1,5299.0,2026-05-12 12:21:36
CUST0092,PROD_C01,Hydrating Hyaluronic Acid Serum,Beauty & Care,1,899.0,2026-10-04 21:21:36
CUST0048,PROD_E10,High-Speed Wi-Fi 6 Router,Electronics,1,3899.0,2026-09-07 11:21:36
CUST0225,PROD_E10,High-Speed Wi-Fi 6 Router,Electronics,1,3899.0,2026-08-26 07:21:36
CUST0431,PROD_C07,Natural Charcoal Detox Mask,Beauty & Care,1,699.0,2026-01-27 16:21:36
CUST0349,PROD_B03,The Psychology of Money,Books,1,450.0,2026-07-30 15:21:36
CUST0464,PROD_F12,Hooded Fleece Sweatshirt,Fashion,1,1899.0,2026-07-18 09:21:36
CUST0163,PROD_B05,System Design Interview Guide,Books,1,950.0,2026-08-28 01:21:36
CUST0067,PROD_C06,Gentle Exfoliating Face Scrub,Beauty & Care,1,550.0,2025-11-11 07:21:36
CUST0232,PROD_C06,Gentle Exfoliating Face Scrub,Beauty & Care,1,550.0,2026-06-18 22:21:36
CUST0035,PROD_F08,Athletic Workout Leggings,Fashion,1,1199.0,2026-07-22 08:21:36
CUST0462,PROD_C06,Gentle Exfoliating Face Scrub,Beauty & Care,1,550.0,2025-12-18 21:21:36
CUST0072,PROD_F12,Hooded Fleece Sweatshirt,Fashion,1,1899.0,2026-07-22 07:21:36
CUST0061,PROD_C06,Gentle Exfoliating Face Scrub,Beauty & Care,1,550.0,2026-02-27 17:21:36
CUST0162,PROD_B08,"Thinking, Fast and Slow",Books,1,520.0,2025-10-18 18:21:36
CUST0111,PROD_B02,Atomic Habits by James Clear,Books,1,599.0,2026-05-08 08:21:36
CUST0120,PROD_C03,Vitamin C Facial Cleanser,Beauty & Care,1,499.0,2026-05-24 15:21:36
CUST0295,PROD_E09,HD Web Camera with Microphone,Electronics,1,2199.0,2026-07-01 15:21:36
CUST0403,PROD_E17,External Hard Drive 2TB,Electronics,1,5299.0,2025-11-06 04:21:36
CUST0010,PROD_B05,System Design Interview Guide,Books,1,950.0,2025-10-19 12:21:36
CUST0412,PROD_C05,Organic Argan Oil Hair Treatment,Beauty & Care,1,750.0,2025-10-26 22:21:36
CUST0205,PROD_B10,Hands-On Machine Learning with Scikit-Learn,Books,1,1450.0,2026-07-22 12:21:36
CUST0248,PROD_S03,Resistance Loop Exercise Bands Set,Sports & Fitness,1,699.0,2025-11-23 09:21:36
CUST0441,PROD_S02,Adjustable Dumbbell Set 20kg,Sports & Fitness,1,4599.0,2026-07-06 16:21:36
CUST0294,PROD_B05,System Design Interview Guide,Books,1,950.0,2026-08-26 06:21:36
CUST0377,PROD_H12,Microfiber Bed Sheet Set Queen,Home & Kitchen,1,1499.0,2025-12-09 05:21:36
CUST0147,PROD_C02,SPF 50 Broad Spectrum Sunscreen,Beauty & Care,1,649.0,2026-01-13 12:21:36
CUST0399,PROD_H11,Digital Kitchen Weighing Scale,Home & Kitchen,1,599.0,2025-11-30 06:21:36
CUST0179,PROD_F10,Formal Leather Belt Black,Fashion,1,799.0,2026-08-17 18:21:36
CUST0439,PROD_C07,Natural Charcoal Detox Mask,Beauty & Care,1,699.0,2026-05-28 07:21:36
CUST0101,PROD_C01,Hydrating Hyaluronic Acid Serum,Beauty & Care,2,899.0,2026-07-13 03:21:36
CUST0021,PROD_S03,Resistance Loop Exercise Bands Set,Sports & Fitness,1,699.0,2026-07-30 11:21:36
CUST0101,PROD_S07,Breathable Weightlifting Gloves,Sports & Fitness,1,599.0,2025-11-14 21:21:36
CUST0303,PROD_B03,The Psychology of Money,Books,1,450.0,2025-10-18 12:21:36
CUST0229,PROD_C07,Natural Charcoal Detox Mask,Beauty & Care,1,699.0,2026-08-30 00:21:36
CUST0459,PROD_B05,System Design Interview Guide,Books,1,950.0,2026-09-13 07:21:36
CUST0237,PROD_S08,Waterproof Cycling Helmet,Sports & Fitness,2,1899.0,2026-07-24 12:21:36
CUST0003,PROD_B05,System Design Interview Guide,Books,1,950.0,2026-08-11 16:21:36
CUST0065,PROD_F08,Athletic Workout Leggings,Fashion,1,1199.0,2026-08-14 11:21:36
CUST0118,PROD_B05,System Design Interview Guide,Books,1,950.0,2025-12-18 08:21:36
CUST0013,PROD_F08,Athletic Workout Leggings,Fashion,1,1199.0,2026-09-06 22:21:36
CUST0398,PROD_H09,Aromatherapy Essential Oil Diffuser,Home & Kitchen,1,1299.0,2026-01-15 11:21:36
CUST0268,PROD_H08,Insulated Vacuum Water Bottle 1L,Home & Kitchen,1,699.0,2026-05-21 00:21:36
CUST0321,PROD_B01,Deep Learning Foundations & Applications,Books,1,899.0,2026-04-09 06:21:36
CUST0283,PROD_S02,Adjustable Dumbbell Set 20kg,Sports & Fitness,1,4599.0,2026-05-15 03:21:36
CUST0162,PROD_H07,Smart LED Desk Lamp with Dimmer,Home & Kitchen,1,1699.0,2026-03-06 19:21:36
CUST0055,PROD_H04,Automatic Espresso Coffee Maker,Home & Kitchen,1,12499.0,2025-10-17 10:21:36
CUST0208,PROD_C04,Sonic Electric Toothbrush,Beauty & Care,1,2299.0,2026-05-21 09:21:36
CUST0307,PROD_F11,Comfortable Canvas Slip-Ons,Fashion,1,1599.0,2026-05-10 18:21:36
CUST0456,PROD_H11,Digital Kitchen Weighing Scale,Home & Kitchen,1,599.0,2026-04-18 03:21:36
CUST0157,PROD_B07,Python for Data Analysis,Books,1,850.0,2025-10-09 02:21:36
CUST0393,PROD_F08,Athletic Workout Leggings,Fashion,3,1199.0,2026-09-01 09:21:36
CUST0288,PROD_B09,Zero to One by Peter Thiel,Books,1,480.0,2026-01-03 06:21:36
CUST0199,PROD_B10,Hands-On Machine Learning with Scikit-Learn,Books,1,1450.0,2026-08-02 13:21:36
CUST0267,PROD_B05,System Design Interview Guide,Books,2,950.0,2026-09-21 05:21:36
CUST0491,PROD_S08,Waterproof Cycling Helmet,Sports & Fitness,1,1899.0,2026-04-11 09:21:36
CUST0159,PROD_E10,High-Speed Wi-Fi 6 Router,Electronics,1,3899.0,2025-10-10 14:21:36
CUST0308,PROD_H08,Insulated Vacuum Water Bottle 1L,Home & Kitchen,1,699.0,2026-05-19 09:21:36
CUST0224,PROD_E14,Smart Plug with Voice Control,Electronics,1,799.0,2026-07-26 16:21:36
CUST0446,PROD_S02,Adjustable Dumbbell Set 20kg,Sports & Fitness,1,4599.0,2026-05-15 21:21:36
CUST0478,PROD_B03,The Psychology of Money,Books,1,450.0,2026-01-20 19:21:36
CUST0209,PROD_C03,Vitamin C Facial Cleanser,Beauty & Care,1,499.0,2026-03-10 06:21:36
CUST0070,PROD_F04,Polarized UV Protection Sunglasses,Fashion,2,1299.0,2025-11-22 18:21:36
CUST0320,PROD_B05,System Design Interview Guide,Books,1,950.0,2026-09-27 12:21:36
CUST0019,PROD_H06,Robot Vacuum Cleaner with Mop,Home & Kitchen,1,15999.0,2026-03-08 00:21:36
CUST0260,PROD_B10,Hands-On Machine Learning with Scikit-Learn,Books,1,1450.0,2026-07-05 05:21:36
CUST0299,PROD_F02,Breathable Running Sneakers,Fashion,2,3299.0,2025-10-13 07:21:36
CUST0362,PROD_S08,Waterproof Cycling Helmet,Sports & Fitness,1,1899.0,2026-01-06 19:21:36
CUST0427,PROD_F03,Slim Fit Casual Button-Up Shirt,Fashion,1,1499.0,2026-09-12 16:21:36
CUST0044,PROD_B10,Hands-On Machine Learning with Scikit-Learn,Books,1,1450.0,2026-03-10 04:21:36
CUST0255,PROD_H08,Insulated Vacuum Water Bottle 1L,Home & Kitchen,1,699.0,2026-09-29 20:21:36
CUST0055,PROD_E16,Internal SSD 1TB NVMe,Electronics,1,6499.0,2026-09-18 21:21:36
CUST0364,PROD_E17,External Hard Drive 2TB,Electronics,1,5299.0,2026-06-10 17:21:36
CUST0155,PROD_B04,Designing Data-Intensive Applications,Books,1,1250.0,2026-08-28 11:21:36
CUST0323,PROD_E03,Ergonomic Wireless Mouse,Electronics,1,1299.0,2026-09-29 08:21:36
CUST0017,PROD_F08,Athletic Workout Leggings,Fashion,1,1199.0,2026-01-04 12:21:36
CUST0324,PROD_S02,Adjustable Dumbbell Set 20kg,Sports & Fitness,1,4599.0,2026-01-29 17:21:36
CUST0266,PROD_B10,Hands-On Machine Learning with Scikit-Learn,Books,1,1450.0,2026-04-16 11:21:36
CUST0278,PROD_F08,Athletic Workout Leggings,Fashion,2,1199.0,2026-04-20 05:21:36
CUST0312,PROD_S03,Resistance Loop Exercise Bands Set,Sports & Fitness,1,699.0,2026-01-22 01:21:36
CUST0303,PROD_C07,Natural Charcoal Detox Mask,Beauty & Care,1,699.0,2026-02-14 17:21:36
CUST0362,PROD_B05,System Design Interview Guide,Books,1,950.0,2025-11-15 10:21:36
CUST0147,PROD_C06,Gentle Exfoliating Face Scrub,Beauty & Care,1,550.0,2026-08-25 09:21:36
CUST0483,PROD_S03,Resistance Loop Exercise Bands Set,Sports & Fitness,1,699.0,2026-07-15 02:21:36
CUST0447,PROD_H02,Digital Air Fryer 4.5L,Home & Kitchen,1,5999.0,2025-10-29 04:21:36
CUST0004,PROD_S01,Non-Slip Eco Yoga Mat 6mm,Sports & Fitness,1,1299.0,2026-04-04 18:21:36
CUST0116,PROD_H05,Non-Stick Ceramic Cookware Set 5-Piece,Home & Kitchen,1,3999.0,2026-04-04 03:21:36
CUST0313,PROD_E06,Smart Fitness Watch Series 5,Electronics,1,4999.0,2026-02-20 02:21:36
CUST0391,PROD_E03,Ergonomic Wireless Mouse,Electronics,1,1299.0,2026-09-12 09:21:36
CUST0452,PROD_F06,Warm Knit Winter Beanie,Fashion,1,499.0,2026-06-01 03:21:36
CUST0453,PROD_B05,System Design Interview Guide,Books,1,950.0,2026-09-27 10:21:36
CUST0411,PROD_B09,Zero to One by Peter Thiel,Books,1,480.0,2025-11-21 16:21:36
CUST0228,PROD_B10,Hands-On Machine Learning with Scikit-Learn,Books,1,1450.0,2026-03-03 02:21:36
CUST0241,PROD_F07,Stainless Steel Quartz Wristwatch,Fashion,1,4499.0,2026-04-24 20:21:36
CUST0255,PROD_H01,Stainless Steel Electric Kettle 1.8L,Home & Kitchen,2,1399.0,2025-10-15 16:21:36
CUST0273,PROD_H04,Automatic Espresso Coffee Maker,Home & Kitchen,1,12499.0,2026-02-05 15:21:36
CUST0357,PROD_S01,Non-Slip Eco Yoga Mat 6mm,Sports & Fitness,1,1299.0,2025-11-24 22:21:36
CUST0081,PROD_C06,Gentle Exfoliating Face Scrub,Beauty & Care,1,550.0,2026-01-09 01:21:36
CUST0379,PROD_E17,External Hard Drive 2TB,Electronics,1,5299.0,2026-02-08 11:21:36
CUST0418,PROD_F06,Warm Knit Winter Beanie,Fashion,1,499.0,2026-06-24 14:21:36
CUST0308,PROD_H01,Stainless Steel Electric Kettle 1.8L,Home & Kitchen,1,1399.0,2025-12-20 10:21:36
CUST0175,PROD_B01,Deep Learning Foundations & Applications,Books,1,899.0,2026-07-02 22:21:36
CUST0032,PROD_H04,Automatic Espresso Coffee Maker,Home & Kitchen,1,12499.0,2026-09-09 05:21:36
CUST0372,PROD_S06,Speed Jump Rope with Ball Bearings,Sports & Fitness,1,399.0,2026-07-01 20:21:36
CUST0189,PROD_B08,"Thinking, Fast and Slow",Books,1,520.0,2026-09-09 00:21:36
CUST0377,PROD_H08,Insulated Vacuum Water Bottle 1L,Home & Kitchen,1,699.0,2026-04-15 23:21:36
CUST0283,PROD_S08,Waterproof Cycling Helmet,Sports & Fitness,1,1899.0,2026-08-20 21:21:36
CUST0147,PROD_C03,Vitamin C Facial Cleanser,Beauty & Care,1,499.0,2026-01-02 14:21:36
CUST0095,PROD_C07,Natural Charcoal Detox Mask,Beauty & Care,1,699.0,2025-10-27 13:21:36
CUST0313,PROD_F08,Athletic Workout Leggings,Fashion,1,1199.0,2026-01-27 10:21:36
CUST0083,PROD_C04,Sonic Electric Toothbrush,Beauty & Care,1,2299.0,2026-02-05 19:21:36
CUST0113,PROD_B05,System Design Interview Guide,Books,1,950.0,2026-07-15 06:21:36
CUST0401,PROD_H11,Digital Kitchen Weighing Scale,Home & Kitchen,1,599.0,2025-12-13 16:21:36
CUST0376,PROD_F08,Athletic Workout Leggings,Fashion,1,1199.0,2025-10-24 16:21:36
CUST0197,PROD_H07,Smart LED Desk Lamp with Dimmer,Home & Kitchen,2,1699.0,2026-02-23 14:21:36
CUST0182,PROD_E17,External Hard Drive 2TB,Electronics,1,5299.0,2026-02-10 16:21:36
CUST0477,PROD_F13,Designer Silk Scarf,Fashion,1,999.0,2026-08-20 04:21:36
CUST0361,PROD_E10,High-Speed Wi-Fi 6 Router,Electronics,1,3899.0,2025-10-21 20:21:36
CUST0006,PROD_H12,Microfiber Bed Sheet Set Queen,Home & Kitchen,1,1499.0,2025-12-26 14:21:36
CUST0425,PROD_E17,External Hard Drive 2TB,Electronics,1,5299.0,2026-06-27 20:21:36
CUST0345,PROD_B05,System Design Interview Guide,Books,1,950.0,2026-03-20 16:21:36
CUST0154,PROD_S07,Breathable Weightlifting Gloves,Sports & Fitness,1,599.0,2026-05-23 14:21:36
CUST0475,PROD_S04,High-Density Foam Muscle Roller,Sports & Fitness,1,899.0,2025-12-27 21:21:36
CUST0367,PROD_B05,System Design Interview Guide,Books,1,950.0,2026-08-24 00:21:36
CUST0207,PROD_C01,Hydrating Hyaluronic Acid Serum,Beauty & Care,1,899.0,2025-11-22 00:21:36
CUST0233,PROD_B02,Atomic Habits by James Clear,Books,1,599.0,2025-12-09 13:21:36
CUST0154,PROD_S05,Insulated Sports Shaker Bottle,Sports & Fitness,2,499.0,2026-03-04 13:21:36
CUST0048,PROD_C08,Rechargeable Facial Cleansing Brush,Beauty & Care,1,1499.0,2026-01-11 07:21:36
CUST0284,PROD_B04,Designing Data-Intensive Applications,Books,2,1250.0,2026-02-18 22:21:36
CUST0083,PROD_H09,Aromatherapy Essential Oil Diffuser,Home & Kitchen,1,1299.0,2026-01-19 00:21:36
CUST0176,PROD_B04,Designing Data-Intensive Applications,Books,1,1250.0,2026-03-31 21:21:36
CUST0244,PROD_S05,Insulated Sports Shaker Bottle,Sports & Fitness,1,499.0,2026-07-02 22:21:36
CUST0093,PROD_H11,Digital Kitchen Weighing Scale,Home & Kitchen,1,599.0,2026-06-10 11:21:36
CUST0043,PROD_S02,Adjustable Dumbbell Set 20kg,Sports & Fitness,1,4599.0,2026-03-22 01:21:36
CUST0369,PROD_E10,High-Speed Wi-Fi 6 Router,Electronics,2,3899.0,2025-12-06 19:21:36
CUST0366,PROD_S08,Waterproof Cycling Helmet,Sports & Fitness,2,1899.0,2026-04-26 12:21:36
CUST0451,PROD_B01,Deep Learning Foundations & Applications,Books,1,899.0,2026-09-08 10:21:36
CUST0138,PROD_H06,Robot Vacuum Cleaner with Mop,Home & Kitchen,1,15999.0,2026-08-20 07:21:36
CUST0174,PROD_F06,Warm Knit Winter Beanie,Fashion,1,499.0,2026-01-04 08:21:36
CUST0264,PROD_B10,Hands-On Machine Learning with Scikit-Learn,Books,1,1450.0,2026-01-20 01:21:36
CUST0369,PROD_S05,Insulated Sports Shaker Bottle,Sports & Fitness,1,499.0,2026-09-08 18:21:36
CUST0187,PROD_S05,Insulated Sports Shaker Bottle,Sports & Fitness,1,499.0,2026-02-05 00:21:36
CUST0168,PROD_C04,Sonic Electric Toothbrush,Beauty & Care,1,2299.0,2026-09-05 12:21:36
CUST0354,PROD_F11,Comfortable Canvas Slip-Ons,Fashion,1,1599.0,2026-04-27 22:21:36
CUST0214,PROD_E11,Active Noise Cancelling Earbuds,Electronics,1,3199.0,2026-08-25 09:21:36
CUST0129,PROD_H10,Bamboo Cutting Board Set,Home & Kitchen,1,899.0,2026-01-15 00:21:36
CUST0341,PROD_E05,Fast Charging USB-C Power Bank 20000mAh,Electronics,1,1999.0,2026-09-18 15:21:36
CUST0242,PROD_C06,Gentle Exfoliating Face Scrub,Beauty & Care,1,550.0,2026-07-22 22:21:36
CUST0069,PROD_H12,Microfiber Bed Sheet Set Queen,Home & Kitchen,1,1499.0,2026-08-13 04:21:36
CUST0023,PROD_C05,Organic Argan Oil Hair Treatment,Beauty & Care,1,750.0,2025-11-26 18:21:36
CUST0153,PROD_F06,Warm Knit Winter Beanie,Fashion,1,499.0,2025-11-10 08:21:36
CUST0490,PROD_E07,Portable Bluetooth Speaker 20W,Electronics,1,2999.0,2026-05-06 03:21:36
CUST0006,PROD_H03,Memory Foam Orthopedic Pillow,Home & Kitchen,1,1199.0,2026-01-30 23:21:36
CUST0426,PROD_H01,Stainless Steel Electric Kettle 1.8L,Home & Kitchen,1,1399.0,2026-08-14 16:21:36
CUST0457,PROD_S05,Insulated Sports Shaker Bottle,Sports & Fitness,1,499.0,2026-03-14 08:21:36
CUST0372,PROD_S07,Breathable Weightlifting Gloves,Sports & Fitness,1,599.0,2026-06-09 02:21:36
CUST0085,PROD_B10,Hands-On Machine Learning with Scikit-Learn,Books,1,1450.0,2026-03-04 16:21:36
CUST0289,PROD_B10,Hands-On Machine Learning with Scikit-Learn,Books,1,1450.0,2026-02-04 04:21:36
CUST0495,PROD_S04,High-Density Foam Muscle Roller,Sports & Fitness,1,899.0,2026-05-27 05:21:36
CUST0206,PROD_H06,Robot Vacuum Cleaner with Mop,Home & Kitchen,1,15999.0,2026-01-31 09:21:36
CUST0382,PROD_B05,System Design Interview Guide,Books,1,950.0,2026-03-28 19:21:36
CUST0446,PROD_B05,System Design Interview Guide,Books,1,950.0,2026-09-24 13:21:36
CUST0141,PROD_B05,System Design Interview Guide,Books,1,950.0,2026-04-28 10:21:36
CUST0433,PROD_E07,Portable Bluetooth Speaker 20W,Electronics,1,2999.0,2026-07-14 11:21:36
CUST0071,PROD_F10,Formal Leather Belt Black,Fashion,1,799.0,2025-10-12 11:21:36
CUST0103,PROD_E17,External Hard Drive 2TB,Electronics,1,5299.0,2026-03-24 21:21:36
CUST0207,PROD_F06,Warm Knit Winter Beanie,Fashion,1,499.0,2026-02-26 16:21:36
CUST0156,PROD_B10,Hands-On Machine Learning with Scikit-Learn,Books,1,1450.0,2025-12-30 10:21:36
CUST0425,PROD_E09,HD Web Camera with Microphone,Electronics,1,2199.0,2026-09-09 13:21:36
CUST0450,PROD_F03,Slim Fit Casual Button-Up Shirt,Fashion,1,1499.0,2025-11-04 02:21:36
CUST0146,PROD_F06,Warm Knit Winter Beanie,Fashion,1,499.0,2025-10-27 00:21:36
CUST0204,PROD_F08,Athletic Workout Leggings,Fashion,2,1199.0,2026-05-13 14:21:36
CUST0313,PROD_H12,Microfiber Bed Sheet Set Queen,Home & Kitchen,1,1499.0,2026-09-05 14:21:36
CUST0448,PROD_E09,HD Web Camera with Microphone,Electronics,1,2199.0,2025-10-08 16:21:36
CUST0206,PROD_H11,Digital Kitchen Weighing Scale,Home & Kitchen,1,599.0,2026-02-14 14:21:36
CUST0331,PROD_B08,"Thinking, Fast and Slow",Books,1,520.0,2026-05-27 20:21:36
CUST0062,PROD_H04,Automatic Espresso Coffee Maker,Home & Kitchen,1,12499.0,2026-08-18 18:21:36
CUST0207,PROD_C04,Sonic Electric Toothbrush,Beauty & Care,1,2299.0,2026-06-11 23:21:36
CUST0368,PROD_C04,Sonic Electric Toothbrush,Beauty & Care,1,2299.0,2026-05-01 21:21:36
CUST0485,PROD_E12,Aluminum Laptop Cooling Pad,Electronics,1,1499.0,2025-12-15 03:21:36
CUST0383,PROD_B10,Hands-On Machine Learning with Scikit-Learn,Books,2,1450.0,2026-05-07 21:21:36
CUST0277,PROD_S02,Adjustable Dumbbell Set 20kg,Sports & Fitness,1,4599.0,2025-12-06 04:21:36
CUST0332,PROD_F13,Designer Silk Scarf,Fashion,1,999.0,2025-10-21 02:21:36
CUST0104,PROD_E08,Multi-Port USB Hub Type-C,Electronics,1,899.0,2026-01-07 06:21:36
CUST0138,PROD_F01,Classic Cotton Denim Jacket,Fashion,1,2199.0,2026-04-01 06:21:36
CUST0371,PROD_B05,System Design Interview Guide,Books,1,950.0,2025-12-06 00:21:36
CUST0239,PROD_H03,Memory Foam Orthopedic Pillow,Home & Kitchen,1,1199.0,2026-02-11 07:21:36
CUST0480,PROD_C02,SPF 50 Broad Spectrum Sunscreen,Beauty & Care,1,649.0,2026-09-26 01:21:36
CUST0278,PROD_H05,Non-Stick Ceramic Cookware Set 5-Piece,Home & Kitchen,1,3999.0,2026-07-11 17:21:36
CUST0326,PROD_C01,Hydrating Hyaluronic Acid Serum,Beauty & Care,1,899.0,2026-03-15 02:21:36
CUST0257,PROD_B06,Clean Code: Handbook of Software Craftsmanship,Books,1,1100.0,2026-01-08 21:21:36
CUST0079,PROD_C08,Rechargeable Facial Cleansing Brush,Beauty & Care,1,1499.0,2026-03-30 00:21:36
CUST0217,PROD_S02,Adjustable Dumbbell Set 20kg,Sports & Fitness,1,4599.0,2026-01-17 07:21:36
CUST0230,PROD_H08,Insulated Vacuum Water Bottle 1L,Home & Kitchen,1,699.0,2026-04-05 00:21:36
CUST0176,PROD_S02,Adjustable Dumbbell Set 20kg,Sports & Fitness,2,4599.0,2026-01-04 04:21:36
CUST0451,PROD_F08,Athletic Workout Leggings,Fashion,1,1199.0,2026-06-15 07:21:36
CUST0369,PROD_S02,Adjustable Dumbbell Set 20kg,Sports & Fitness,1,4599.0,2026-08-05 15:21:36
CUST0291,PROD_F14,Water-Resistant Travel Backpack,Fashion,2,2399.0,2026-09-26 17:21:36
CUST0207,PROD_C02,SPF 50 Broad Spectrum Sunscreen,Beauty & Care,1,649.0,2026-04-30 23:21:36
CUST0341,PROD_E04,4K Ultra HD Smart Monitor 27-inch,Electronics,3,18999.0,2025-10-24 05:21:36
CUST0450,PROD_H06,Robot Vacuum Cleaner with Mop,Home & Kitchen,1,15999.0,2026-05-04 17:21:36
CUST0408,PROD_F02,Breathable Running Sneakers,Fashion,1,3299.0,2026-04-19 23:21:36
CUST0051,PROD_F02,Breathable Running Sneakers,Fashion,1,3299.0,2026-01-26 04:21:36
CUST0468,PROD_B04,Designing Data-Intensive Applications,Books,2,1250.0,2026-04-12 12:21:36
CUST0155,PROD_H04,Automatic Espresso Coffee Maker,Home & Kitchen,2,12499.0,2026-07-09 06:21:36
CUST0133,PROD_F11,Comfortable Canvas Slip-Ons,Fashion,1,1599.0,2026-04-05 04:21:36
CUST0406,PROD_C08,Rechargeable Facial Cleansing Brush,Beauty & Care,1,1499.0,2026-04-16 09:21:36
CUST0104,PROD_H12,Microfiber Bed Sheet Set Queen,Home & Kitchen,1,1499.0,2026-01-06 08:21:36
CUST0142,PROD_H02,Digital Air Fryer 4.5L,Home & Kitchen,1,5999.0,2025-12-03 05:21:36
CUST0207,PROD_C04,Sonic Electric Toothbrush,Beauty & Care,2,2299.0,2026-02-13 18:21:36
CUST0090,PROD_S05,Insulated Sports Shaker Bottle,Sports & Fitness,1,499.0,2026-05-22 20:21:36
CUST0292,PROD_E11,Active Noise Cancelling Earbuds,Electronics,1,3199.0,2026-07-31 16:21:36
CUST0148,PROD_S08,Waterproof Cycling Helmet,Sports & Fitness,1,1899.0,2026-05-02 14:21:36
CUST0116,PROD_H11,Digital Kitchen Weighing Scale,Home & Kitchen,1,599.0,2025-11-19 09:21:36
CUST0440,PROD_F05,Genuine Leather Crossbody Bag,Fashion,1,2799.0,2026-06-18 03:21:36
CUST0419,PROD_F05,Genuine Leather Crossbody Bag,Fashion,1,2799.0,2026-06-01 17:21:36
CUST0313,PROD_E14,Smart Plug with Voice Control,Electronics,1,799.0,2026-05-24 15:21:36
CUST0119,PROD_E17,External Hard Drive 2TB,Electronics,1,5299.0,2026-09-20 13:21:36
CUST0494,PROD_C02,SPF 50 Broad Spectrum Sunscreen,Beauty & Care,1,649.0,2025-12-01 20:21:36
CUST0251,PROD_C06,Gentle Exfoliating Face Scrub,Beauty & Care,2,550.0,2025-11-26 09:21:36
CUST0485,PROD_E05,Fast Charging USB-C Power Bank 20000mAh,Electronics,1,1999.0,2026-07-28 02:21:36
CUST0296,PROD_C07,Natural Charcoal Detox Mask,Beauty & Care,1,699.0,2026-01-23 02:21:36
CUST0093,PROD_H12,Microfiber Bed Sheet Set Queen,Home & Kitchen,1,1499.0,2025-11-02 11:21:36
CUST0420,PROD_E10,High-Speed Wi-Fi 6 Router,Electronics,1,3899.0,2025-12-29 22:21:36
CUST0223,PROD_E11,Active Noise Cancelling Earbuds,Electronics,3,3199.0,2026-07-09 20:21:36
CUST0031,PROD_B05,System Design Interview Guide,Books,1,950.0,2026-06-28 02:21:36
CUST0128,PROD_B03,The Psychology of Money,Books,1,450.0,2026-08-17 17:21:36
CUST0145,PROD_B10,Hands-On Machine Learning with Scikit-Learn,Books,1,1450.0,2026-01-19 15:21:36
CUST0184,PROD_F06,Warm Knit Winter Beanie,Fashion,1,499.0,2026-03-30 12:21:36
CUST0371,PROD_B05,System Design Interview Guide,Books,1,950.0,2026-08-20 17:21:36
CUST0167,PROD_F09,Waterproof HIKING Boots,Fashion,2,4199.0,2026-05-11 15:21:36
CUST0082,PROD_F09,Waterproof HIKING Boots,Fashion,1,4199.0,2025-11-12 13:21:36
CUST0444,PROD_B03,The Psychology of Money,Books,1,450.0,2026-07-26 22:21:36
CUST0187,PROD_E17,External Hard Drive 2TB,Electronics,1,5299.0,2026-09-07 11:21:36
CUST0229,PROD_C05,Organic Argan Oil Hair Treatment,Beauty & Care,1,750.0,2026-09-16 08:21:36
CUST0095,PROD_C04,Sonic Electric Toothbrush,Beauty & Care,1,2299.0,2026-07-13 07:21:36
CUST0160,PROD_C07,Natural Charcoal Detox Mask,Beauty & Care,1,699.0,2026-05-13 15:21:36
CUST0222,PROD_B03,The Psychology of Money,Books,1,450.0,2026-05-01 16:21:36
CUST0096,PROD_S08,Waterproof Cycling Helmet,Sports & Fitness,1,1899.0,2026-04-08 00:21:36
CUST0206,PROD_H10,Bamboo Cutting Board Set,Home & Kitchen,1,899.0,2026-04-10 06:21:36
CUST0177,PROD_B05,System Design Interview Guide,Books,1,950.0,2026-08-09 03:21:36
CUST0287,PROD_B10,Hands-On Machine Learning with Scikit-Learn,Books,1,1450.0,2025-10-18 07:21:36
CUST0127,PROD_F01,Classic Cotton Denim Jacket,Fashion,1,2199.0,2026-04-28 11:21:36
CUST0438,PROD_S01,Non-Slip Eco Yoga Mat 6mm,Sports & Fitness,1,1299.0,2026-07-05 18:21:36
CUST0058,PROD_C03,Vitamin C Facial Cleanser,Beauty & Care,1,499.0,2026-03-28 02:21:36
CUST0264,PROD_C03,Vitamin C Facial Cleanser,Beauty & Care,1,499.0,2026-05-22 11:21:36
CUST0156,PROD_F01,Classic Cotton Denim Jacket,Fashion,1,2199.0,2026-05-03 11:21:36
CUST0286,PROD_C01,Hydrating Hyaluronic Acid Serum,Beauty & Care,1,899.0,2026-01-07 12:21:36
CUST0269,PROD_C01,Hydrating Hyaluronic Acid Serum,Beauty & Care,1,899.0,2026-09-07 02:21:36
CUST0467,PROD_E09,HD Web Camera with Microphone,Electronics,1,2199.0,2026-10-04 15:21:36
CUST0471,PROD_E01,Wireless Noise-Canceling Headphones,Electronics,1,2499.0,2026-02-19 16:21:36
CUST0367,PROD_B03,The Psychology of Money,Books,1,450.0,2026-05-01 03:21:36
CUST0288,PROD_B01,Deep Learning Foundations & Applications,Books,1,899.0,2025-12-16 06:21:36
CUST0321,PROD_B10,Hands-On Machine Learning with Scikit-Learn,Books,1,1450.0,2026-02-21 01:21:36
CUST0171,PROD_F06,Warm Knit Winter Beanie,Fashion,1,499.0,2026-05-06 15:21:36
CUST0424,PROD_H06,Robot Vacuum Cleaner with Mop,Home & Kitchen,1,15999.0,2026-04-15 13:21:36
CUST0310,PROD_F01,Classic Cotton Denim Jacket,Fashion,1,2199.0,2026-02-21 18:21:36
CUST0305,PROD_S02,Adjustable Dumbbell Set 20kg,Sports & Fitness,1,4599.0,2026-09-09 01:21:36
CUST0156,PROD_S06,Speed Jump Rope with Ball Bearings,Sports & Fitness,1,399.0,2025-11-01 20:21:36
CUST0038,PROD_S02,Adjustable Dumbbell Set 20kg,Sports & Fitness,1,4599.0,2026-05-11 11:21:36
CUST0299,PROD_F13,Designer Silk Scarf,Fashion,1,999.0,2026-07-20 11:21:36
CUST0105,PROD_E14,Smart Plug with Voice Control,Electronics,1,799.0,2026-06-13 21:21:36
CUST0238,PROD_C03,Vitamin C Facial Cleanser,Beauty & Care,1,499.0,2026-05-03 10:21:36
CUST0296,PROD_C04,Sonic Electric Toothbrush,Beauty & Care,1,2299.0,2026-05-01 12:21:36
CUST0388,PROD_H11,Digital Kitchen Weighing Scale,Home & Kitchen,1,599.0,2026-04-07 06:21:36
CUST0287,PROD_B09,Zero to One by Peter Thiel,Books,2,480.0,2025-12-11 18:21:36
CUST0118,PROD_B10,Hands-On Machine Learning with Scikit-Learn,Books,1,1450.0,2025-10-15 13:21:36
CUST0323,PROD_E03,Ergonomic Wireless Mouse,Electronics,1,1299.0,2026-01-26 09:21:36
CUST0163,PROD_S05,Insulated Sports Shaker Bottle,Sports & Fitness,1,499.0,2026-03-28 20:21:36
CUST0471,PROD_S02,Adjustable Dumbbell Set 20kg,Sports & Fitness,2,4599.0,2025-12-31 10:21:36
CUST0183,PROD_B06,Clean Code: Handbook of Software Craftsmanship,Books,1,1100.0,2026-03-11 21:21:36
CUST0378,PROD_F04,Polarized UV Protection Sunglasses,Fashion,1,1299.0,2026-05-07 15:21:36
CUST0446,PROD_S04,High-Density Foam Muscle Roller,Sports & Fitness,1,899.0,2026-02-25 08:21:36
CUST0436,PROD_B05,System Design Interview Guide,Books,1,950.0,2025-12-14 11:21:36
CUST0363,PROD_S07,Breathable Weightlifting Gloves,Sports & Fitness,1,599.0,2026-01-04 12:21:36
CUST0149,PROD_B05,System Design Interview Guide,Books,1,950.0,2025-11-14 12:21:36
CUST0138,PROD_F01,Classic Cotton Denim Jacket,Fashion,1,2199.0,2026-04-25 23:21:36
CUST0378,PROD_F07,Stainless Steel Quartz Wristwatch,Fashion,1,4499.0,2026-05-30 00:21:36
CUST0349,PROD_B02,Atomic Habits by James Clear,Books,1,599.0,2026-04-11 13:21:36
CUST0030,PROD_F06,Warm Knit Winter Beanie,Fashion,1,499.0,2026-04-28 02:21:36
CUST0447,PROD_H13,Stainless Steel Cutlery Set 24-Piece,Home & Kitchen,1,1799.0,2026-01-07 03:21:36
CUST0103,PROD_H11,Digital Kitchen Weighing Scale,Home & Kitchen,1,599.0,2026-06-09 14:21:36
CUST0345,PROD_H13,Stainless Steel Cutlery Set 24-Piece,Home & Kitchen,1,1799.0,2026-01-23 19:21:36
CUST0321,PROD_B10,Hands-On Machine Learning with Scikit-Learn,Books,1,1450.0,2026-09-05 11:21:36
CUST0022,PROD_E13,Surround Sound Gaming Headset,Electronics,1,2799.0,2026-04-13 09:21:36
CUST0273,PROD_H10,Bamboo Cutting Board Set,Home & Kitchen,1,899.0,2026-03-20 11:21:36
CUST0496,PROD_C06,Gentle Exfoliating Face Scrub,Beauty & Care,1,550.0,2025-10-19 09:21:36
CUST0072,PROD_C06,Gentle Exfoliating Face Scrub,Beauty & Care,1,550.0,2026-06-03 15:21:36
CUST0163,PROD_S05,Insulated Sports Shaker Bottle,Sports & Fitness,2,499.0,2026-08-06 17:21:36
CUST0217,PROD_E15,Wireless Phone Charging Pad,Electronics,1,999.0,2025-10-25 00:21:36
CUST0198,PROD_B05,System Design Interview Guide,Books,1,950.0,2026-06-11 08:21:36
CUST0462,PROD_C08,Rechargeable Facial Cleansing Brush,Beauty & Care,1,1499.0,2025-10-24 05:21:36
CUST0239,PROD_E11,Active Noise Cancelling Earbuds,Electronics,1,3199.0,2026-01-12 21:21:36
CUST0416,PROD_E09,HD Web Camera with Microphone,Electronics,1,2199.0,2026-02-27 01:21:36
CUST0363,PROD_H12,Microfiber Bed Sheet Set Queen,Home & Kitchen,1,1499.0,2026-08-15 08:21:36
CUST0421,PROD_F14,Water-Resistant Travel Backpack,Fashion,1,2399.0,2026-04-10 10:21:36
CUST0220,PROD_F02,Breathable Running Sneakers,Fashion,1,3299.0,2026-09-22 07:21:36
CUST0194,PROD_S06,Speed Jump Rope with Ball Bearings,Sports & Fitness,1,399.0,2026-07-03 05:21:36
CUST0159,PROD_F06,Warm Knit Winter Beanie,Fashion,1,499.0,2026-10-04 13:21:36
CUST0103,PROD_E16,Internal SSD 1TB NVMe,Electronics,1,6499.0,2026-05-23 12:21:36
CUST0370,PROD_H11,Digital Kitchen Weighing Scale,Home & Kitchen,1,599.0,2026-03-25 07:21:36
CUST0151,PROD_B05,System Design Interview Guide,Books,1,950.0,2026-01-20 22:21:36
CUST0093,PROD_F08,Athletic Workout Leggings,Fashion,1,1199.0,2026-01-09 03:21:36
CUST0229,PROD_F06,Warm Knit Winter Beanie,Fashion,1,499.0,2026-08-24 04:21:36
CUST0139,PROD_B08,"Thinking, Fast and Slow",Books,1,520.0,2026-09-07 03:21:36
CUST0467,PROD_E06,Smart Fitness Watch Series 5,Electronics,1,4999.0,2026-04-16 14:21:36
CUST0150,PROD_F08,Athletic Workout Leggings,Fashion,3,1199.0,2025-10-08 03:21:36
CUST0316,PROD_C06,Gentle Exfoliating Face Scrub,Beauty & Care,1,550.0,2026-01-26 03:21:36
CUST0329,PROD_F03,Slim Fit Casual Button-Up Shirt,Fashion,1,1499.0,2025-12-13 09:21:36
CUST0372,PROD_S06,Speed Jump Rope with Ball Bearings,Sports & Fitness,1,399.0,2026-05-30 18:21:36
CUST0368,PROD_C02,SPF 50 Broad Spectrum Sunscreen,Beauty & Care,1,649.0,2026-08-15 17:21:36
CUST0127,PROD_F14,Water-Resistant Travel Backpack,Fashion,1,2399.0,2025-11-21 20:21:36
CUST0266,PROD_E11,Active Noise Cancelling Earbuds,Electronics,1,3199.0,2026-05-07 07:21:36
CUST0391,PROD_E02,Mechanical Gaming Keyboard,Electronics,2,3499.0,2026-07-30 12:21:36
CUST0054,PROD_E16,Internal SSD 1TB NVMe,Electronics,1,6499.0,2025-10-22 21:21:36
CUST0187,PROD_S06,Speed Jump Rope with Ball Bearings,Sports & Fitness,1,399.0,2026-06-01 10:21:36
CUST0298,PROD_C05,Organic Argan Oil Hair Treatment,Beauty & Care,1,750.0,2026-06-07 20:21:36
CUST0474,PROD_E15,Wireless Phone Charging Pad,Electronics,1,999.0,2026-06-25 09:21:36
CUST0375,PROD_H08,Insulated Vacuum Water Bottle 1L,Home & Kitchen,1,699.0,2026-02-23 05:21:36
CUST0017,PROD_F01,Classic Cotton Denim Jacket,Fashion,1,2199.0,2025-10-12 23:21:36
CUST0090,PROD_S04,High-Density Foam Muscle Roller,Sports & Fitness,1,899.0,2026-03-29 06:21:36
CUST0101,PROD_S08,Waterproof Cycling Helmet,Sports & Fitness,1,1899.0,2025-12-15 07:21:36
CUST0180,PROD_E05,Fast Charging USB-C Power Bank 20000mAh,Electronics,1,1999.0,2026-05-21 09:21:36
CUST0430,PROD_B10,Hands-On Machine Learning with Scikit-Learn,Books,1,1450.0,2026-03-19 17:21:36
CUST0500,PROD_C01,Hydrating Hyaluronic Acid Serum,Beauty & Care,1,899.0,2026-03-17 20:21:36
CUST0406,PROD_C02,SPF 50 Broad Spectrum Sunscreen,Beauty & Care,1,649.0,2026-09-26 07:21:36
CUST0275,PROD_F06,Warm Knit Winter Beanie,Fashion,1,499.0,2026-05-13 22:21:36
CUST0022,PROD_E15,Wireless Phone Charging Pad,Electronics,1,999.0,2026-05-24 13:21:36
CUST0403,PROD_E15,Wireless Phone Charging Pad,Electronics,1,999.0,2026-03-02 03:21:36
CUST0288,PROD_H09,Aromatherapy Essential Oil Diffuser,Home & Kitchen,1,1299.0,2026-02-08 05:21:36
CUST0165,PROD_E04,4K Ultra HD Smart Monitor 27-inch,Electronics,1,18999.0,2026-07-22 07:21:36
CUST0298,PROD_C07,Natural Charcoal Detox Mask,Beauty & Care,3,699.0,2026-03-01 04:21:36
CUST0478,PROD_S03,Resistance Loop Exercise Bands Set,Sports & Fitness,1,699.0,2026-04-12 13:21:36
CUST0095,PROD_C02,SPF 50 Broad Spectrum Sunscreen,Beauty & Care,1,649.0,2026-02-19 20:21:36
CUST0194,PROD_S01,Non-Slip Eco Yoga Mat 6mm,Sports & Fitness,1,1299.0,2025-10-21 08:21:36
CUST0423,PROD_B06,Clean Code: Handbook of Software Craftsmanship,Books,1,1100.0,2026-09-10 22:21:36
CUST0327,PROD_F02,Breathable Running Sneakers,Fashion,1,3299.0,2026-05-01 19:21:36
CUST0459,PROD_F08,Athletic Workout Leggings,Fashion,1,1199.0,2026-01-19 01:21:36
CUST0386,PROD_H04,Automatic Espresso Coffee Maker,Home & Kitchen,1,12499.0,2026-07-28 12:21:36
CUST0171,PROD_E17,External Hard Drive 2TB,Electronics,1,5299.0,2026-07-15 11:21:36
CUST0182,PROD_E16,Internal SSD 1TB NVMe,Electronics,1,6499.0,2026-04-05 14:21:36
CUST0166,PROD_S08,Waterproof Cycling Helmet,Sports & Fitness,1,1899.0,2026-07-30 02:21:36
CUST0225,PROD_B09,Zero to One by Peter Thiel,Books,1,480.0,2026-08-03 23:21:36
CUST0246,PROD_B06,Clean Code: Handbook of Software Craftsmanship,Books,1,1100.0,2026-06-04 05:21:36
CUST0283,PROD_H01,Stainless Steel Electric Kettle 1.8L,Home & Kitchen,1,1399.0,2026-08-23 06:21:36
CUST0424,PROD_F10,Formal Leather Belt Black,Fashion,1,799.0,2026-09-21 20:21:36
CUST0176,PROD_H12,Microfiber Bed Sheet Set Queen,Home & Kitchen,1,1499.0,2026-02-05 22:21:36
CUST0408,PROD_F02,Breathable Running Sneakers,Fashion,1,3299.0,2025-12-21 20:21:36
CUST0285,PROD_B05,System Design Interview Guide,Books,1,950.0,2026-09-29 18:21:36
CUST0405,PROD_S06,Speed Jump Rope with Ball Bearings,Sports & Fitness,1,399.0,2026-05-09 08:21:36
CUST0162,PROD_H09,Aromatherapy Essential Oil Diffuser,Home & Kitchen,1,1299.0,2025-11-10 07:21:36
CUST0420,PROD_C03,Vitamin C Facial Cleanser,Beauty & Care,3,499.0,2026-05-09 19:21:36
CUST0429,PROD_S07,Breathable Weightlifting Gloves,Sports & Fitness,1,599.0,2026-10-05 10:21:36
CUST0187,PROD_F09,Waterproof HIKING Boots,Fashion,1,4199.0,2026-05-24 08:21:36
CUST0198,PROD_S02,Adjustable Dumbbell Set 20kg,Sports & Fitness,1,4599.0,2026-08-18 01:21:36
CUST0046,PROD_E12,Aluminum Laptop Cooling Pad,Electronics,2,1499.0,2026-08-11 09:21:36
CUST0044,PROD_B04,Designing Data-Intensive Applications,Books,1,1250.0,2026-06-18 08:21:36
CUST0335,PROD_E04,4K Ultra HD Smart Monitor 27-inch,Electronics,1,18999.0,2025-12-27 08:21:36
CUST0438,PROD_S08,Waterproof Cycling Helmet,Sports & Fitness,1,1899.0,2026-06-13 14:21:36
CUST0291,PROD_B05,System Design Interview Guide,Books,1,950.0,2026-01-08 16:21:36
CUST0450,PROD_F12,Hooded Fleece Sweatshirt,Fashion,1,1899.0,2025-12-16 17:21:36
CUST0129,PROD_B07,Python for Data Analysis,Books,1,850.0,2025-11-28 18:21:36
CUST0459,PROD_S02,Adjustable Dumbbell Set 20kg,Sports & Fitness,1,4599.0,2025-10-25 08:21:36
CUST0451,PROD_F09,Waterproof HIKING Boots,Fashion,1,4199.0,2026-09-06 20:21:36
CUST0413,PROD_B05,System Design Interview Guide,Books,1,950.0,2026-03-14 21:21:36
CUST0188,PROD_E12,Aluminum Laptop Cooling Pad,Electronics,1,1499.0,2026-01-22 14:21:36
CUST0073,PROD_H11,Digital Kitchen Weighing Scale,Home & Kitchen,3,599.0,2026-03-27 05:21:36
CUST0141,PROD_C01,Hydrating Hyaluronic Acid Serum,Beauty & Care,1,899.0,2026-01-24 15:21:36
CUST0365,PROD_F06,Warm Knit Winter Beanie,Fashion,1,499.0,2026-07-30 10:21:36
CUST0115,PROD_H11,Digital Kitchen Weighing Scale,Home & Kitchen,1,599.0,2026-02-19 14:21:36
CUST0440,PROD_F07,Stainless Steel Quartz Wristwatch,Fashion,2,4499.0,2026-04-30 17:21:36
CUST0462,PROD_C02,SPF 50 Broad Spectrum Sunscreen,Beauty & Care,1,649.0,2026-07-25 20:21:36
CUST0427,PROD_H06,Robot Vacuum Cleaner with Mop,Home & Kitchen,1,15999.0,2026-05-23 11:21:36
CUST0426,PROD_C03,Vitamin C Facial Cleanser,Beauty & Care,1,499.0,2025-11-26 16:21:36
CUST0431,PROD_C03,Vitamin C Facial Cleanser,Beauty & Care,2,499.0,2026-08-25 06:21:36
CUST0154,PROD_H01,Stainless Steel Electric Kettle 1.8L,Home & Kitchen,2,1399.0,2025-11-20 15:21:36
CUST0088,PROD_S08,Waterproof Cycling Helmet,Sports & Fitness,1,1899.0,2025-11-28 14:21:36
CUST0118,PROD_C08,Rechargeable Facial Cleansing Brush,Beauty & Care,1,1499.0,2026-02-04 05:21:36
CUST0348,PROD_F08,Athletic Workout Leggings,Fashion,1,1199.0,2025-11-02 05:21:36
CUST0367,PROD_B09,Zero to One by Peter Thiel,Books,1,480.0,2026-09-22 22:21:36
CUST0270,PROD_H12,Microfiber Bed Sheet Set Queen,Home & Kitchen,3,1499.0,2026-05-01 08:21:36
CUST0414,PROD_S01,Non-Slip Eco Yoga Mat 6mm,Sports & Fitness,1,1299.0,2026-05-10 13:21:36
CUST0358,PROD_F05,Genuine Leather Crossbody Bag,Fashion,1,2799.0,2026-06-06 00:21:36
CUST0320,PROD_S05,Insulated Sports Shaker Bottle,Sports & Fitness,1,499.0,2026-05-03 11:21:36
CUST0169,PROD_C01,Hydrating Hyaluronic Acid Serum,Beauty & Care,1,899.0,2026-08-07 00:21:36
CUST0475,PROD_S01,Non-Slip Eco Yoga Mat 6mm,Sports & Fitness,1,1299.0,2026-04-10 20:21:36
CUST0004,PROD_F06,Warm Knit Winter Beanie,Fashion,1,499.0,2025-10-06 01:21:36
CUST0478,PROD_S05,Insulated Sports Shaker Bottle,Sports & Fitness,1,499.0,2026-06-15 18:21:36
CUST0467,PROD_E11,Active Noise Cancelling Earbuds,Electronics,1,3199.0,2026-09-04 12:21:36
CUST0156,PROD_S08,Waterproof Cycling Helmet,Sports & Fitness,1,1899.0,2026-06-12 22:21:36
CUST0421,PROD_F14,Water-Resistant Travel Backpack,Fashion,1,2399.0,2025-11-13 03:21:36
CUST0132,PROD_S06,Speed Jump Rope with Ball Bearings,Sports & Fitness,1,399.0,2026-01-21 06:21:36
CUST0222,PROD_S02,Adjustable Dumbbell Set 20kg,Sports & Fitness,1,4599.0,2026-06-14 19:21:36
CUST0383,PROD_S08,Waterproof Cycling Helmet,Sports & Fitness,1,1899.0,2025-12-14 06:21:36
CUST0200,PROD_H13,Stainless Steel Cutlery Set 24-Piece,Home & Kitchen,1,1799.0,2026-06-15 23:21:36
CUST0030,PROD_B03,The Psychology of Money,Books,1,450.0,2026-01-31 01:21:36
CUST0393,PROD_E04,4K Ultra HD Smart Monitor 27-inch,Electronics,1,18999.0,2026-05-28 15:21:36
CUST0271,PROD_B07,Python for Data Analysis,Books,1,850.0,2026-07-05 21:21:36
CUST0135,PROD_H06,Robot Vacuum Cleaner with Mop,Home & Kitchen,1,15999.0,2026-10-04 05:21:36
CUST0068,PROD_C04,Sonic Electric Toothbrush,Beauty & Care,1,2299.0,2026-01-06 18:21:36
CUST0022,PROD_E06,Smart Fitness Watch Series 5,Electronics,1,4999.0,2026-04-08 15:21:36
CUST0055,PROD_H07,Smart LED Desk Lamp with Dimmer,Home & Kitchen,1,1699.0,2026-05-13 13:21:36
CUST0119,PROD_E13,Surround Sound Gaming Headset,Electronics,1,2799.0,2026-05-07 23:21:36
CUST0042,PROD_B10,Hands-On Machine Learning with Scikit-Learn,Books,1,1450.0,2026-07-03 01:21:36
CUST0413,PROD_H03,Memory Foam Orthopedic Pillow,Home & Kitchen,1,1199.0,2026-09-18 09:21:36
CUST0035,PROD_F06,Warm Knit Winter Beanie,Fashion,1,499.0,2026-02-28 21:21:36
CUST0392,PROD_B10,Hands-On Machine Learning with Scikit-Learn,Books,1,1450.0,2026-04-02 15:21:36
CUST0451,PROD_B07,Python for Data Analysis,Books,1,850.0,2026-04-18 10:21:36
CUST0009,PROD_B05,System Design Interview Guide,Books,1,950.0,2025-10-20 01:21:36
CUST0102,PROD_S02,Adjustable Dumbbell Set 20kg,Sports & Fitness,1,4599.0,2025-10-06 04:21:36
CUST0491,PROD_F08,Athletic Workout Leggings,Fashion,1,1199.0,2026-08-07 06:21:36
CUST0345,PROD_C02,SPF 50 Broad Spectrum Sunscreen,Beauty & Care,1,649.0,2026-09-04 03:21:36
CUST0420,PROD_S03,Resistance Loop Exercise Bands Set,Sports & Fitness,1,699.0,2025-10-30 12:21:36
CUST0190,PROD_F14,Water-Resistant Travel Backpack,Fashion,1,2399.0,2026-08-16 13:21:36
CUST0056,PROD_S07,Breathable Weightlifting Gloves,Sports & Fitness,1,599.0,2026-05-12 19:21:36
CUST0068,PROD_C02,SPF 50 Broad Spectrum Sunscreen,Beauty & Care,1,649.0,2025-10-11 10:21:36
CUST0280,PROD_F14,Water-Resistant Travel Backpack,Fashion,1,2399.0,2026-04-20 14:21:36
CUST0118,PROD_C02,SPF 50 Broad Spectrum Sunscreen,Beauty & Care,1,649.0,2026-08-02 12:21:36
CUST0175,PROD_E11,Active Noise Cancelling Earbuds,Electronics,1,3199.0,2026-06-11 17:21:36
CUST0203,PROD_F09,Waterproof HIKING Boots,Fashion,1,4199.0,2025-10-19 16:21:36
CUST0045,PROD_S01,Non-Slip Eco Yoga Mat 6mm,Sports & Fitness,1,1299.0,2026-05-07 17:21:36
CUST0440,PROD_F12,Hooded Fleece Sweatshirt,Fashion,1,1899.0,2026-09-17 19:21:36
CUST0403,PROD_E17,External Hard Drive 2TB,Electronics,2,5299.0,2026-01-11 20:21:36
CUST0127,PROD_F06,Warm Knit Winter Beanie,Fashion,1,499.0,2026-09-13 16:21:36
CUST0150,PROD_F03,Slim Fit Casual Button-Up Shirt,Fashion,1,1499.0,2025-11-20 02:21:36
CUST0236,PROD_B05,System Design Interview Guide,Books,1,950.0,2025-12-29 03:21:36
CUST0065,PROD_E11,Active Noise Cancelling Earbuds,Electronics,1,3199.0,2026-09-22 07:21:36
CUST0491,PROD_F01,Classic Cotton Denim Jacket,Fashion,1,2199.0,2026-01-16 17:21:36
CUST0347,PROD_B02,Atomic Habits by James Clear,Books,1,599.0,2026-08-04 02:21:36
CUST0435,PROD_C02,SPF 50 Broad Spectrum Sunscreen,Beauty & Care,1,649.0,2026-09-17 00:21:36
CUST0347,PROD_B05,System Design Interview Guide,Books,1,950.0,2026-01-03 02:21:36
CUST0112,PROD_E17,External Hard Drive 2TB,Electronics,1,5299.0,2026-01-14 16:21:36
CUST0117,PROD_E09,HD Web Camera with Microphone,Electronics,1,2199.0,2025-12-02 12:21:36
CUST0297,PROD_F09,Waterproof HIKING Boots,Fashion,1,4199.0,2025-12-19 08:21:36
CUST0322,PROD_F05,Genuine Leather Crossbody Bag,Fashion,1,2799.0,2026-03-06 13:21:36
CUST0146,PROD_H04,Automatic Espresso Coffee Maker,Home & Kitchen,1,12499.0,2025-11-08 19:21:36
CUST0484,PROD_F01,Classic Cotton Denim Jacket,Fashion,1,2199.0,2026-09-15 10:21:36
CUST0226,PROD_F07,Stainless Steel Quartz Wristwatch,Fashion,1,4499.0,2025-10-21 16:21:36
CUST0499,PROD_S02,Adjustable Dumbbell Set 20kg,Sports & Fitness,1,4599.0,2026-09-06 06:21:36
CUST0360,PROD_C02,SPF 50 Broad Spectrum Sunscreen,Beauty & Care,1,649.0,2025-11-19 00:21:36
CUST0021,PROD_S08,Waterproof Cycling Helmet,Sports & Fitness,1,1899.0,2025-11-13 04:21:36
CUST0010,PROD_S04,High-Density Foam Muscle Roller,Sports & Fitness,1,899.0,2026-01-01 14:21:36
CUST0381,PROD_E04,4K Ultra HD Smart Monitor 27-inch,Electronics,1,18999.0,2025-10-14 07:21:36
CUST0137,PROD_H01,Stainless Steel Electric Kettle 1.8L,Home & Kitchen,1,1399.0,2026-01-12 14:21:36
CUST0069,PROD_H04,Automatic Espresso Coffee Maker,Home & Kitchen,1,12499.0,2026-01-23 20:21:36
CUST0093,PROD_S08,Waterproof Cycling Helmet,Sports & Fitness,1,1899.0,2026-01-08 03:21:36
CUST0008,PROD_B09,Zero to One by Peter Thiel,Books,1,480.0,2026-06-28 21:21:36
CUST0485,PROD_E13,Surround Sound Gaming Headset,Electronics,1,2799.0,2026-02-23 06:21:36
CUST0037,PROD_F08,Athletic Workout Leggings,Fashion,1,1199.0,2026-04-21 20:21:36
CUST0246,PROD_B07,Python for Data Analysis,Books,1,850.0,2026-08-21 01:21:36
CUST0341,PROD_F09,Waterproof HIKING Boots,Fashion,1,4199.0,2026-05-16 12:21:36
CUST0276,PROD_C01,Hydrating Hyaluronic Acid Serum,Beauty & Care,1,899.0,2026-03-07 07:21:36
CUST0122,PROD_E10,High-Speed Wi-Fi 6 Router,Electronics,1,3899.0,2026-04-17 21:21:36
CUST0082,PROD_F04,Polarized UV Protection Sunglasses,Fashion,1,1299.0,2026-05-07 13:21:36
CUST0382,PROD_H08,Insulated Vacuum Water Bottle 1L,Home & Kitchen,1,699.0,2025-10-20 06:21:36
CUST0439,PROD_E17,External Hard Drive 2TB,Electronics,1,5299.0,2026-01-13 01:21:36
CUST0030,PROD_B09,Zero to One by Peter Thiel,Books,2,480.0,2026-05-25 13:21:36
CUST0072,PROD_F04,Polarized UV Protection Sunglasses,Fashion,1,1299.0,2026-07-05 07:21:36
CUST0461,PROD_C03,Vitamin C Facial Cleanser,Beauty & Care,1,499.0,2025-10-11 18:21:36
CUST0402,PROD_B05,System Design Interview Guide,Books,1,950.0,2026-09-07 08:21:36
CUST0152,PROD_S07,Breathable Weightlifting Gloves,Sports & Fitness,1,599.0,2026-07-15 21:21:36
CUST0075,PROD_E17,External Hard Drive 2TB,Electronics,2,5299.0,2025-10-26 16:21:36
CUST0184,PROD_F11,Comfortable Canvas Slip-Ons,Fashion,1,1599.0,2026-07-08 10:21:36
CUST0224,PROD_C04,Sonic Electric Toothbrush,Beauty & Care,3,2299.0,2026-03-11 02:21:36
CUST0312,PROD_S03,Resistance Loop Exercise Bands Set,Sports & Fitness,1,699.0,2026-06-08 07:21:36
CUST0104,PROD_S08,Waterproof Cycling Helmet,Sports & Fitness,1,1899.0,2026-03-26 17:21:36
CUST0041,PROD_B05,System Design Interview Guide,Books,1,950.0,2025-12-06 22:21:36
CUST0165,PROD_E17,External Hard Drive 2TB,Electronics,1,5299.0,2025-11-21 21:21:36
CUST0372,PROD_H09,Aromatherapy Essential Oil Diffuser,Home & Kitchen,1,1299.0,2026-06-15 11:21:36
CUST0380,PROD_E17,External Hard Drive 2TB,Electronics,1,5299.0,2026-04-29 12:21:36
CUST0335,PROD_F11,Comfortable Canvas Slip-Ons,Fashion,1,1599.0,2026-07-24 17:21:36
CUST0264,PROD_B05,System Design Interview Guide,Books,1,950.0,2026-09-24 18:21:36
CUST0488,PROD_C08,Rechargeable Facial Cleansing Brush,Beauty & Care,3,1499.0,2026-06-03 07:21:36
CUST0001,PROD_C07,Natural Charcoal Detox Mask,Beauty & Care,1,699.0,2026-09-18 20:21:36
CUST0082,PROD_F13,Designer Silk Scarf,Fashion,1,999.0,2026-04-15 00:21:36
CUST0014,PROD_F08,Athletic Workout Leggings,Fashion,1,1199.0,2026-01-02 18:21:36
CUST0094,PROD_E03,Ergonomic Wireless Mouse,Electronics,1,1299.0,2026-08-07 11:21:36
CUST0427,PROD_H10,Bamboo Cutting Board Set,Home & Kitchen,1,899.0,2026-02-14 15:21:36
CUST0423,PROD_H06,Robot Vacuum Cleaner with Mop,Home & Kitchen,1,15999.0,2026-08-25 23:21:36
CUST0148,PROD_S03,Resistance Loop Exercise Bands Set,Sports & Fitness,1,699.0,2026-04-23 23:21:36
CUST0426,PROD_C01,Hydrating Hyaluronic Acid Serum,Beauty & Care,1,899.0,2026-09-12 16:21:36
CUST0278,PROD_B10,Hands-On Machine Learning with Scikit-Learn,Books,1,1450.0,2026-01-10 12:21:36
CUST0327,PROD_H11,Digital Kitchen Weighing Scale,Home & Kitchen,1,599.0,2026-06-22 12:21:36
CUST0283,PROD_S08,Waterproof Cycling Helmet,Sports & Fitness,1,1899.0,2026-01-19 03:21:36
CUST0439,PROD_C06,Gentle Exfoliating Face Scrub,Beauty & Care,1,550.0,2026-07-22 17:21:36
CUST0370,PROD_C08,Rechargeable Facial Cleansing Brush,Beauty & Care,1,1499.0,2025-10-23 16:21:36
CUST0461,PROD_B05,System Design Interview Guide,Books,1,950.0,2025-12-23 12:21:36
CUST0407,PROD_E07,Portable Bluetooth Speaker 20W,Electronics,1,2999.0,2026-04-18 21:21:36
CUST0071,PROD_F10,Formal Leather Belt Black,Fashion,1,799.0,2025-12-14 16:21:36
CUST0193,PROD_H09,Aromatherapy Essential Oil Diffuser,Home & Kitchen,1,1299.0,2026-07-17 15:21:36
CUST0474,PROD_E15,Wireless Phone Charging Pad,Electronics,1,999.0,2026-04-07 13:21:36
CUST0198,PROD_C08,Rechargeable Facial Cleansing Brush,Beauty & Care,1,1499.0,2026-08-28 19:21:36
CUST0182,PROD_E15,Wireless Phone Charging Pad,Electronics,1,999.0,2026-08-20 17:21:36
CUST0316,PROD_C06,Gentle Exfoliating Face Scrub,Beauty & Care,1,550.0,2026-05-05 13:21:36
CUST0425,PROD_E01,Wireless Noise-Canceling Headphones,Electronics,2,2499.0,2026-01-25 12:21:36
CUST0247,PROD_F09,Waterproof HIKING Boots,Fashion,1,4199.0,2026-04-30 08:21:36
CUST0440,PROD_F08,Athletic Workout Leggings,Fashion,1,1199.0,2025-12-01 06:21:36
CUST0482,PROD_F06,Warm Knit Winter Beanie,Fashion,1,499.0,2026-04-20 23:21:36
CUST0321,PROD_F08,Athletic Workout Leggings,Fashion,1,1199.0,2025-12-05 16:21:36
CUST0168,PROD_C04,Sonic Electric Toothbrush,Beauty & Care,1,2299.0,2025-12-18 05:21:36
CUST0273,PROD_S02,Adjustable Dumbbell Set 20kg,Sports & Fitness,1,4599.0,2026-08-28 06:21:36
CUST0335,PROD_S08,Waterproof Cycling Helmet,Sports & Fitness,1,1899.0,2025-10-21 01:21:36
CUST0096,PROD_F03,Slim Fit Casual Button-Up Shirt,Fashion,1,1499.0,2026-02-22 00:21:36
CUST0150,PROD_B05,System Design Interview Guide,Books,1,950.0,2025-12-02 00:21:36
CUST0211,PROD_B01,Deep Learning Foundations & Applications,Books,1,899.0,2026-09-05 06:21:36
CUST0027,PROD_C07,Natural Charcoal Detox Mask,Beauty & Care,1,699.0,2025-11-28 23:21:36
CUST0317,PROD_E01,Wireless Noise-Canceling Headphones,Electronics,1,2499.0,2026-07-26 17:21:36
CUST0208,PROD_H01,Stainless Steel Electric Kettle 1.8L,Home & Kitchen,1,1399.0,2026-09-12 20:21:36
CUST0097,PROD_S05,Insulated Sports Shaker Bottle,Sports & Fitness,1,499.0,2025-11-06 12:21:36
CUST0043,PROD_S01,Non-Slip Eco Yoga Mat 6mm,Sports & Fitness,1,1299.0,2026-04-03 00:21:36
CUST0103,PROD_E02,Mechanical Gaming Keyboard,Electronics,1,3499.0,2026-02-08 11:21:36
CUST0097,PROD_C07,Natural Charcoal Detox Mask,Beauty & Care,1,699.0,2026-08-08 06:21:36
CUST0056,PROD_S08,Waterproof Cycling Helmet,Sports & Fitness,1,1899.0,2026-03-09 11:21:36
CUST0320,PROD_C02,SPF 50 Broad Spectrum Sunscreen,Beauty & Care,1,649.0,2026-02-08 22:21:36
CUST0114,PROD_H01,Stainless Steel Electric Kettle 1.8L,Home & Kitchen,1,1399.0,2026-07-09 19:21:36
CUST0203,PROD_E05,Fast Charging USB-C Power Bank 20000mAh,Electronics,1,1999.0,2026-01-30 00:21:36
CUST0041,PROD_E08,Multi-Port USB Hub Type-C,Electronics,1,899.0,2026-01-10 11:21:36
CUST0216,PROD_E02,Mechanical Gaming Keyboard,Electronics,1,3499.0,2026-08-19 18:21:36
CUST0137,PROD_H01,Stainless Steel Electric Kettle 1.8L,Home & Kitchen,1,1399.0,2026-01-07 02:21:36
CUST0442,PROD_B05,System Design Interview Guide,Books,1,950.0,2026-03-06 04:21:36
CUST0365,PROD_B10,Hands-On Machine Learning with Scikit-Learn,Books,1,1450.0,2025-11-19 12:21:36
CUST0017,PROD_F01,Classic Cotton Denim Jacket,Fashion,1,2199.0,2026-02-14 12:21:36
CUST0404,PROD_C07,Natural Charcoal Detox Mask,Beauty & Care,1,699.0,2026-06-27 07:21:36
CUST0079,PROD_C04,Sonic Electric Toothbrush,Beauty & Care,1,2299.0,2025-10-24 14:21:36
CUST0026,PROD_S02,Adjustable Dumbbell Set 20kg,Sports & Fitness,1,4599.0,2026-09-08 15:21:36
CUST0131,PROD_B10,Hands-On Machine Learning with Scikit-Learn,Books,1,1450.0,2025-12-20 11:21:36
CUST0184,PROD_F11,Comfortable Canvas Slip-Ons,Fashion,1,1599.0,2026-03-07 21:21:36
CUST0200,PROD_S05,Insulated Sports Shaker Bottle,Sports & Fitness,1,499.0,2026-08-02 22:21:36
CUST0400,PROD_S06,Speed Jump Rope with Ball Bearings,Sports & Fitness,1,399.0,2025-11-23 04:21:36
CUST0118,PROD_H12,Microfiber Bed Sheet Set Queen,Home & Kitchen,1,1499.0,2026-09-18 00:21:36
CUST0400,PROD_S07,Breathable Weightlifting Gloves,Sports & Fitness,1,599.0,2026-07-31 08:21:36
CUST0199,PROD_B09,Zero to One by Peter Thiel,Books,1,480.0,2025-12-06 21:21:36
CUST0436,PROD_C02,SPF 50 Broad Spectrum Sunscreen,Beauty & Care,2,649.0,2026-01-21 11:21:36
CUST0140,PROD_B05,System Design Interview Guide,Books,1,950.0,2026-01-11 06:21:36
CUST0282,PROD_S08,Waterproof Cycling Helmet,Sports & Fitness,1,1899.0,2025-12-10 04:21:36
CUST0457,PROD_S05,Insulated Sports Shaker Bottle,Sports & Fitness,1,499.0,2026-06-16 10:21:36
CUST0380,PROD_C08,Rechargeable Facial Cleansing Brush,Beauty & Care,2,1499.0,2026-04-06 06:21:36
CUST0296,PROD_S08,Waterproof Cycling Helmet,Sports & Fitness,1,1899.0,2026-03-16 06:21:36
CUST0238,PROD_C08,Rechargeable Facial Cleansing Brush,Beauty & Care,1,1499.0,2025-10-23 06:21:36
CUST0180,PROD_B05,System Design Interview Guide,Books,1,950.0,2025-12-15 10:21:36
CUST0019,PROD_H11,Digital Kitchen Weighing Scale,Home & Kitchen,1,599.0,2026-09-27 10:21:36
CUST0135,PROD_F06,Warm Knit Winter Beanie,Fashion,1,499.0,2025-12-13 17:21:36
CUST0181,PROD_E15,Wireless Phone Charging Pad,Electronics,1,999.0,2025-10-22 15:21:36
CUST0328,PROD_F11,Comfortable Canvas Slip-Ons,Fashion,1,1599.0,2026-01-19 18:21:36
CUST0381,PROD_F14,Water-Resistant Travel Backpack,Fashion,1,2399.0,2026-06-28 06:21:36
CUST0294,PROD_B02,Atomic Habits by James Clear,Books,1,599.0,2026-02-04 11:21:36
CUST0145,PROD_C04,Sonic Electric Toothbrush,Beauty & Care,1,2299.0,2026-09-28 22:21:36
CUST0426,PROD_C02,SPF 50 Broad Spectrum Sunscreen,Beauty & Care,1,649.0,2026-02-02 22:21:36
CUST0338,PROD_S05,Insulated Sports Shaker Bottle,Sports & Fitness,1,499.0,2026-09-24 00:21:36
CUST0392,PROD_B09,Zero to One by Peter Thiel,Books,1,480.0,2026-08-29 20:21:36
CUST0008,PROD_B05,System Design Interview Guide,Books,1,950.0,2026-05-05 10:21:36
CUST0008,PROD_H06,Robot Vacuum Cleaner with Mop,Home & Kitchen,1,15999.0,2026-06-02 16:21:36
CUST0242,PROD_B05,System Design Interview Guide,Books,1,950.0,2026-03-21 14:21:36
CUST0216,PROD_B09,Zero to One by Peter Thiel,Books,1,480.0,2026-07-26 16:21:36
CUST0189,PROD_B10,Hands-On Machine Learning with Scikit-Learn,Books,2,1450.0,2026-02-27 13:21:36
CUST0242,PROD_B03,The Psychology of Money,Books,1,450.0,2026-04-23 15:21:36
CUST0248,PROD_S01,Non-Slip Eco Yoga Mat 6mm,Sports & Fitness,1,1299.0,2026-07-21 12:21:36
CUST0440,PROD_H13,Stainless Steel Cutlery Set 24-Piece,Home & Kitchen,1,1799.0,2026-07-30 04:21:36
CUST0110,PROD_H06,Robot Vacuum Cleaner with Mop,Home & Kitchen,3,15999.0,2025-10-30 05:21:36
CUST0279,PROD_E08,Multi-Port USB Hub Type-C,Electronics,1,899.0,2026-07-19 01:21:36
CUST0232,PROD_F08,Athletic Workout Leggings,Fashion,1,1199.0,2026-05-21 20:21:36
CUST0084,PROD_F02,Breathable Running Sneakers,Fashion,1,3299.0,2026-01-23 18:21:36
CUST0072,PROD_F12,Hooded Fleece Sweatshirt,Fashion,1,1899.0,2026-09-13 14:21:36
CUST0177,PROD_S08,Waterproof Cycling Helmet,Sports & Fitness,1,1899.0,2025-10-18 02:21:36
CUST0089,PROD_S03,Resistance Loop Exercise Bands Set,Sports & Fitness,1,699.0,2026-09-20 13:21:36
CUST0442,PROD_F08,Athletic Workout Leggings,Fashion,1,1199.0,2026-07-11 20:21:36
CUST0309,PROD_H02,Digital Air Fryer 4.5L,Home & Kitchen,2,5999.0,2025-10-10 16:21:36
CUST0013,PROD_F03,Slim Fit Casual Button-Up Shirt,Fashion,1,1499.0,2026-04-09 06:21:36
CUST0386,PROD_H12,Microfiber Bed Sheet Set Queen,Home & Kitchen,1,1499.0,2026-06-19 23:21:36
CUST0391,PROD_B05,System Design Interview Guide,Books,1,950.0,2026-06-16 03:21:36
CUST0032,PROD_H13,Stainless Steel Cutlery Set 24-Piece,Home & Kitchen,1,1799.0,2026-08-31 14:21:36
CUST0333,PROD_S06,Speed Jump Rope with Ball Bearings,Sports & Fitness,1,399.0,2026-10-02 18:21:36
CUST0127,PROD_H09,Aromatherapy Essential Oil Diffuser,Home & Kitchen,1,1299.0,2026-02-25 10:21:36
CUST0228,PROD_B01,Deep Learning Foundations & Applications,Books,1,899.0,2025-10-30 23:21:36
CUST0151,PROD_S08,Waterproof Cycling Helmet,Sports & Fitness,1,1899.0,2026-05-12 01:21:36
CUST0424,PROD_F11,Comfortable Canvas Slip-Ons,Fashion,1,1599.0,2026-04-11 22:21:36
CUST0104,PROD_E10,High-Speed Wi-Fi 6 Router,Electronics,1,3899.0,2026-01-02 23:21:36
CUST0256,PROD_E14,Smart Plug with Voice Control,Electronics,1,799.0,2026-06-06 16:21:36
CUST0284,PROD_E17,External Hard Drive 2TB,Electronics,2,5299.0,2026-09-03 01:21:36
CUST0106,PROD_C02,SPF 50 Broad Spectrum Sunscreen,Beauty & Care,1,649.0,2025-11-16 00:21:36
CUST0324,PROD_C07,Natural Charcoal Detox Mask,Beauty & Care,1,699.0,2026-04-22 23:21:36
CUST0256,PROD_E07,Portable Bluetooth Speaker 20W,Electronics,1,2999.0,2026-06-23 13:21:36
CUST0182,PROD_E12,Aluminum Laptop Cooling Pad,Electronics,2,1499.0,2026-09-21 12:21:36
CUST0336,PROD_S08,Waterproof Cycling Helmet,Sports & Fitness,1,1899.0,2026-01-13 21:21:36
CUST0009,PROD_F06,Warm Knit Winter Beanie,Fashion,2,499.0,2025-12-07 17:21:36
CUST0226,PROD_H07,Smart LED Desk Lamp with Dimmer,Home & Kitchen,1,1699.0,2026-04-30 04:21:36
CUST0336,PROD_B05,System Design Interview Guide,Books,1,950.0,2025-10-06 01:21:36
CUST0352,PROD_C08,Rechargeable Facial Cleansing Brush,Beauty & Care,2,1499.0,2026-09-13 21:21:36
CUST0174,PROD_F01,Classic Cotton Denim Jacket,Fashion,1,2199.0,2026-07-26 17:21:36
CUST0150,PROD_F11,Comfortable Canvas Slip-Ons,Fashion,1,1599.0,2026-04-22 17:21:36
CUST0386,PROD_E17,External Hard Drive 2TB,Electronics,1,5299.0,2026-06-01 09:21:36
CUST0168,PROD_C03,Vitamin C Facial Cleanser,Beauty & Care,1,499.0,2026-05-09 11:21:36
CUST0380,PROD_B09,Zero to One by Peter Thiel,Books,1,480.0,2025-10-31 22:21:36
CUST0464,PROD_E12,Aluminum Laptop Cooling Pad,Electronics,1,1499.0,2026-04-18 16:21:36
CUST0369,PROD_E17,External Hard Drive 2TB,Electronics,1,5299.0,2026-08-12 22:21:36
CUST0351,PROD_F06,Warm Knit Winter Beanie,Fashion,1,499.0,2025-12-28 09:21:36
CUST0151,PROD_B05,System Design Interview Guide,Books,1,950.0,2025-11-11 07:21:36
CUST0403,PROD_E14,Smart Plug with Voice Control,Electronics,1,799.0,2026-09-26 14:21:36
CUST0308,PROD_F06,Warm Knit Winter Beanie,Fashion,1,499.0,2026-01-29 22:21:36
CUST0034,PROD_E03,Ergonomic Wireless Mouse,Electronics,1,1299.0,2026-07-29 07:21:36
CUST0231,PROD_H13,Stainless Steel Cutlery Set 24-Piece,Home & Kitchen,1,1799.0,2026-02-10 13:21:36
CUST0405,PROD_S04,High-Density Foam Muscle Roller,Sports & Fitness,2,899.0,2025-12-22 15:21:36
CUST0030,PROD_B09,Zero to One by Peter Thiel,Books,1,480.0,2025-12-02 14:21:36
CUST0445,PROD_H13,Stainless Steel Cutlery Set 24-Piece,Home & Kitchen,1,1799.0,2026-08-06 19:21:36
CUST0141,PROD_S02,Adjustable Dumbbell Set 20kg,Sports & Fitness,1,4599.0,2026-07-24 06:21:36
CUST0266,PROD_E01,Wireless Noise-Canceling Headphones,Electronics,1,2499.0,2026-05-12 15:21:36
CUST0092,PROD_S08,Waterproof Cycling Helmet,Sports & Fitness,1,1899.0,2026-04-04 23:21:36
CUST0120,PROD_C07,Natural Charcoal Detox Mask,Beauty & Care,1,699.0,2026-01-06 13:21:36
CUST0384,PROD_B05,System Design Interview Guide,Books,1,950.0,2026-05-20 03:21:36
CUST0040,PROD_C07,Natural Charcoal Detox Mask,Beauty & Care,1,699.0,2025-11-29 14:21:36
CUST0436,PROD_C02,SPF 50 Broad Spectrum Sunscreen,Beauty & Care,1,649.0,2026-04-21 13:21:36
CUST0373,PROD_E09,HD Web Camera with Microphone,Electronics,1,2199.0,2026-08-23 13:21:36
CUST0211,PROD_B05,System Design Interview Guide,Books,1,950.0,2026-08-16 14:21:36
CUST0329,PROD_F02,Breathable Running Sneakers,Fashion,1,3299.0,2026-01-13 13:21:36
CUST0017,PROD_F02,Breathable Running Sneakers,Fashion,1,3299.0,2026-06-13 01:21:36
CUST0081,PROD_E16,Internal SSD 1TB NVMe,Electronics,1,6499.0,2026-04-20 06:21:36
CUST0196,PROD_B09,Zero to One by Peter Thiel,Books,1,480.0,2026-03-06 08:21:36
CUST0325,PROD_B09,Zero to One by Peter Thiel,Books,1,480.0,2026-05-03 11:21:36
CUST0286,PROD_F04,Polarized UV Protection Sunglasses,Fashion,1,1299.0,2026-09-05 03:21:36
CUST0271,PROD_B03,The Psychology of Money,Books,1,450.0,2026-05-04 07:21:36
CUST0076,PROD_F06,Warm Knit Winter Beanie,Fashion,1,499.0,2025-10-15 09:21:36
CUST0379,PROD_H07,Smart LED Desk Lamp with Dimmer,Home & Kitchen,1,1699.0,2026-02-28 10:21:36
CUST0430,PROD_B02,Atomic Habits by James Clear,Books,1,599.0,2025-12-26 06:21:36
CUST0072,PROD_F14,Water-Resistant Travel Backpack,Fashion,1,2399.0,2025-11-12 03:21:36
CUST0201,PROD_E03,Ergonomic Wireless Mouse,Electronics,1,1299.0,2026-05-12 22:21:36
CUST0167,PROD_H12,Microfiber Bed Sheet Set Queen,Home & Kitchen,1,1499.0,2026-05-28 08:21:36
CUST0150,PROD_F04,Polarized UV Protection Sunglasses,Fashion,1,1299.0,2026-08-11 22:21:36
CUST0463,PROD_S01,Non-Slip Eco Yoga Mat 6mm,Sports & Fitness,1,1299.0,2026-09-21 06:21:36
CUST0106,PROD_C02,SPF 50 Broad Spectrum Sunscreen,Beauty & Care,1,649.0,2026-09-29 12:21:36
CUST0450,PROD_F14,Water-Resistant Travel Backpack,Fashion,1,2399.0,2025-10-21 22:21:36
CUST0327,PROD_B10,Hands-On Machine Learning with Scikit-Learn,Books,1,1450.0,2026-01-31 20:21:36
CUST0198,PROD_C05,Organic Argan Oil Hair Treatment,Beauty & Care,1,750.0,2025-11-18 09:21:36
CUST0078,PROD_H11,Digital Kitchen Weighing Scale,Home & Kitchen,1,599.0,2025-10-08 16:21:36
CUST0342,PROD_E11,Active Noise Cancelling Earbuds,Electronics,1,3199.0,2026-03-30 11:21:36
CUST0007,PROD_B02,Atomic Habits by James Clear,Books,1,599.0,2026-05-24 18:21:36
CUST0017,PROD_F03,Slim Fit Casual Button-Up Shirt,Fashion,1,1499.0,2026-05-12 07:21:36
CUST0211,PROD_B06,Clean Code: Handbook of Software Craftsmanship,Books,2,1100.0,2026-06-20 22:21:36
CUST0357,PROD_S06,Speed Jump Rope with Ball Bearings,Sports & Fitness,1,399.0,2025-11-30 06:21:36
CUST0473,PROD_C08,Rechargeable Facial Cleansing Brush,Beauty & Care,1,1499.0,2026-03-09 00:21:36
CUST0273,PROD_H01,Stainless Steel Electric Kettle 1.8L,Home & Kitchen,1,1399.0,2026-06-20 07:21:36
CUST0180,PROD_E11,Active Noise Cancelling Earbuds,Electronics,1,3199.0,2025-10-27 09:21:36
CUST0107,PROD_F08,Athletic Workout Leggings,Fashion,1,1199.0,2026-05-08 23:21:36
CUST0084,PROD_E10,High-Speed Wi-Fi 6 Router,Electronics,1,3899.0,2026-06-30 07:21:36
CUST0120,PROD_C01,Hydrating Hyaluronic Acid Serum,Beauty & Care,1,899.0,2026-09-06 07:21:36
CUST0035,PROD_F05,Genuine Leather Crossbody Bag,Fashion,1,2799.0,2026-08-28 15:21:36
CUST0184,PROD_F04,Polarized UV Protection Sunglasses,Fashion,1,1299.0,2026-04-23 05:21:36
CUST0237,PROD_S02,Adjustable Dumbbell Set 20kg,Sports & Fitness,2,4599.0,2025-10-24 20:21:36
CUST0434,PROD_S04,High-Density Foam Muscle Roller,Sports & Fitness,1,899.0,2026-02-27 07:21:36
CUST0395,PROD_H07,Smart LED Desk Lamp with Dimmer,Home & Kitchen,1,1699.0,2025-12-14 00:21:36
CUST0130,PROD_B05,System Design Interview Guide,Books,1,950.0,2026-09-19 02:21:36
CUST0165,PROD_F08,Athletic Workout Leggings,Fashion,1,1199.0,2026-02-15 01:21:36
CUST0274,PROD_E05,Fast Charging USB-C Power Bank 20000mAh,Electronics,1,1999.0,2026-08-21 04:21:36
CUST0079,PROD_C08,Rechargeable Facial Cleansing Brush,Beauty & Care,3,1499.0,2025-12-30 19:21:36
CUST0016,PROD_C03,Vitamin C Facial Cleanser,Beauty & Care,1,499.0,2025-10-07 07:21:36
CUST0169,PROD_C05,Organic Argan Oil Hair Treatment,Beauty & Care,1,750.0,2026-04-04 01:21:36
CUST0301,PROD_B05,System Design Interview Guide,Books,1,950.0,2026-02-10 01:21:36
CUST0426,PROD_E17,External Hard Drive 2TB,Electronics,1,5299.0,2026-05-19 15:21:36
CUST0399,PROD_E16,Internal SSD 1TB NVMe,Electronics,1,6499.0,2025-12-08 16:21:36
CUST0125,PROD_B07,Python for Data Analysis,Books,3,850.0,2025-10-08 18:21:36
CUST0064,PROD_F11,Comfortable Canvas Slip-Ons,Fashion,1,1599.0,2026-04-25 19:21:36
CUST0021,PROD_S06,Speed Jump Rope with Ball Bearings,Sports & Fitness,2,399.0,2026-01-03 22:21:36
CUST0459,PROD_S02,Adjustable Dumbbell Set 20kg,Sports & Fitness,1,4599.0,2026-07-23 01:21:36
CUST0385,PROD_H11,Digital Kitchen Weighing Scale,Home & Kitchen,1,599.0,2025-11-24 20:21:36
CUST0210,PROD_H13,Stainless Steel Cutlery Set 24-Piece,Home & Kitchen,1,1799.0,2025-12-13 03:21:36
CUST0258,PROD_C06,Gentle Exfoliating Face Scrub,Beauty & Care,2,550.0,2025-10-15 12:21:36
CUST0076,PROD_S05,Insulated Sports Shaker Bottle,Sports & Fitness,1,499.0,2026-08-27 10:21:36
CUST0177,PROD_B05,System Design Interview Guide,Books,1,950.0,2026-09-16 00:21:36
CUST0255,PROD_H08,Insulated Vacuum Water Bottle 1L,Home & Kitchen,1,699.0,2026-07-03 10:21:36
CUST0257,PROD_B03,The Psychology of Money,Books,1,450.0,2026-09-21 07:21:36
CUST0376,PROD_B04,Designing Data-Intensive Applications,Books,1,1250.0,2026-03-09 00:21:36
CUST0090,PROD_S03,Resistance Loop Exercise Bands Set,Sports & Fitness,1,699.0,2026-05-10 05:21:36
CUST0456,PROD_H05,Non-Stick Ceramic Cookware Set 5-Piece,Home & Kitchen,1,3999.0,2025-10-26 02:21:36
CUST0371,PROD_S05,Insulated Sports Shaker Bottle,Sports & Fitness,1,499.0,2026-07-08 02:21:36
CUST0058,PROD_C02,SPF 50 Broad Spectrum Sunscreen,Beauty & Care,1,649.0,2026-06-27 09:21:36
CUST0094,PROD_B05,System Design Interview Guide,Books,1,950.0,2025-12-28 07:21:36
CUST0374,PROD_B07,Python for Data Analysis,Books,1,850.0,2026-05-25 10:21:36
CUST0102,PROD_E06,Smart Fitness Watch Series 5,Electronics,1,4999.0,2026-05-18 03:21:36
CUST0249,PROD_B08,"Thinking, Fast and Slow",Books,2,520.0,2025-11-03 13:21:36
CUST0305,PROD_S04,High-Density Foam Muscle Roller,Sports & Fitness,1,899.0,2026-05-13 23:21:36
CUST0042,PROD_B04,Designing Data-Intensive Applications,Books,1,1250.0,2025-12-02 08:21:36
CUST0322,PROD_C08,Rechargeable Facial Cleansing Brush,Beauty & Care,2,1499.0,2026-08-31 04:21:36
CUST0436,PROD_C05,Organic Argan Oil Hair Treatment,Beauty & Care,1,750.0,2026-02-07 00:21:36
CUST0053,PROD_B08,"Thinking, Fast and Slow",Books,1,520.0,2026-04-27 16:21:36
CUST0293,PROD_C08,Rechargeable Facial Cleansing Brush,Beauty & Care,1,1499.0,2025-12-08 19:21:36
CUST0209,PROD_F05,Genuine Leather Crossbody Bag,Fashion,1,2799.0,2026-01-18 09:21:36
CUST0259,PROD_F05,Genuine Leather Crossbody Bag,Fashion,1,2799.0,2026-08-02 07:21:36
CUST0449,PROD_H10,Bamboo Cutting Board Set,Home & Kitchen,1,899.0,2025-11-01 22:21:36
CUST0464,PROD_E17,External Hard Drive 2TB,Electronics,1,5299.0,2026-04-30 10:21:36
CUST0271,PROD_B05,System Design Interview Guide,Books,1,950.0,2026-01-27 22:21:36
CUST0299,PROD_F03,Slim Fit Casual Button-Up Shirt,Fashion,1,1499.0,2026-01-16 03:21:36
CUST0490,PROD_E07,Portable Bluetooth Speaker 20W,Electronics,1,2999.0,2026-06-21 06:21:36
CUST0007,PROD_F06,Warm Knit Winter Beanie,Fashion,2,499.0,2025-10-07 03:21:36
CUST0383,PROD_F04,Polarized UV Protection Sunglasses,Fashion,1,1299.0,2026-01-29 22:21:36
CUST0288,PROD_F09,Waterproof HIKING Boots,Fashion,1,4199.0,2026-01-25 16:21:36
CUST0036,PROD_F09,Waterproof HIKING Boots,Fashion,1,4199.0,2025-12-26 19:21:36
CUST0325,PROD_B06,Clean Code: Handbook of Software Craftsmanship,Books,1,1100.0,2026-01-22 14:21:36
CUST0357,PROD_S04,High-Density Foam Muscle Roller,Sports & Fitness,1,899.0,2026-04-03 15:21:36
CUST0466,PROD_H09,Aromatherapy Essential Oil Diffuser,Home & Kitchen,1,1299.0,2025-12-10 15:21:36
CUST0100,PROD_B05,System Design Interview Guide,Books,1,950.0,2026-08-11 15:21:36
CUST0273,PROD_B05,System Design Interview Guide,Books,1,950.0,2025-11-22 23:21:36
CUST0002,PROD_B05,System Design Interview Guide,Books,2,950.0,2026-01-12 01:21:36
CUST0442,PROD_C04,Sonic Electric Toothbrush,Beauty & Care,1,2299.0,2026-07-29 13:21:36
CUST0123,PROD_H06,Robot Vacuum Cleaner with Mop,Home & Kitchen,1,15999.0,2026-07-02 17:21:36
CUST0012,PROD_B01,Deep Learning Foundations & Applications,Books,1,899.0,2025-11-06 04:21:36
CUST0171,PROD_C05,Organic Argan Oil Hair Treatment,Beauty & Care,1,750.0,2026-01-13 12:21:36
CUST0009,PROD_B02,Atomic Habits by James Clear,Books,1,599.0,2026-02-25 00:21:36
CUST0120,PROD_B05,System Design Interview Guide,Books,1,950.0,2026-06-04 11:21:36
CUST0172,PROD_S05,Insulated Sports Shaker Bottle,Sports & Fitness,2,499.0,2026-01-27 04:21:36
CUST0320,PROD_C02,SPF 50 Broad Spectrum Sunscreen,Beauty & Care,2,649.0,2026-06-17 14:21:36
CUST0058,PROD_C01,Hydrating Hyaluronic Acid Serum,Beauty & Care,1,899.0,2026-04-19 17:21:36
CUST0462,PROD_F08,Athletic Workout Leggings,Fashion,1,1199.0,2026-01-11 06:21:36
CUST0389,PROD_E13,Surround Sound Gaming Headset,Electronics,2,2799.0,2025-11-05 19:21:36
CUST0126,PROD_C02,SPF 50 Broad Spectrum Sunscreen,Beauty & Care,1,649.0,2026-02-13 03:21:36
CUST0410,PROD_C03,Vitamin C Facial Cleanser,Beauty & Care,1,499.0,2025-10-30 13:21:36
CUST0141,PROD_E17,External Hard Drive 2TB,Electronics,1,5299.0,2026-02-12 16:21:36
CUST0297,PROD_B10,Hands-On Machine Learning with Scikit-Learn,Books,1,1450.0,2026-09-22 12:21:36
CUST0333,PROD_H12,Microfiber Bed Sheet Set Queen,Home & Kitchen,1,1499.0,2026-06-18 18:21:36
CUST0171,PROD_C02,SPF 50 Broad Spectrum Sunscreen,Beauty & Care,1,649.0,2025-12-15 00:21:36
CUST0374,PROD_B03,The Psychology of Money,Books,1,450.0,2026-02-08 18:21:36
CUST0053,PROD_H12,Microfiber Bed Sheet Set Queen,Home & Kitchen,1,1499.0,2026-07-30 06:21:36
CUST0497,PROD_F08,Athletic Workout Leggings,Fashion,2,1199.0,2026-02-28 15:21:36
CUST0100,PROD_S06,Speed Jump Rope with Ball Bearings,Sports & Fitness,1,399.0,2026-04-04 12:21:36
CUST0491,PROD_F09,Waterproof HIKING Boots,Fashion,1,4199.0,2026-08-14 09:21:36
CUST0329,PROD_F08,Athletic Workout Leggings,Fashion,1,1199.0,2026-06-23 05:21:36
CUST0207,PROD_C03,Vitamin C Facial Cleanser,Beauty & Care,1,499.0,2025-11-14 13:21:36
CUST0384,PROD_H13,Stainless Steel Cutlery Set 24-Piece,Home & Kitchen,1,1799.0,2026-03-22 19:21:36
CUST0467,PROD_F08,Athletic Workout Leggings,Fashion,3,1199.0,2026-02-17 06:21:36
CUST0072,PROD_F12,Hooded Fleece Sweatshirt,Fashion,1,1899.0,2026-03-30 23:21:36
CUST0022,PROD_E07,Portable Bluetooth Speaker 20W,Electronics,1,2999.0,2026-09-23 05:21:36
CUST0018,PROD_F14,Water-Resistant Travel Backpack,Fashion,2,2399.0,2026-04-28 01:21:36
CUST0417,PROD_E01,Wireless Noise-Canceling Headphones,Electronics,1,2499.0,2026-02-16 08:21:36
CUST0050,PROD_C08,Rechargeable Facial Cleansing Brush,Beauty & Care,1,1499.0,2025-12-16 04:21:36
CUST0273,PROD_H13,Stainless Steel Cutlery Set 24-Piece,Home & Kitchen,1,1799.0,2026-03-04 16:21:36
CUST0262,PROD_H12,Microfiber Bed Sheet Set Queen,Home & Kitchen,1,1499.0,2026-07-10 13:21:36
CUST0151,PROD_S08,Waterproof Cycling Helmet,Sports & Fitness,1,1899.0,2026-02-23 15:21:36
CUST0233,PROD_B07,Python for Data Analysis,Books,1,850.0,2025-12-23 14:21:36
CUST0386,PROD_S05,Insulated Sports Shaker Bottle,Sports & Fitness,2,499.0,2026-07-23 00:21:36
CUST0131,PROD_B08,"Thinking, Fast and Slow",Books,1,520.0,2026-06-09 10:21:36
CUST0192,PROD_E03,Ergonomic Wireless Mouse,Electronics,1,1299.0,2026-08-30 14:21:36
CUST0460,PROD_F11,Comfortable Canvas Slip-Ons,Fashion,1,1599.0,2026-02-11 12:21:36
CUST0012,PROD_B02,Atomic Habits by James Clear,Books,1,599.0,2026-05-01 10:21:36
CUST0024,PROD_H04,Automatic Espresso Coffee Maker,Home & Kitchen,3,12499.0,2026-08-15 08:21:36
CUST0029,PROD_E15,Wireless Phone Charging Pad,Electronics,1,999.0,2025-11-16 03:21:36
CUST0299,PROD_F01,Classic Cotton Denim Jacket,Fashion,2,2199.0,2025-12-08 13:21:36
CUST0258,PROD_C02,SPF 50 Broad Spectrum Sunscreen,Beauty & Care,1,649.0,2026-05-24 21:21:36
CUST0334,PROD_E07,Portable Bluetooth Speaker 20W,Electronics,1,2999.0,2026-09-16 12:21:36
CUST0393,PROD_F05,Genuine Leather Crossbody Bag,Fashion,1,2799.0,2026-07-15 04:21:36
CUST0379,PROD_H12,Microfiber Bed Sheet Set Queen,Home & Kitchen,1,1499.0,2025-10-22 02:21:36
CUST0244,PROD_E07,Portable Bluetooth Speaker 20W,Electronics,1,2999.0,2026-06-10 08:21:36
CUST0214,PROD_F01,Classic Cotton Denim Jacket,Fashion,2,2199.0,2025-12-12 21:21:36
CUST0347,PROD_B08,"Thinking, Fast and Slow",Books,2,520.0,2026-01-07 08:21:36
CUST0165,PROD_B05,System Design Interview Guide,Books,1,950.0,2026-02-12 02:21:36
CUST0105,PROD_E02,Mechanical Gaming Keyboard,Electronics,1,3499.0,2025-10-25 23:21:36
CUST0180,PROD_E06,Smart Fitness Watch Series 5,Electronics,1,4999.0,2025-10-29 20:21:36
CUST0121,PROD_B03,The Psychology of Money,Books,1,450.0,2026-05-17 19:21:36
CUST0307,PROD_F06,Warm Knit Winter Beanie,Fashion,1,499.0,2026-08-14 13:21:36
CUST0291,PROD_F05,Genuine Leather Crossbody Bag,Fashion,1,2799.0,2026-09-29 07:21:36
CUST0185,PROD_C06,Gentle Exfoliating Face Scrub,Beauty & Care,2,550.0,2025-12-13 18:21:36
CUST0104,PROD_E17,External Hard Drive 2TB,Electronics,1,5299.0,2025-10-21 12:21:36
CUST0372,PROD_S05,Insulated Sports Shaker Bottle,Sports & Fitness,1,499.0,2026-01-02 08:21:36
CUST0256,PROD_B08,"Thinking, Fast and Slow",Books,1,520.0,2026-03-26 03:21:36
CUST0488,PROD_E17,External Hard Drive 2TB,Electronics,1,5299.0,2025-10-19 22:21:36
CUST0497,PROD_H06,Robot Vacuum Cleaner with Mop,Home & Kitchen,1,15999.0,2026-08-31 18:21:36
CUST0466,PROD_H07,Smart LED Desk Lamp with Dimmer,Home & Kitchen,1,1699.0,2025-12-04 17:21:36
CUST0016,PROD_C02,SPF 50 Broad Spectrum Sunscreen,Beauty & Care,1,649.0,2026-03-05 15:21:36
CUST0270,PROD_H01,Stainless Steel Electric Kettle 1.8L,Home & Kitchen,1,1399.0,2026-07-11 05:21:36
CUST0465,PROD_H13,Stainless Steel Cutlery Set 24-Piece,Home & Kitchen,1,1799.0,2026-07-07 15:21:36
CUST0359,PROD_B02,Atomic Habits by James Clear,Books,1,599.0,2026-05-30 19:21:36
CUST0231,PROD_F09,Waterproof HIKING Boots,Fashion,1,4199.0,2026-04-12 16:21:36
CUST0017,PROD_S04,High-Density Foam Muscle Roller,Sports & Fitness,1,899.0,2025-11-08 14:21:36
CUST0409,PROD_F10,Formal Leather Belt Black,Fashion,1,799.0,2025-10-16 10:21:36
CUST0218,PROD_H01,Stainless Steel Electric Kettle 1.8L,Home & Kitchen,1,1399.0,2026-07-03 21:21:36
CUST0016,PROD_C04,Sonic Electric Toothbrush,Beauty & Care,1,2299.0,2025-10-26 12:21:36
CUST0427,PROD_H01,Stainless Steel Electric Kettle 1.8L,Home & Kitchen,1,1399.0,2026-02-16 18:21:36
CUST0283,PROD_F06,Warm Knit Winter Beanie,Fashion,1,499.0,2026-08-18 00:21:36
CUST0259,PROD_C07,Natural Charcoal Detox Mask,Beauty & Care,1,699.0,2026-06-18 23:21:36
CUST0198,PROD_B05,System Design Interview Guide,Books,1,950.0,2026-02-03 08:21:36
CUST0182,PROD_E10,High-Speed Wi-Fi 6 Router,Electronics,1,3899.0,2026-05-24 22:21:36
CUST0256,PROD_B08,"Thinking, Fast and Slow",Books,2,520.0,2026-09-17 14:21:36
CUST0338,PROD_H05,Non-Stick Ceramic Cookware Set 5-Piece,Home & Kitchen,1,3999.0,2026-05-20 02:21:36
CUST0404,PROD_B05,System Design Interview Guide,Books,1,950.0,2026-09-17 21:21:36
CUST0235,PROD_C04,Sonic Electric Toothbrush,Beauty & Care,1,2299.0,2026-01-13 17:21:36
CUST0403,PROD_E11,Active Noise Cancelling Earbuds,Electronics,1,3199.0,2025-11-03 12:21:36
CUST0107,PROD_B02,Atomic Habits by James Clear,Books,1,599.0,2026-06-05 22:21:36
CUST0214,PROD_B05,System Design Interview Guide,Books,1,950.0,2026-09-01 18:21:36
CUST0194,PROD_S05,Insulated Sports Shaker Bottle,Sports & Fitness,1,499.0,2026-07-06 17:21:36
CUST0050,PROD_C02,SPF 50 Broad Spectrum Sunscreen,Beauty & Care,1,649.0,2026-04-14 06:21:36
CUST0460,PROD_F07,Stainless Steel Quartz Wristwatch,Fashion,1,4499.0,2025-12-19 01:21:36
CUST0281,PROD_B10,Hands-On Machine Learning with Scikit-Learn,Books,1,1450.0,2025-12-30 15:21:36
CUST0188,PROD_E04,4K Ultra HD Smart Monitor 27-inch,Electronics,1,18999.0,2025-12-12 22:21:36
CUST0476,PROD_S01,Non-Slip Eco Yoga Mat 6mm,Sports & Fitness,1,1299.0,2026-01-14 15:21:36
CUST0442,PROD_C08,Rechargeable Facial Cleansing Brush,Beauty & Care,1,1499.0,2026-09-07 05:21:36
CUST0095,PROD_C06,Gentle Exfoliating Face Scrub,Beauty & Care,1,550.0,2026-01-13 06:21:36
CUST0237,PROD_S07,Breathable Weightlifting Gloves,Sports & Fitness,1,599.0,2026-09-07 01:21:36
CUST0222,PROD_E05,Fast Charging USB-C Power Bank 20000mAh,Electronics,1,1999.0,2026-08-27 13:21:36
CUST0344,PROD_S02,Adjustable Dumbbell Set 20kg,Sports & Fitness,1,4599.0,2026-07-12 00:21:36
CUST0290,PROD_E02,Mechanical Gaming Keyboard,Electronics,1,3499.0,2025-10-28 19:21:36
CUST0274,PROD_F06,Warm Knit Winter Beanie,Fashion,1,499.0,2026-04-22 17:21:36
CUST0469,PROD_B05,System Design Interview Guide,Books,1,950.0,2026-01-06 04:21:36
CUST0284,PROD_B02,Atomic Habits by James Clear,Books,1,599.0,2026-02-18 04:21:36
CUST0118,PROD_C08,Rechargeable Facial Cleansing Brush,Beauty & Care,1,1499.0,2026-01-12 23:21:36
CUST0481,PROD_F01,Classic Cotton Denim Jacket,Fashion,1,2199.0,2026-03-28 23:21:36
CUST0226,PROD_F08,Athletic Workout Leggings,Fashion,1,1199.0,2026-04-13 01:21:36
CUST0476,PROD_S05,Insulated Sports Shaker Bottle,Sports & Fitness,1,499.0,2026-02-14 04:21:36
CUST0466,PROD_H09,Aromatherapy Essential Oil Diffuser,Home & Kitchen,1,1299.0,2026-03-09 23:21:36
CUST0323,PROD_E15,Wireless Phone Charging Pad,Electronics,1,999.0,2025-12-27 10:21:36
CUST0380,PROD_C08,Rechargeable Facial Cleansing Brush,Beauty & Care,1,1499.0,2026-04-12 01:21:36
CUST0366,PROD_S03,Resistance Loop Exercise Bands Set,Sports & Fitness,1,699.0,2026-08-05 13:21:36
CUST0210,PROD_H13,Stainless Steel Cutlery Set 24-Piece,Home & Kitchen,1,1799.0,2025-12-22 06:21:36
CUST0281,PROD_C07,Natural Charcoal Detox Mask,Beauty & Care,1,699.0,2025-11-01 02:21:36
CUST0074,PROD_C03,Vitamin C Facial Cleanser,Beauty & Care,1,499.0,2026-07-16 15:21:36
CUST0123,PROD_F06,Warm Knit Winter Beanie,Fashion,1,499.0,2026-07-18 16:21:36
CUST0259,PROD_C02,SPF 50 Broad Spectrum Sunscreen,Beauty & Care,1,649.0,2026-06-20 06:21:36
CUST0310,PROD_H01,Stainless Steel Electric Kettle 1.8L,Home & Kitchen,1,1399.0,2026-05-14 20:21:36
CUST0201,PROD_H12,Microfiber Bed Sheet Set Queen,Home & Kitchen,1,1499.0,2026-05-29 17:21:36
CUST0200,PROD_F12,Hooded Fleece Sweatshirt,Fashion,1,1899.0,2025-10-11 06:21:36
CUST0127,PROD_B05,System Design Interview Guide,Books,1,950.0,2026-05-28 14:21:36
CUST0289,PROD_B05,System Design Interview Guide,Books,1,950.0,2026-06-26 04:21:36
CUST0098,PROD_S07,Breathable Weightlifting Gloves,Sports & Fitness,1,599.0,2026-04-22 09:21:36
CUST0437,PROD_B08,"Thinking, Fast and Slow",Books,1,520.0,2026-04-13 17:21:36
CUST0430,PROD_F09,Waterproof HIKING Boots,Fashion,1,4199.0,2025-10-13 01:21:36
CUST0235,PROD_E14,Smart Plug with Voice Control,Electronics,1,799.0,2026-08-10 23:21:36
CUST0219,PROD_H02,Digital Air Fryer 4.5L,Home & Kitchen,1,5999.0,2026-05-29 11:21:36
CUST0161,PROD_H04,Automatic Espresso Coffee Maker,Home & Kitchen,1,12499.0,2026-05-14 03:21:36
CUST0289,PROD_B10,Hands-On Machine Learning with Scikit-Learn,Books,1,1450.0,2026-09-10 23:21:36
CUST0266,PROD_B08,"Thinking, Fast and Slow",Books,1,520.0,2026-07-08 09:21:36
CUST0302,PROD_E09,HD Web Camera with Microphone,Electronics,2,2199.0,2026-04-18 05:21:36
CUST0012,PROD_F08,Athletic Workout Leggings,Fashion,2,1199.0,2026-01-30 22:21:36
CUST0039,PROD_C06,Gentle Exfoliating Face Scrub,Beauty & Care,1,550.0,2026-09-29 19:21:36
CUST0056,PROD_S02,Adjustable Dumbbell Set 20kg,Sports & Fitness,1,4599.0,2026-07-23 07:21:36
CUST0180,PROD_C06,Gentle Exfoliating Face Scrub,Beauty & Care,1,550.0,2025-12-24 01:21:36
CUST0022,PROD_E01,Wireless Noise-Canceling Headphones,Electronics,1,2499.0,2026-04-15 01:21:36
CUST0396,PROD_H11,Digital Kitchen Weighing Scale,Home & Kitchen,1,599.0,2026-10-02 10:21:36
CUST0090,PROD_S01,Non-Slip Eco Yoga Mat 6mm,Sports & Fitness,2,1299.0,2026-09-03 17:21:36
CUST0375,PROD_H08,Insulated Vacuum Water Bottle 1L,Home & Kitchen,2,699.0,2026-02-12 07:21:36
CUST0415,PROD_F12,Hooded Fleece Sweatshirt,Fashion,1,1899.0,2026-02-25 02:21:36
CUST0463,PROD_S02,Adjustable Dumbbell Set 20kg,Sports & Fitness,1,4599.0,2026-04-24 17:21:36
CUST0456,PROD_H11,Digital Kitchen Weighing Scale,Home & Kitchen,1,599.0,2025-12-29 07:21:36
CUST0031,PROD_E10,High-Speed Wi-Fi 6 Router,Electronics,1,3899.0,2026-02-23 05:21:36
CUST0345,PROD_C07,Natural Charcoal Detox Mask,Beauty & Care,1,699.0,2025-12-11 07:21:36
CUST0167,PROD_F02,Breathable Running Sneakers,Fashion,1,3299.0,2025-11-25 19:21:36
CUST0494,PROD_C04,Sonic Electric Toothbrush,Beauty & Care,1,2299.0,2026-03-09 10:21:36
CUST0136,PROD_S02,Adjustable Dumbbell Set 20kg,Sports & Fitness,1,4599.0,2025-12-08 12:21:36
CUST0020,PROD_B05,System Design Interview Guide,Books,1,950.0,2026-03-20 00:21:36
CUST0181,PROD_E04,4K Ultra HD Smart Monitor 27-inch,Electronics,1,18999.0,2026-08-01 06:21:36
CUST0401,PROD_C07,Natural Charcoal Detox Mask,Beauty & Care,1,699.0,2026-01-09 01:21:36
CUST0402,PROD_F08,Athletic Workout Leggings,Fashion,1,1199.0,2026-01-28 21:21:36
CUST0226,PROD_F06,Warm Knit Winter Beanie,Fashion,1,499.0,2026-05-03 10:21:36
CUST0392,PROD_B04,Designing Data-Intensive Applications,Books,1,1250.0,2026-04-07 06:21:36
CUST0092,PROD_S04,High-Density Foam Muscle Roller,Sports & Fitness,1,899.0,2026-02-19 10:21:36
CUST0438,PROD_S08,Waterproof Cycling Helmet,Sports & Fitness,1,1899.0,2026-07-08 13:21:36
CUST0334,PROD_B02,Atomic Habits by James Clear,Books,3,599.0,2026-01-16 19:21:36
CUST0287,PROD_B02,Atomic Habits by James Clear,Books,1,599.0,2026-01-26 16:21:36
CUST0318,PROD_F08,Athletic Workout Leggings,Fashion,1,1199.0,2026-04-11 21:21:36
CUST0422,PROD_S08,Waterproof Cycling Helmet,Sports & Fitness,1,1899.0,2026-03-12 11:21:36
CUST0315,PROD_E13,Surround Sound Gaming Headset,Electronics,1,2799.0,2026-08-19 11:21:36
CUST0228,PROD_F06,Warm Knit Winter Beanie,Fashion,1,499.0,2026-08-27 03:21:36
CUST0190,PROD_F04,Polarized UV Protection Sunglasses,Fashion,1,1299.0,2026-05-25 02:21:36
CUST0438,PROD_B10,Hands-On Machine Learning with Scikit-Learn,Books,1,1450.0,2026-04-04 13:21:36
CUST0320,PROD_C06,Gentle Exfoliating Face Scrub,Beauty & Care,1,550.0,2026-06-02 12:21:36
CUST0180,PROD_E07,Portable Bluetooth Speaker 20W,Electronics,1,2999.0,2026-05-30 04:21:36
CUST0327,PROD_F01,Classic Cotton Denim Jacket,Fashion,1,2199.0,2026-07-08 23:21:36
CUST0116,PROD_H09,Aromatherapy Essential Oil Diffuser,Home & Kitchen,1,1299.0,2026-05-27 11:21:36
CUST0093,PROD_H01,Stainless Steel Electric Kettle 1.8L,Home & Kitchen,3,1399.0,2026-07-12 05:21:36
CUST0329,PROD_F04,Polarized UV Protection Sunglasses,Fashion,1,1299.0,2026-02-23 17:21:36
CUST0083,PROD_E10,High-Speed Wi-Fi 6 Router,Electronics,1,3899.0,2026-07-22 01:21:36
CUST0331,PROD_F14,Water-Resistant Travel Backpack,Fashion,1,2399.0,2026-09-29 09:21:36
CUST0313,PROD_E07,Portable Bluetooth Speaker 20W,Electronics,1,2999.0,2025-11-02 20:21:36
CUST0016,PROD_S04,High-Density Foam Muscle Roller,Sports & Fitness,1,899.0,2026-02-06 13:21:36
CUST0455,PROD_H13,Stainless Steel Cutlery Set 24-Piece,Home & Kitchen,1,1799.0,2026-07-29 05:21:36
CUST0472,PROD_S02,Adjustable Dumbbell Set 20kg,Sports & Fitness,1,4599.0,2026-01-16 13:21:36
CUST0326,PROD_B07,Python for Data Analysis,Books,1,850.0,2026-08-25 00:21:36
CUST0113,PROD_B07,Python for Data Analysis,Books,2,850.0,2026-05-17 19:21:36
CUST0115,PROD_H10,Bamboo Cutting Board Set,Home & Kitchen,1,899.0,2026-09-02 23:21:36
CUST0340,PROD_F03,Slim Fit Casual Button-Up Shirt,Fashion,1,1499.0,2026-04-29 11:21:36
CUST0439,PROD_C04,Sonic Electric Toothbrush,Beauty & Care,2,2299.0,2026-08-10 11:21:36
CUST0086,PROD_C02,SPF 50 Broad Spectrum Sunscreen,Beauty & Care,1,649.0,2026-06-21 22:21:36
CUST0006,PROD_B05,System Design Interview Guide,Books,1,950.0,2026-01-02 17:21:36
CUST0167,PROD_F14,Water-Resistant Travel Backpack,Fashion,1,2399.0,2026-09-07 15:21:36
CUST0046,PROD_S05,Insulated Sports Shaker Bottle,Sports & Fitness,1,499.0,2026-05-13 02:21:36
CUST0344,PROD_S03,Resistance Loop Exercise Bands Set,Sports & Fitness,2,699.0,2025-12-23 16:21:36
CUST0124,PROD_S06,Speed Jump Rope with Ball Bearings,Sports & Fitness,1,399.0,2026-01-04 07:21:36
CUST0289,PROD_B09,Zero to One by Peter Thiel,Books,1,480.0,2026-03-05 21:21:36
CUST0239,PROD_H01,Stainless Steel Electric Kettle 1.8L,Home & Kitchen,1,1399.0,2025-11-22 08:21:36
CUST0012,PROD_B01,Deep Learning Foundations & Applications,Books,1,899.0,2026-09-11 17:21:36
CUST0340,PROD_F09,Waterproof HIKING Boots,Fashion,1,4199.0,2026-04-25 04:21:36
CUST0363,PROD_S02,Adjustable Dumbbell Set 20kg,Sports & Fitness,1,4599.0,2025-10-28 07:21:36
CUST0293,PROD_C06,Gentle Exfoliating Face Scrub,Beauty & Care,1,550.0,2026-10-01 18:21:36
CUST0153,PROD_B10,Hands-On Machine Learning with Scikit-Learn,Books,1,1450.0,2026-05-09 10:21:36
CUST0358,PROD_F06,Warm Knit Winter Beanie,Fashion,1,499.0,2026-04-16 08:21:36
CUST0036,PROD_F06,Warm Knit Winter Beanie,Fashion,1,499.0,2026-03-24 12:21:36
CUST0039,PROD_C04,Sonic Electric Toothbrush,Beauty & Care,1,2299.0,2026-07-21 07:21:36
CUST0146,PROD_E10,High-Speed Wi-Fi 6 Router,Electronics,1,3899.0,2026-07-19 17:21:36
CUST0253,PROD_C04,Sonic Electric Toothbrush,Beauty & Care,1,2299.0,2026-07-02 21:21:36
CUST0299,PROD_F03,Slim Fit Casual Button-Up Shirt,Fashion,1,1499.0,2026-04-26 09:21:36
CUST0109,PROD_S02,Adjustable Dumbbell Set 20kg,Sports & Fitness,1,4599.0,2025-11-24 12:21:36
CUST0071,PROD_F02,Breathable Running Sneakers,Fashion,1,3299.0,2025-12-31 20:21:36
CUST0360,PROD_C03,Vitamin C Facial Cleanser,Beauty & Care,1,499.0,2026-01-07 04:21:36
CUST0133,PROD_F02,Breathable Running Sneakers,Fashion,1,3299.0,2026-05-06 14:21:36
CUST0061,PROD_C01,Hydrating Hyaluronic Acid Serum,Beauty & Care,1,899.0,2026-07-10 14:21:36
CUST0082,PROD_F08,Athletic Workout Leggings,Fashion,1,1199.0,2026-07-23 23:21:36
CUST0203,PROD_E13,Surround Sound Gaming Headset,Electronics,1,2799.0,2026-04-28 18:21:36
CUST0438,PROD_S08,Waterproof Cycling Helmet,Sports & Fitness,1,1899.0,2026-08-22 11:21:36
CUST0075,PROD_F09,Waterproof HIKING Boots,Fashion,1,4199.0,2026-04-09 16:21:36
CUST0295,PROD_E11,Active Noise Cancelling Earbuds,Electronics,1,3199.0,2026-02-20 04:21:36
CUST0398,PROD_H10,Bamboo Cutting Board Set,Home & Kitchen,1,899.0,2026-07-20 04:21:36
CUST0416,PROD_H04,Automatic Espresso Coffee Maker,Home & Kitchen,1,12499.0,2026-01-18 20:21:36
CUST0337,PROD_B07,Python for Data Analysis,Books,1,850.0,2026-01-04 03:21:36
CUST0022,PROD_E17,External Hard Drive 2TB,Electronics,1,5299.0,2026-09-10 15:21:36
CUST0467,PROD_S02,Adjustable Dumbbell Set 20kg,Sports & Fitness,1,4599.0,2026-01-18 16:21:36
CUST0146,PROD_C08,Rechargeable Facial Cleansing Brush,Beauty & Care,1,1499.0,2026-05-04 10:21:36
CUST0126,PROD_C08,Rechargeable Facial Cleansing Brush,Beauty & Care,1,1499.0,2025-11-11 01:21:36
CUST0211,PROD_E08,Multi-Port USB Hub Type-C,Electronics,1,899.0,2026-05-07 02:21:36
CUST0445,PROD_C02,SPF 50 Broad Spectrum Sunscreen,Beauty & Care,1,649.0,2025-10-25 12:21:36
CUST0363,PROD_H01,Stainless Steel Electric Kettle 1.8L,Home & Kitchen,1,1399.0,2026-02-14 07:21:36
CUST0089,PROD_S05,Insulated Sports Shaker Bottle,Sports & Fitness,1,499.0,2026-04-17 10:21:36
CUST0033,PROD_C03,Vitamin C Facial Cleanser,Beauty & Care,1,499.0,2026-02-07 04:21:36
CUST0321,PROD_H11,Digital Kitchen Weighing Scale,Home & Kitchen,1,599.0,2026-08-26 03:21:36
CUST0406,PROD_C07,Natural Charcoal Detox Mask,Beauty & Care,1,699.0,2026-05-29 03:21:36
CUST0390,PROD_E09,HD Web Camera with Microphone,Electronics,1,2199.0,2026-08-05 19:21:36
CUST0307,PROD_F05,Genuine Leather Crossbody Bag,Fashion,1,2799.0,2026-03-23 08:21:36
CUST0164,PROD_F08,Athletic Workout Leggings,Fashion,1,1199.0,2025-11-22 15:21:36
CUST0028,PROD_E10,High-Speed Wi-Fi 6 Router,Electronics,1,3899.0,2026-08-08 02:21:36
CUST0230,PROD_H12,Microfiber Bed Sheet Set Queen,Home & Kitchen,3,1499.0,2026-01-19 01:21:36
CUST0466,PROD_H05,Non-Stick Ceramic Cookware Set 5-Piece,Home & Kitchen,1,3999.0,2026-04-11 14:21:36
CUST0138,PROD_S05,Insulated Sports Shaker Bottle,Sports & Fitness,1,499.0,2025-11-06 20:21:36
CUST0231,PROD_F09,Waterproof HIKING Boots,Fashion,1,4199.0,2025-10-05 23:21:36
CUST0080,PROD_H12,Microfiber Bed Sheet Set Queen,Home & Kitchen,2,1499.0,2026-01-22 05:21:36
CUST0145,PROD_B10,Hands-On Machine Learning with Scikit-Learn,Books,1,1450.0,2026-08-18 11:21:36
CUST0495,PROD_C06,Gentle Exfoliating Face Scrub,Beauty & Care,1,550.0,2026-04-20 00:21:36
CUST0030,PROD_B04,Designing Data-Intensive Applications,Books,1,1250.0,2026-02-11 23:21:36
CUST0385,PROD_B06,Clean Code: Handbook of Software Craftsmanship,Books,2,1100.0,2026-06-27 16:21:36
CUST0215,PROD_S05,Insulated Sports Shaker Bottle,Sports & Fitness,1,499.0,2026-07-10 00:21:36
CUST0242,PROD_F06,Warm Knit Winter Beanie,Fashion,1,499.0,2026-04-26 19:21:36
CUST0245,PROD_C02,SPF 50 Broad Spectrum Sunscreen,Beauty & Care,1,649.0,2025-11-27 06:21:36
CUST0008,PROD_H04,Automatic Espresso Coffee Maker,Home & Kitchen,1,12499.0,2026-03-20 05:21:36
CUST0117,PROD_E10,High-Speed Wi-Fi 6 Router,Electronics,1,3899.0,2026-04-24 08:21:36
CUST0115,PROD_F09,Waterproof HIKING Boots,Fashion,1,4199.0,2026-08-27 08:21:36
CUST0196,PROD_B07,Python for Data Analysis,Books,2,850.0,2026-04-02 11:21:36
CUST0326,PROD_B09,Zero to One by Peter Thiel,Books,2,480.0,2026-02-10 01:21:36
CUST0154,PROD_S01,Non-Slip Eco Yoga Mat 6mm,Sports & Fitness,2,1299.0,2025-10-31 04:21:36
CUST0169,PROD_C07,Natural Charcoal Detox Mask,Beauty & Care,1,699.0,2026-08-22 20:21:36
CUST0144,PROD_S05,Insulated Sports Shaker Bottle,Sports & Fitness,1,499.0,2026-07-19 15:21:36
CUST0416,PROD_B08,"Thinking, Fast and Slow",Books,1,520.0,2026-01-24 20:21:36
CUST0230,PROD_H08,Insulated Vacuum Water Bottle 1L,Home & Kitchen,1,699.0,2026-01-17 19:21:36
CUST0489,PROD_S04,High-Density Foam Muscle Roller,Sports & Fitness,1,899.0,2026-02-20 09:21:36
CUST0331,PROD_E17,External Hard Drive 2TB,Electronics,1,5299.0,2026-03-16 20:21:36
CUST0331,PROD_F03,Slim Fit Casual Button-Up Shirt,Fashion,1,1499.0,2025-10-25 09:21:36
CUST0270,PROD_H06,Robot Vacuum Cleaner with Mop,Home & Kitchen,1,15999.0,2026-01-17 04:21:36
CUST0186,PROD_C06,Gentle Exfoliating Face Scrub,Beauty & Care,1,550.0,2026-06-15 13:21:36
CUST0200,PROD_F03,Slim Fit Casual Button-Up Shirt,Fashion,1,1499.0,2026-09-12 11:21:36
CUST0228,PROD_C08,Rechargeable Facial Cleansing Brush,Beauty & Care,1,1499.0,2026-03-19 05:21:36
CUST0276,PROD_C07,Natural Charcoal Detox Mask,Beauty & Care,1,699.0,2026-02-17 22:21:36
CUST0155,PROD_C06,Gentle Exfoliating Face Scrub,Beauty & Care,1,550.0,2025-11-22 10:21:36
CUST0347,PROD_B04,Designing Data-Intensive Applications,Books,1,1250.0,2026-02-21 07:21:36
CUST0381,PROD_F12,Hooded Fleece Sweatshirt,Fashion,1,1899.0,2026-08-05 00:21:36
CUST0106,PROD_C04,Sonic Electric Toothbrush,Beauty & Care,1,2299.0,2026-01-01 13:21:36
CUST0369,PROD_E02,Mechanical Gaming Keyboard,Electronics,1,3499.0,2026-04-28 03:21:36
CUST0225,PROD_B04,Designing Data-Intensive Applications,Books,1,1250.0,2025-11-07 11:21:36
CUST0152,PROD_S05,Insulated Sports Shaker Bottle,Sports & Fitness,1,499.0,2026-08-04 10:21:36
CUST0144,PROD_B01,Deep Learning Foundations & Applications,Books,1,899.0,2025-10-08 06:21:36
CUST0084,PROD_F11,Comfortable Canvas Slip-Ons,Fashion,1,1599.0,2025-12-07 05:21:36
CUST0049,PROD_E01,Wireless Noise-Canceling Headphones,Electronics,2,2499.0,2026-09-02 09:21:36
CUST0338,PROD_H07,Smart LED Desk Lamp with Dimmer,Home & Kitchen,1,1699.0,2026-05-18 07:21:36
CUST0318,PROD_F04,Polarized UV Protection Sunglasses,Fashion,1,1299.0,2025-12-08 00:21:36
CUST0430,PROD_B06,Clean Code: Handbook of Software Craftsmanship,Books,1,1100.0,2026-03-11 14:21:36
CUST0438,PROD_S03,Resistance Loop Exercise Bands Set,Sports & Fitness,1,699.0,2025-10-24 19:21:36
CUST0328,PROD_F09,Waterproof HIKING Boots,Fashion,1,4199.0,2026-09-12 23:21:36
CUST0055,PROD_H08,Insulated Vacuum Water Bottle 1L,Home & Kitchen,1,699.0,2026-03-30 07:21:36
CUST0116,PROD_H03,Memory Foam Orthopedic Pillow,Home & Kitchen,1,1199.0,2026-08-11 08:21:36
CUST0292,PROD_E09,HD Web Camera with Microphone,Electronics,1,2199.0,2025-10-15 11:21:36
CUST0487,PROD_F11,Comfortable Canvas Slip-Ons,Fashion,1,1599.0,2026-01-25 23:21:36
CUST0071,PROD_H06,Robot Vacuum Cleaner with Mop,Home & Kitchen,1,15999.0,2026-01-23 23:21:36
CUST0375,PROD_H04,Automatic Espresso Coffee Maker,Home & Kitchen,1,12499.0,2026-08-30 03:21:36
CUST0167,PROD_F07,Stainless Steel Quartz Wristwatch,Fashion,1,4499.0,2025-10-14 07:21:36
CUST0412,PROD_C08,Rechargeable Facial Cleansing Brush,Beauty & Care,1,1499.0,2025-11-11 22:21:36
CUST0193,PROD_F03,Slim Fit Casual Button-Up Shirt,Fashion,1,1499.0,2026-03-22 17:21:36
CUST0109,PROD_E12,Aluminum Laptop Cooling Pad,Electronics,3,1499.0,2026-03-05 22:21:36
CUST0243,PROD_F08,Athletic Workout Leggings,Fashion,1,1199.0,2026-10-05 06:21:36
CUST0459,PROD_F08,Athletic Workout Leggings,Fashion,1,1199.0,2026-05-22 14:21:36
CUST0025,PROD_H07,Smart LED Desk Lamp with Dimmer,Home & Kitchen,1,1699.0,2026-02-08 12:21:36
CUST0190,PROD_F03,Slim Fit Casual Button-Up Shirt,Fashion,1,1499.0,2026-03-31 08:21:36
CUST0257,PROD_B08,"Thinking, Fast and Slow",Books,1,520.0,2026-01-17 21:21:36
CUST0147,PROD_C06,Gentle Exfoliating Face Scrub,Beauty & Care,1,550.0,2026-02-25 19:21:36
CUST0386,PROD_H01,Stainless Steel Electric Kettle 1.8L,Home & Kitchen,1,1399.0,2026-09-15 10:21:36
CUST0207,PROD_C04,Sonic Electric Toothbrush,Beauty & Care,1,2299.0,2026-05-14 18:21:36
CUST0111,PROD_B03,The Psychology of Money,Books,1,450.0,2026-07-15 04:21:36
CUST0355,PROD_S08,Waterproof Cycling Helmet,Sports & Fitness,1,1899.0,2025-12-12 08:21:36
CUST0447,PROD_H13,Stainless Steel Cutlery Set 24-Piece,Home & Kitchen,1,1799.0,2025-12-06 19:21:36
CUST0369,PROD_E07,Portable Bluetooth Speaker 20W,Electronics,1,2999.0,2026-03-14 14:21:36
CUST0207,PROD_C02,SPF 50 Broad Spectrum Sunscreen,Beauty & Care,1,649.0,2026-03-06 07:21:36
CUST0088,PROD_F06,Warm Knit Winter Beanie,Fashion,1,499.0,2026-07-29 03:21:36
CUST0052,PROD_H12,Microfiber Bed Sheet Set Queen,Home & Kitchen,1,1499.0,2026-02-19 23:21:36
CUST0254,PROD_B05,System Design Interview Guide,Books,1,950.0,2025-12-14 02:21:36
CUST0204,PROD_F12,Hooded Fleece Sweatshirt,Fashion,3,1899.0,2025-11-28 14:21:36
CUST0335,PROD_F10,Formal Leather Belt Black,Fashion,1,799.0,2025-10-15 10:21:36
CUST0253,PROD_C06,Gentle Exfoliating Face Scrub,Beauty & Care,1,550.0,2025-12-11 12:21:36
CUST0299,PROD_F04,Polarized UV Protection Sunglasses,Fashion,1,1299.0,2026-09-01 22:21:36
CUST0239,PROD_H10,Bamboo Cutting Board Set,Home & Kitchen,1,899.0,2026-07-11 07:21:36
CUST0317,PROD_E01,Wireless Noise-Canceling Headphones,Electronics,1,2499.0,2025-12-01 12:21:36
CUST0363,PROD_S05,Insulated Sports Shaker Bottle,Sports & Fitness,1,499.0,2025-11-04 01:21:36
CUST0407,PROD_E10,High-Speed Wi-Fi 6 Router,Electronics,2,3899.0,2026-10-05 03:21:36
CUST0287,PROD_E17,External Hard Drive 2TB,Electronics,2,5299.0,2026-07-09 14:21:36
CUST0290,PROD_B10,Hands-On Machine Learning with Scikit-Learn,Books,1,1450.0,2026-06-24 07:21:36
CUST0469,PROD_F04,Polarized UV Protection Sunglasses,Fashion,1,1299.0,2026-05-16 15:21:36
CUST0118,PROD_B05,System Design Interview Guide,Books,1,950.0,2026-07-03 00:21:36
CUST0244,PROD_E02,Mechanical Gaming Keyboard,Electronics,1,3499.0,2026-05-03 17:21:36
CUST0435,PROD_E10,High-Speed Wi-Fi 6 Router,Electronics,1,3899.0,2026-04-21 08:21:36
CUST0348,PROD_C05,Organic Argan Oil Hair Treatment,Beauty & Care,1,750.0,2025-12-20 13:21:36
CUST0275,PROD_H04,Automatic Espresso Coffee Maker,Home & Kitchen,1,12499.0,2026-03-27 08:21:36
CUST0376,PROD_E04,4K Ultra HD Smart Monitor 27-inch,Electronics,1,18999.0,2026-07-04 22:21:36
CUST0044,PROD_B04,Designing Data-Intensive Applications,Books,1,1250.0,2026-08-24 09:21:36
CUST0258,PROD_C01,Hydrating Hyaluronic Acid Serum,Beauty & Care,1,899.0,2026-04-22 21:21:36
CUST0027,PROD_C06,Gentle Exfoliating Face Scrub,Beauty & Care,1,550.0,2026-06-02 01:21:36
CUST0387,PROD_H09,Aromatherapy Essential Oil Diffuser,Home & Kitchen,1,1299.0,2026-07-03 02:21:36
CUST0038,PROD_H04,Automatic Espresso Coffee Maker,Home & Kitchen,1,12499.0,2026-02-20 00:21:36
CUST0334,PROD_F08,Athletic Workout Leggings,Fashion,1,1199.0,2026-05-16 01:21:36
CUST0211,PROD_B10,Hands-On Machine Learning with Scikit-Learn,Books,2,1450.0,2025-10-28 10:21:36
CUST0109,PROD_E06,Smart Fitness Watch Series 5,Electronics,1,4999.0,2026-07-15 05:21:36
CUST0325,PROD_S05,Insulated Sports Shaker Bottle,Sports & Fitness,2,499.0,2026-06-11 09:21:36
CUST0110,PROD_B10,Hands-On Machine Learning with Scikit-Learn,Books,1,1450.0,2026-07-12 03:21:36
CUST0234,PROD_B08,"Thinking, Fast and Slow",Books,1,520.0,2026-04-30 19:21:36
CUST0349,PROD_F08,Athletic Workout Leggings,Fashion,1,1199.0,2026-03-09 21:21:36
CUST0374,PROD_B05,System Design Interview Guide,Books,1,950.0,2025-10-29 08:21:36
CUST0320,PROD_C04,Sonic Electric Toothbrush,Beauty & Care,1,2299.0,2026-03-08 23:21:36
CUST0486,PROD_S07,Breathable Weightlifting Gloves,Sports & Fitness,1,599.0,2026-07-13 19:21:36
CUST0376,PROD_E01,Wireless Noise-Canceling Headphones,Electronics,1,2499.0,2025-12-18 11:21:36
CUST0164,PROD_S08,Waterproof Cycling Helmet,Sports & Fitness,2,1899.0,2026-06-27 05:21:36
CUST0459,PROD_S06,Speed Jump Rope with Ball Bearings,Sports & Fitness,1,399.0,2026-05-07 18:21:36
CUST0287,PROD_B02,Atomic Habits by James Clear,Books,1,599.0,2026-02-10 09:21:36
CUST0378,PROD_F04,Polarized UV Protection Sunglasses,Fashion,1,1299.0,2025-12-08 01:21:36
CUST0426,PROD_C02,SPF 50 Broad Spectrum Sunscreen,Beauty & Care,1,649.0,2025-12-04 07:21:36
CUST0257,PROD_B05,System Design Interview Guide,Books,1,950.0,2025-12-02 19:21:36
CUST0357,PROD_S06,Speed Jump Rope with Ball Bearings,Sports & Fitness,1,399.0,2025-11-22 02:21:36
CUST0433,PROD_C06,Gentle Exfoliating Face Scrub,Beauty & Care,1,550.0,2026-01-01 19:21:36
CUST0281,PROD_C02,SPF 50 Broad Spectrum Sunscreen,Beauty & Care,2,649.0,2025-11-23 13:21:36
CUST0316,PROD_C02,SPF 50 Broad Spectrum Sunscreen,Beauty & Care,1,649.0,2026-02-27 08:21:36
CUST0420,PROD_S01,Non-Slip Eco Yoga Mat 6mm,Sports & Fitness,1,1299.0,2026-02-13 05:21:36
CUST0057,PROD_H01,Stainless Steel Electric Kettle 1.8L,Home & Kitchen,1,1399.0,2025-11-20 04:21:36
CUST0271,PROD_F08,Athletic Workout Leggings,Fashion,1,1199.0,2026-07-12 16:21:36
CUST0080,PROD_H11,Digital Kitchen Weighing Scale,Home & Kitchen,2,599.0,2026-05-07 06:21:36
CUST0401,PROD_C04,Sonic Electric Toothbrush,Beauty & Care,1,2299.0,2026-01-07 13:21:36
CUST0027,PROD_B05,System Design Interview Guide,Books,1,950.0,2025-10-17 08:21:36
CUST0415,PROD_F09,Waterproof HIKING Boots,Fashion,1,4199.0,2026-05-20 15:21:36
CUST0317,PROD_E10,High-Speed Wi-Fi 6 Router,Electronics,1,3899.0,2026-06-22 14:21:36
CUST0247,PROD_E17,External Hard Drive 2TB,Electronics,1,5299.0,2026-08-11 17:21:36
CUST0383,PROD_F11,Comfortable Canvas Slip-Ons,Fashion,1,1599.0,2026-10-01 00:21:36
CUST0406,PROD_C01,Hydrating Hyaluronic Acid Serum,Beauty & Care,1,899.0,2026-08-03 11:21:36
CUST0035,PROD_F05,Genuine Leather Crossbody Bag,Fashion,1,2799.0,2026-05-21 13:21:36
CUST0122,PROD_E01,Wireless Noise-Canceling Headphones,Electronics,1,2499.0,2026-08-23 11:21:36
CUST0168,PROD_C05,Organic Argan Oil Hair Treatment,Beauty & Care,1,750.0,2026-04-12 10:21:36
CUST0400,PROD_B05,System Design Interview Guide,Books,1,950.0,2026-02-08 04:21:36
CUST0205,PROD_E07,Portable Bluetooth Speaker 20W,Electronics,1,2999.0,2026-03-12 14:21:36
CUST0141,PROD_H09,Aromatherapy Essential Oil Diffuser,Home & Kitchen,1,1299.0,2025-11-28 02:21:36
CUST0342,PROD_B05,System Design Interview Guide,Books,1,950.0,2026-04-25 19:21:36
CUST0462,PROD_F08,Athletic Workout Leggings,Fashion,1,1199.0,2026-07-19 10:21:36
CUST0126,PROD_C06,Gentle Exfoliating Face Scrub,Beauty & Care,1,550.0,2026-01-20 10:21:36
CUST0275,PROD_C02,SPF 50 Broad Spectrum Sunscreen,Beauty & Care,1,649.0,2026-08-06 03:21:36
CUST0050,PROD_C04,Sonic Electric Toothbrush,Beauty & Care,1,2299.0,2026-06-15 23:21:36
CUST0235,PROD_E04,4K Ultra HD Smart Monitor 27-inch,Electronics,1,18999.0,2026-05-09 17:21:36
CUST0057,PROD_H10,Bamboo Cutting Board Set,Home & Kitchen,1,899.0,2025-11-19 06:21:36
CUST0257,PROD_B03,The Psychology of Money,Books,1,450.0,2025-12-11 11:21:36
CUST0300,PROD_B08,"Thinking, Fast and Slow",Books,1,520.0,2025-12-12 15:21:36
CUST0116,PROD_H04,Automatic Espresso Coffee Maker,Home & Kitchen,1,12499.0,2026-01-20 21:21:36
CUST0074,PROD_B05,System Design Interview Guide,Books,1,950.0,2026-07-23 15:21:36
CUST0186,PROD_C04,Sonic Electric Toothbrush,Beauty & Care,1,2299.0,2025-12-10 23:21:36
CUST0467,PROD_E01,Wireless Noise-Canceling Headphones,Electronics,1,2499.0,2026-09-15 22:21:36
CUST0241,PROD_F11,Comfortable Canvas Slip-Ons,Fashion,2,1599.0,2026-03-29 21:21:36
CUST0471,PROD_E04,4K Ultra HD Smart Monitor 27-inch,Electronics,1,18999.0,2026-03-25 15:21:36
CUST0282,PROD_S03,Resistance Loop Exercise Bands Set,Sports & Fitness,1,699.0,2026-06-29 03:21:36
CUST0029,PROD_B05,System Design Interview Guide,Books,1,950.0,2025-12-05 16:21:36
CUST0147,PROD_C07,Natural Charcoal Detox Mask,Beauty & Care,1,699.0,2026-02-24 06:21:36
CUST0144,PROD_S06,Speed Jump Rope with Ball Bearings,Sports & Fitness,1,399.0,2025-11-29 13:21:36
CUST0358,PROD_F08,Athletic Workout Leggings,Fashion,1,1199.0,2026-03-13 10:21:36
CUST0031,PROD_B01,Deep Learning Foundations & Applications,Books,1,899.0,2026-02-20 18:21:36
CUST0074,PROD_C05,Organic Argan Oil Hair Treatment,Beauty & Care,1,750.0,2025-11-25 20:21:36
CUST0433,PROD_E13,Surround Sound Gaming Headset,Electronics,1,2799.0,2026-05-17 20:21:36
CUST0481,PROD_S08,Waterproof Cycling Helmet,Sports & Fitness,1,1899.0,2026-08-28 18:21:36
CUST0191,PROD_B07,Python for Data Analysis,Books,1,850.0,2026-01-09 18:21:36
CUST0309,PROD_H05,Non-Stick Ceramic Cookware Set 5-Piece,Home & Kitchen,1,3999.0,2026-02-07 02:21:36
CUST0463,PROD_S02,Adjustable Dumbbell Set 20kg,Sports & Fitness,2,4599.0,2026-02-02 23:21:36
CUST0294,PROD_B10,Hands-On Machine Learning with Scikit-Learn,Books,1,1450.0,2025-11-13 16:21:36
CUST0474,PROD_E08,Multi-Port USB Hub Type-C,Electronics,1,899.0,2026-03-27 17:21:36
CUST0248,PROD_S07,Breathable Weightlifting Gloves,Sports & Fitness,1,599.0,2026-07-19 14:21:36
CUST0042,PROD_B10,Hands-On Machine Learning with Scikit-Learn,Books,1,1450.0,2026-01-28 03:21:36
CUST0106,PROD_C08,Rechargeable Facial Cleansing Brush,Beauty & Care,2,1499.0,2026-05-18 19:21:36
CUST0242,PROD_B02,Atomic Habits by James Clear,Books,1,599.0,2026-02-09 15:21:36
CUST0147,PROD_F01,Classic Cotton Denim Jacket,Fashion,1,2199.0,2025-12-29 01:21:36
CUST0384,PROD_H10,Bamboo Cutting Board Set,Home & Kitchen,1,899.0,2026-07-12 19:21:36
CUST0258,PROD_H11,Digital Kitchen Weighing Scale,Home & Kitchen,1,599.0,2026-05-14 00:21:36
CUST0017,PROD_F08,Athletic Workout Leggings,Fashion,1,1199.0,2025-12-31 13:21:36
CUST0338,PROD_H04,Automatic Espresso Coffee Maker,Home & Kitchen,1,12499.0,2026-05-15 23:21:36
CUST0493,PROD_B05,System Design Interview Guide,Books,1,950.0,2026-02-10 18:21:36
CUST0110,PROD_E17,External Hard Drive 2TB,Electronics,1,5299.0,2026-06-30 05:21:36
CUST0344,PROD_F08,Athletic Workout Leggings,Fashion,1,1199.0,2025-10-24 14:21:36
CUST0468,PROD_H01,Stainless Steel Electric Kettle 1.8L,Home & Kitchen,1,1399.0,2026-04-14 22:21:36
CUST0475,PROD_B03,The Psychology of Money,Books,1,450.0,2026-01-10 10:21:36
CUST0275,PROD_C01,Hydrating Hyaluronic Acid Serum,Beauty & Care,1,899.0,2026-07-15 11:21:36
CUST0428,PROD_H11,Digital Kitchen Weighing Scale,Home & Kitchen,1,599.0,2026-02-04 19:21:36
CUST0001,PROD_C01,Hydrating Hyaluronic Acid Serum,Beauty & Care,1,899.0,2025-12-24 12:21:36
CUST0177,PROD_C03,Vitamin C Facial Cleanser,Beauty & Care,1,499.0,2026-02-17 21:21:36
CUST0025,PROD_F09,Waterproof HIKING Boots,Fashion,1,4199.0,2026-04-01 15:21:36
CUST0095,PROD_F09,Waterproof HIKING Boots,Fashion,1,4199.0,2026-07-04 10:21:36
CUST0495,PROD_S07,Breathable Weightlifting Gloves,Sports & Fitness,1,599.0,2026-08-20 10:21:36
CUST0345,PROD_B01,Deep Learning Foundations & Applications,Books,1,899.0,2025-11-03 10:21:36
CUST0076,PROD_S08,Waterproof Cycling Helmet,Sports & Fitness,1,1899.0,2026-08-29 18:21:36
CUST0261,PROD_E03,Ergonomic Wireless Mouse,Electronics,1,1299.0,2026-05-07 12:21:36
CUST0440,PROD_H11,Digital Kitchen Weighing Scale,Home & Kitchen,2,599.0,2025-11-12 22:21:36
CUST0173,PROD_F02,Breathable Running Sneakers,Fashion,1,3299.0,2026-04-20 08:21:36
CUST0323,PROD_E13,Surround Sound Gaming Headset,Electronics,1,2799.0,2025-11-28 04:21:36
CUST0473,PROD_E09,HD Web Camera with Microphone,Electronics,1,2199.0,2026-05-22 16:21:36
CUST0256,PROD_B06,Clean Code: Handbook of Software Craftsmanship,Books,1,1100.0,2026-04-24 14:21:36
CUST0258,PROD_E05,Fast Charging USB-C Power Bank 20000mAh,Electronics,1,1999.0,2026-03-25 07:21:36
CUST0136,PROD_B10,Hands-On Machine Learning with Scikit-Learn,Books,1,1450.0,2026-01-08 03:21:36
CUST0379,PROD_B10,Hands-On Machine Learning with Scikit-Learn,Books,1,1450.0,2025-12-13 11:21:36
CUST0030,PROD_B09,Zero to One by Peter Thiel,Books,1,480.0,2026-05-05 20:21:36
CUST0266,PROD_H01,Stainless Steel Electric Kettle 1.8L,Home & Kitchen,1,1399.0,2025-11-21 08:21:36
CUST0200,PROD_F08,Athletic Workout Leggings,Fashion,1,1199.0,2025-10-14 19:21:36
CUST0157,PROD_B01,Deep Learning Foundations & Applications,Books,1,899.0,2026-02-12 21:21:36
CUST0455,PROD_H08,Insulated Vacuum Water Bottle 1L,Home & Kitchen,1,699.0,2025-11-04 01:21:36
CUST0338,PROD_F09,Waterproof HIKING Boots,Fashion,1,4199.0,2026-08-31 13:21:36
CUST0259,PROD_C07,Natural Charcoal Detox Mask,Beauty & Care,1,699.0,2026-05-28 13:21:36
CUST0365,PROD_H01,Stainless Steel Electric Kettle 1.8L,Home & Kitchen,1,1399.0,2026-03-14 23:21:36
CUST0485,PROD_E14,Smart Plug with Voice Control,Electronics,1,799.0,2026-09-09 09:21:36
CUST0054,PROD_B05,System Design Interview Guide,Books,1,950.0,2025-11-27 07:21:36
CUST0206,PROD_H06,Robot Vacuum Cleaner with Mop,Home & Kitchen,1,15999.0,2026-09-20 23:21:36
CUST0279,PROD_E02,Mechanical Gaming Keyboard,Electronics,1,3499.0,2026-09-03 13:21:36
CUST0306,PROD_H01,Stainless Steel Electric Kettle 1.8L,Home & Kitchen,1,1399.0,2025-10-27 10:21:36
CUST0477,PROD_E10,High-Speed Wi-Fi 6 Router,Electronics,1,3899.0,2026-05-02 17:21:36
CUST0435,PROD_C08,Rechargeable Facial Cleansing Brush,Beauty & Care,1,1499.0,2026-09-01 02:21:36
CUST0137,PROD_E14,Smart Plug with Voice Control,Electronics,1,799.0,2026-01-03 13:21:36
CUST0028,PROD_E16,Internal SSD 1TB NVMe,Electronics,1,6499.0,2025-11-30 18:21:36
CUST0179,PROD_F09,Waterproof HIKING Boots,Fashion,1,4199.0,2026-04-11 20:21:36
CUST0298,PROD_F02,Breathable Running Sneakers,Fashion,1,3299.0,2026-05-26 00:21:36
CUST0417,PROD_E14,Smart Plug with Voice Control,Electronics,1,799.0,2025-10-23 00:21:36
CUST0338,PROD_H08,Insulated Vacuum Water Bottle 1L,Home & Kitchen,1,699.0,2026-07-31 01:21:36
CUST0017,PROD_F06,Warm Knit Winter Beanie,Fashion,1,499.0,2026-07-01 09:21:36
CUST0087,PROD_E01,Wireless Noise-Canceling Headphones,Electronics,1,2499.0,2025-10-09 21:21:36
CUST0202,PROD_C07,Natural Charcoal Detox Mask,Beauty & Care,1,699.0,2026-03-27 07:21:36
CUST0138,PROD_F08,Athletic Workout Leggings,Fashion,1,1199.0,2026-03-26 09:21:36
CUST0040,PROD_C07,Natural Charcoal Detox Mask,Beauty & Care,1,699.0,2025-12-30 07:21:36
CUST0253,PROD_H06,Robot Vacuum Cleaner with Mop,Home & Kitchen,1,15999.0,2025-11-06 22:21:36
CUST0234,PROD_B10,Hands-On Machine Learning with Scikit-Learn,Books,1,1450.0,2025-12-14 00:21:36
CUST0439,PROD_F06,Warm Knit Winter Beanie,Fashion,1,499.0,2025-10-28 23:21:36
CUST0425,PROD_F09,Waterproof HIKING Boots,Fashion,1,4199.0,2026-03-13 12:21:36
CUST0044,PROD_F08,Athletic Workout Leggings,Fashion,1,1199.0,2026-08-17 12:21:36
CUST0225,PROD_B05,System Design Interview Guide,Books,1,950.0,2026-09-23 01:21:36
CUST0445,PROD_C07,Natural Charcoal Detox Mask,Beauty & Care,1,699.0,2026-05-19 01:21:36
CUST0071,PROD_H12,Microfiber Bed Sheet Set Queen,Home & Kitchen,1,1499.0,2025-11-09 05:21:36
CUST0317,PROD_E04,4K Ultra HD Smart Monitor 27-inch,Electronics,1,18999.0,2026-03-14 14:21:36
CUST0114,PROD_E08,Multi-Port USB Hub Type-C,Electronics,1,899.0,2026-03-28 19:21:36
CUST0387,PROD_H01,Stainless Steel Electric Kettle 1.8L,Home & Kitchen,1,1399.0,2026-01-17 21:21:36
CUST0250,PROD_E17,External Hard Drive 2TB,Electronics,1,5299.0,2026-04-28 13:21:36
CUST0438,PROD_S07,Breathable Weightlifting Gloves,Sports & Fitness,2,599.0,2026-03-23 04:21:36
CUST0233,PROD_B08,"Thinking, Fast and Slow",Books,1,520.0,2026-03-18 20:21:36
CUST0234,PROD_B08,"Thinking, Fast and Slow",Books,1,520.0,2026-01-20 17:21:36
CUST0378,PROD_F10,Formal Leather Belt Black,Fashion,1,799.0,2026-04-08 00:21:36
CUST0220,PROD_F06,Warm Knit Winter Beanie,Fashion,1,499.0,2026-02-09 03:21:36
CUST0135,PROD_E11,Active Noise Cancelling Earbuds,Electronics,1,3199.0,2026-07-27 21:21:36
CUST0401,PROD_C06,Gentle Exfoliating Face Scrub,Beauty & Care,1,550.0,2025-10-09 14:21:36
CUST0390,PROD_E11,Active Noise Cancelling Earbuds,Electronics,1,3199.0,2026-05-08 21:21:36
CUST0031,PROD_B03,The Psychology of Money,Books,1,450.0,2026-01-20 12:21:36
CUST0367,PROD_B01,Deep Learning Foundations & Applications,Books,1,899.0,2026-06-08 21:21:36
CUST0372,PROD_B03,The Psychology of Money,Books,1,450.0,2026-09-28 03:21:36
CUST0460,PROD_F04,Polarized UV Protection Sunglasses,Fashion,1,1299.0,2026-01-10 13:21:36
CUST0339,PROD_S05,Insulated Sports Shaker Bottle,Sports & Fitness,1,499.0,2026-04-16 13:21:36
CUST0349,PROD_B09,Zero to One by Peter Thiel,Books,1,480.0,2026-01-05 09:21:36
CUST0464,PROD_H10,Bamboo Cutting Board Set,Home & Kitchen,1,899.0,2026-06-19 01:21:36
CUST0001,PROD_C01,Hydrating Hyaluronic Acid Serum,Beauty & Care,1,899.0,2026-09-13 07:21:36
CUST0235,PROD_E06,Smart Fitness Watch Series 5,Electronics,1,4999.0,2026-09-21 16:21:36
CUST0404,PROD_C01,Hydrating Hyaluronic Acid Serum,Beauty & Care,1,899.0,2026-02-11 12:21:36
CUST0155,PROD_C08,Rechargeable Facial Cleansing Brush,Beauty & Care,1,1499.0,2026-02-23 22:21:36
CUST0197,PROD_H12,Microfiber Bed Sheet Set Queen,Home & Kitchen,1,1499.0,2026-03-15 17:21:36
CUST0019,PROD_H13,Stainless Steel Cutlery Set 24-Piece,Home & Kitchen,3,1799.0,2026-04-30 10:21:36
CUST0280,PROD_F10,Formal Leather Belt Black,Fashion,1,799.0,2026-05-29 07:21:36
CUST0158,PROD_C03,Vitamin C Facial Cleanser,Beauty & Care,1,499.0,2026-06-19 22:21:36
CUST0147,PROD_C07,Natural Charcoal Detox Mask,Beauty & Care,1,699.0,2025-11-11 21:21:36
CUST0358,PROD_F02,Breathable Running Sneakers,Fashion,1,3299.0,2026-08-28 05:21:36
CUST0250,PROD_B05,System Design Interview Guide,Books,1,950.0,2026-08-25 06:21:36
CUST0133,PROD_F14,Water-Resistant Travel Backpack,Fashion,1,2399.0,2026-05-03 23:21:36
CUST0475,PROD_S05,Insulated Sports Shaker Bottle,Sports & Fitness,1,499.0,2026-06-13 05:21:36
CUST0263,PROD_E09,HD Web Camera with Microphone,Electronics,1,2199.0,2026-10-02 07:21:36
CUST0463,PROD_B05,System Design Interview Guide,Books,1,950.0,2025-10-13 14:21:36
CUST0320,PROD_C02,SPF 50 Broad Spectrum Sunscreen,Beauty & Care,1,649.0,2026-06-26 03:21:36
CUST0414,PROD_H12,Microfiber Bed Sheet Set Queen,Home & Kitchen,1,1499.0,2026-04-01 03:21:36
CUST0194,PROD_S08,Waterproof Cycling Helmet,Sports & Fitness,1,1899.0,2026-09-13 12:21:36
CUST0212,PROD_F09,Waterproof HIKING Boots,Fashion,1,4199.0,2026-07-05 18:21:36
CUST0249,PROD_B04,Designing Data-Intensive Applications,Books,1,1250.0,2025-10-07 18:21:36
CUST0287,PROD_B09,Zero to One by Peter Thiel,Books,1,480.0,2026-06-03 07:21:36
CUST0228,PROD_S06,Speed Jump Rope with Ball Bearings,Sports & Fitness,1,399.0,2026-04-22 20:21:36
CUST0390,PROD_E10,High-Speed Wi-Fi 6 Router,Electronics,1,3899.0,2026-05-27 04:21:36
CUST0279,PROD_C04,Sonic Electric Toothbrush,Beauty & Care,1,2299.0,2026-08-09 13:21:36
CUST0430,PROD_B04,Designing Data-Intensive Applications,Books,1,1250.0,2025-12-15 00:21:36
CUST0395,PROD_H02,Digital Air Fryer 4.5L,Home & Kitchen,1,5999.0,2026-06-11 15:21:36
CUST0494,PROD_F08,Athletic Workout Leggings,Fashion,1,1199.0,2025-10-17 01:21:36
CUST0145,PROD_B10,Hands-On Machine Learning with Scikit-Learn,Books,1,1450.0,2026-07-03 13:21:36
CUST0033,PROD_C07,Natural Charcoal Detox Mask,Beauty & Care,1,699.0,2026-04-16 02:21:36
CUST0076,PROD_S01,Non-Slip Eco Yoga Mat 6mm,Sports & Fitness,1,1299.0,2025-12-01 06:21:36
CUST0319,PROD_H09,Aromatherapy Essential Oil Diffuser,Home & Kitchen,1,1299.0,2026-04-18 23:21:36
CUST0473,PROD_S07,Breathable Weightlifting Gloves,Sports & Fitness,1,599.0,2026-04-02 22:21:36
CUST0126,PROD_C05,Organic Argan Oil Hair Treatment,Beauty & Care,2,750.0,2026-01-17 20:21:36
CUST0443,PROD_F01,Classic Cotton Denim Jacket,Fashion,1,2199.0,2026-09-12 20:21:36
CUST0075,PROD_F10,Formal Leather Belt Black,Fashion,1,799.0,2026-08-20 17:21:36
CUST0041,PROD_E02,Mechanical Gaming Keyboard,Electronics,1,3499.0,2026-06-28 09:21:36
CUST0042,PROD_B07,Python for Data Analysis,Books,1,850.0,2026-06-27 12:21:36
CUST0292,PROD_H12,Microfiber Bed Sheet Set Queen,Home & Kitchen,1,1499.0,2026-01-08 00:21:36
CUST0074,PROD_C06,Gentle Exfoliating Face Scrub,Beauty & Care,1,550.0,2026-05-01 14:21:36
CUST0254,PROD_B10,Hands-On Machine Learning with Scikit-Learn,Books,1,1450.0,2026-06-21 14:21:36
CUST0074,PROD_C06,Gentle Exfoliating Face Scrub,Beauty & Care,1,550.0,2026-08-09 05:21:36
CUST0474,PROD_H06,Robot Vacuum Cleaner with Mop,Home & Kitchen,1,15999.0,2026-08-25 01:21:36
CUST0394,PROD_S02,Adjustable Dumbbell Set 20kg,Sports & Fitness,1,4599.0,2026-09-16 15:21:36
CUST0306,PROD_H06,Robot Vacuum Cleaner with Mop,Home & Kitchen,2,15999.0,2026-01-23 16:21:36
CUST0324,PROD_C07,Natural Charcoal Detox Mask,Beauty & Care,1,699.0,2026-08-11 10:21:36
CUST0274,PROD_B05,System Design Interview Guide,Books,3,950.0,2026-08-25 07:21:36
CUST0123,PROD_C08,Rechargeable Facial Cleansing Brush,Beauty & Care,1,1499.0,2026-04-26 20:21:36
CUST0486,PROD_H05,Non-Stick Ceramic Cookware Set 5-Piece,Home & Kitchen,1,3999.0,2026-02-14 22:21:36
CUST0253,PROD_B05,System Design Interview Guide,Books,1,950.0,2026-02-07 04:21:36
CUST0061,PROD_C06,Gentle Exfoliating Face Scrub,Beauty & Care,1,550.0,2026-04-14 18:21:36
CUST0187,PROD_S01,Non-Slip Eco Yoga Mat 6mm,Sports & Fitness,1,1299.0,2026-02-14 02:21:36
CUST0123,PROD_C03,Vitamin C Facial Cleanser,Beauty & Care,1,499.0,2026-08-30 20:21:36
CUST0420,PROD_S06,Speed Jump Rope with Ball Bearings,Sports & Fitness,1,399.0,2026-04-04 13:21:36
CUST0226,PROD_F01,Classic Cotton Denim Jacket,Fashion,1,2199.0,2026-03-29 01:21:36
CUST0054,PROD_E03,Ergonomic Wireless Mouse,Electronics,3,1299.0,2026-08-21 22:21:36
CUST0028,PROD_B03,The Psychology of Money,Books,1,450.0,2026-02-15 19:21:36
CUST0008,PROD_B05,System Design Interview Guide,Books,1,950.0,2026-03-29 17:21:36
CUST0192,PROD_E10,High-Speed Wi-Fi 6 Router,Electronics,1,3899.0,2026-02-02 01:21:36
CUST0017,PROD_B05,System Design Interview Guide,Books,1,950.0,2026-08-17 00:21:36
CUST0273,PROD_E17,External Hard Drive 2TB,Electronics,1,5299.0,2026-04-23 18:21:36
CUST0205,PROD_E16,Internal SSD 1TB NVMe,Electronics,1,6499.0,2025-11-08 19:21:36
CUST0018,PROD_F10,Formal Leather Belt Black,Fashion,1,799.0,2025-10-05 20:21:36
CUST0359,PROD_B04,Designing Data-Intensive Applications,Books,3,1250.0,2025-12-23 23:21:36
CUST0413,PROD_H01,Stainless Steel Electric Kettle 1.8L,Home & Kitchen,1,1399.0,2026-07-14 10:21:36
CUST0211,PROD_B05,System Design Interview Guide,Books,1,950.0,2025-12-02 16:21:36
CUST0034,PROD_C03,Vitamin C Facial Cleanser,Beauty & Care,1,499.0,2026-05-20 04:21:36
CUST0059,PROD_C06,Gentle Exfoliating Face Scrub,Beauty & Care,1,550.0,2026-04-03 09:21:36
CUST0344,PROD_S01,Non-Slip Eco Yoga Mat 6mm,Sports & Fitness,1,1299.0,2026-06-18 15:21:36
CUST0059,PROD_E17,External Hard Drive 2TB,Electronics,1,5299.0,2026-05-20 11:21:36
CUST0498,PROD_E05,Fast Charging USB-C Power Bank 20000mAh,Electronics,1,1999.0,2025-11-28 09:21:36
CUST0197,PROD_H05,Non-Stick Ceramic Cookware Set 5-Piece,Home & Kitchen,1,3999.0,2026-07-23 14:21:36
CUST0471,PROD_S08,Waterproof Cycling Helmet,Sports & Fitness,1,1899.0,2026-06-05 22:21:36
CUST0417,PROD_E17,External Hard Drive 2TB,Electronics,1,5299.0,2026-02-17 02:21:36
CUST0128,PROD_B10,Hands-On Machine Learning with Scikit-Learn,Books,2,1450.0,2026-01-21 13:21:36
CUST0447,PROD_H12,Microfiber Bed Sheet Set Queen,Home & Kitchen,1,1499.0,2026-08-05 03:21:36
CUST0327,PROD_F10,Formal Leather Belt Black,Fashion,1,799.0,2025-11-03 04:21:36
CUST0093,PROD_H10,Bamboo Cutting Board Set,Home & Kitchen,1,899.0,2026-01-08 11:21:36
CUST0137,PROD_H02,Digital Air Fryer 4.5L,Home & Kitchen,1,5999.0,2026-06-27 01:21:36
CUST0144,PROD_C04,Sonic Electric Toothbrush,Beauty & Care,1,2299.0,2026-02-07 06:21:36
CUST0061,PROD_C05,Organic Argan Oil Hair Treatment,Beauty & Care,1,750.0,2025-12-29 04:21:36
CUST0020,PROD_E11,Active Noise Cancelling Earbuds,Electronics,1,3199.0,2026-06-15 06:21:36
CUST0355,PROD_B08,"Thinking, Fast and Slow",Books,1,520.0,2026-08-02 01:21:36
CUST0106,PROD_C08,Rechargeable Facial Cleansing Brush,Beauty & Care,1,1499.0,2025-10-10 06:21:36
CUST0257,PROD_B06,Clean Code: Handbook of Software Craftsmanship,Books,3,1100.0,2026-05-01 13:21:36
CUST0195,PROD_E13,Surround Sound Gaming Headset,Electronics,1,2799.0,2026-08-24 17:21:36
CUST0387,PROD_B10,Hands-On Machine Learning with Scikit-Learn,Books,1,1450.0,2026-09-17 14:21:36
CUST0487,PROD_F08,Athletic Workout Leggings,Fashion,1,1199.0,2026-01-07 15:21:36
CUST0339,PROD_B08,"Thinking, Fast and Slow",Books,1,520.0,2025-11-14 01:21:36
CUST0495,PROD_B05,System Design Interview Guide,Books,1,950.0,2026-10-05 04:21:36
CUST0178,PROD_E04,4K Ultra HD Smart Monitor 27-inch,Electronics,2,18999.0,2025-10-22 12:21:36
CUST0341,PROD_C06,Gentle Exfoliating Face Scrub,Beauty & Care,1,550.0,2026-05-12 10:21:36
CUST0247,PROD_F01,Classic Cotton Denim Jacket,Fashion,1,2199.0,2025-11-21 00:21:36
CUST0108,PROD_E16,Internal SSD 1TB NVMe,Electronics,1,6499.0,2026-07-04 05:21:36
CUST0116,PROD_B05,System Design Interview Guide,Books,1,950.0,2026-08-27 13:21:36
CUST0235,PROD_H13,Stainless Steel Cutlery Set 24-Piece,Home & Kitchen,1,1799.0,2026-06-11 18:21:36
CUST0473,PROD_S08,Waterproof Cycling Helmet,Sports & Fitness,1,1899.0,2026-05-05 22:21:36
CUST0482,PROD_S08,Waterproof Cycling Helmet,Sports & Fitness,1,1899.0,2025-12-15 16:21:36
CUST0435,PROD_C04,Sonic Electric Toothbrush,Beauty & Care,1,2299.0,2026-04-08 09:21:36
CUST0466,PROD_H02,Digital Air Fryer 4.5L,Home & Kitchen,1,5999.0,2026-07-15 18:21:36
CUST0227,PROD_H03,Memory Foam Orthopedic Pillow,Home & Kitchen,1,1199.0,2025-11-19 18:21:36
CUST0371,PROD_S01,Non-Slip Eco Yoga Mat 6mm,Sports & Fitness,1,1299.0,2026-01-05 16:21:36
CUST0172,PROD_F08,Athletic Workout Leggings,Fashion,1,1199.0,2026-05-31 01:21:36
CUST0365,PROD_F03,Slim Fit Casual Button-Up Shirt,Fashion,1,1499.0,2026-06-27 10:21:36
CUST0251,PROD_C08,Rechargeable Facial Cleansing Brush,Beauty & Care,1,1499.0,2026-08-04 23:21:36
CUST0437,PROD_C07,Natural Charcoal Detox Mask,Beauty & Care,1,699.0,2025-10-19 01:21:36
CUST0157,PROD_B07,Python for Data Analysis,Books,1,850.0,2025-10-23 17:21:36
CUST0492,PROD_F01,Classic Cotton Denim Jacket,Fashion,1,2199.0,2026-08-01 09:21:36
CUST0035,PROD_F12,Hooded Fleece Sweatshirt,Fashion,2,1899.0,2026-06-14 02:21:36
CUST0256,PROD_B09,Zero to One by Peter Thiel,Books,1,480.0,2026-04-20 14:21:36
CUST0142,PROD_H10,Bamboo Cutting Board Set,Home & Kitchen,1,899.0,2026-02-04 22:21:36
CUST0168,PROD_C05,Organic Argan Oil Hair Treatment,Beauty & Care,1,750.0,2026-04-30 19:21:36
CUST0205,PROD_E11,Active Noise Cancelling Earbuds,Electronics,1,3199.0,2025-11-06 18:21:36
CUST0028,PROD_E03,Ergonomic Wireless Mouse,Electronics,1,1299.0,2026-06-17 14:21:36
CUST0239,PROD_H11,Digital Kitchen Weighing Scale,Home & Kitchen,1,599.0,2026-01-18 04:21:36
CUST0189,PROD_B01,Deep Learning Foundations & Applications,Books,1,899.0,2026-02-18 10:21:36
CUST0142,PROD_H02,Digital Air Fryer 4.5L,Home & Kitchen,1,5999.0,2026-09-14 11:21:36
CUST0383,PROD_S05,Insulated Sports Shaker Bottle,Sports & Fitness,2,499.0,2025-10-19 21:21:36
CUST0088,PROD_F10,Formal Leather Belt Black,Fashion,2,799.0,2026-05-16 02:21:36
CUST0497,PROD_H11,Digital Kitchen Weighing Scale,Home & Kitchen,2,599.0,2026-08-10 01:21:36
CUST0383,PROD_F03,Slim Fit Casual Button-Up Shirt,Fashion,1,1499.0,2026-08-01 12:21:36
CUST0272,PROD_C05,Organic Argan Oil Hair Treatment,Beauty & Care,2,750.0,2026-01-06 16:21:36
CUST0353,PROD_F02,Breathable Running Sneakers,Fashion,1,3299.0,2026-08-02 07:21:36
CUST0009,PROD_B04,Designing Data-Intensive Applications,Books,1,1250.0,2026-03-25 23:21:36
CUST0327,PROD_E04,4K Ultra HD Smart Monitor 27-inch,Electronics,2,18999.0,2026-03-18 14:21:36
CUST0061,PROD_C08,Rechargeable Facial Cleansing Brush,Beauty & Care,2,1499.0,2026-03-08 19:21:36
CUST0244,PROD_E01,Wireless Noise-Canceling Headphones,Electronics,1,2499.0,2026-06-21 06:21:36
CUST0307,PROD_F06,Warm Knit Winter Beanie,Fashion,2,499.0,2026-06-08 00:21:36
CUST0413,PROD_H12,Microfiber Bed Sheet Set Queen,Home & Kitchen,2,1499.0,2026-02-07 11:21:36
CUST0341,PROD_H12,Microfiber Bed Sheet Set Queen,Home & Kitchen,1,1499.0,2025-11-12 23:21:36
CUST0236,PROD_F09,Waterproof HIKING Boots,Fashion,1,4199.0,2026-01-12 14:21:36
CUST0015,PROD_H12,Microfiber Bed Sheet Set Queen,Home & Kitchen,1,1499.0,2025-11-11 00:21:36
CUST0455,PROD_H08,Insulated Vacuum Water Bottle 1L,Home & Kitchen,1,699.0,2025-10-09 15:21:36
CUST0415,PROD_F09,Waterproof HIKING Boots,Fashion,2,4199.0,2026-06-06 21:21:36
CUST0433,PROD_E05,Fast Charging USB-C Power Bank 20000mAh,Electronics,1,1999.0,2026-01-05 08:21:36
CUST0324,PROD_B10,Hands-On Machine Learning with Scikit-Learn,Books,1,1450.0,2026-04-20 00:21:36
CUST0286,PROD_B05,System Design Interview Guide,Books,1,950.0,2025-11-26 09:21:36
CUST0430,PROD_E17,External Hard Drive 2TB,Electronics,2,5299.0,2026-09-19 07:21:36
CUST0363,PROD_S05,Insulated Sports Shaker Bottle,Sports & Fitness,1,499.0,2026-07-30 06:21:36
CUST0464,PROD_E04,4K Ultra HD Smart Monitor 27-inch,Electronics,1,18999.0,2026-01-06 03:21:36
CUST0309,PROD_H09,Aromatherapy Essential Oil Diffuser,Home & Kitchen,1,1299.0,2026-02-02 14:21:36
CUST0363,PROD_S05,Insulated Sports Shaker Bottle,Sports & Fitness,2,499.0,2026-04-19 23:21:36
CUST0459,PROD_S04,High-Density Foam Muscle Roller,Sports & Fitness,1,899.0,2026-06-16 20:21:36
CUST0494,PROD_E10,High-Speed Wi-Fi 6 Router,Electronics,1,3899.0,2026-09-08 06:21:36
CUST0453,PROD_B10,Hands-On Machine Learning with Scikit-Learn,Books,1,1450.0,2026-02-13 03:21:36
CUST0100,PROD_S01,Non-Slip Eco Yoga Mat 6mm,Sports & Fitness,1,1299.0,2026-08-12 17:21:36
CUST0290,PROD_B05,System Design Interview Guide,Books,1,950.0,2026-05-03 21:21:36
CUST0102,PROD_E13,Surround Sound Gaming Headset,Electronics,1,2799.0,2026-06-13 05:21:36
CUST0165,PROD_E17,External Hard Drive 2TB,Electronics,1,5299.0,2026-07-14 15:21:36
CUST0415,PROD_C06,Gentle Exfoliating Face Scrub,Beauty & Care,1,550.0,2026-05-10 16:21:36
CUST0399,PROD_E10,High-Speed Wi-Fi 6 Router,Electronics,1,3899.0,2025-11-21 17:21:36
CUST0309,PROD_H02,Digital Air Fryer 4.5L,Home & Kitchen,1,5999.0,2025-12-16 00:21:36
CUST0140,PROD_B05,System Design Interview Guide,Books,1,950.0,2026-06-14 19:21:36
CUST0060,PROD_C01,Hydrating Hyaluronic Acid Serum,Beauty & Care,3,899.0,2026-02-28 14:21:36
CUST0060,PROD_C05,Organic Argan Oil Hair Treatment,Beauty & Care,1,750.0,2026-05-24 02:21:36
CUST0275,PROD_C02,SPF 50 Broad Spectrum Sunscreen,Beauty & Care,1,649.0,2026-03-20 07:21:36
CUST0494,PROD_B05,System Design Interview Guide,Books,2,950.0,2026-02-25 05:21:36
CUST0111,PROD_B08,"Thinking, Fast and Slow",Books,1,520.0,2026-01-13 22:21:36
CUST0013,PROD_F01,Classic Cotton Denim Jacket,Fashion,1,2199.0,2026-07-25 10:21:36
CUST0199,PROD_B10,Hands-On Machine Learning with Scikit-Learn,Books,1,1450.0,2025-11-18 13:21:36
CUST0186,PROD_C06,Gentle Exfoliating Face Scrub,Beauty & Care,1,550.0,2026-07-12 22:21:36
CUST0448,PROD_H07,Smart LED Desk Lamp with Dimmer,Home & Kitchen,2,1699.0,2026-04-16 21:21:36
CUST0467,PROD_E08,Multi-Port USB Hub Type-C,Electronics,2,899.0,2026-03-20 09:21:36
CUST0087,PROD_E14,Smart Plug with Voice Control,Electronics,1,799.0,2025-10-31 04:21:36
CUST0175,PROD_B02,Atomic Habits by James Clear,Books,1,599.0,2025-11-29 10:21:36
CUST0031,PROD_B01,Deep Learning Foundations & Applications,Books,1,899.0,2025-12-31 14:21:36
CUST0269,PROD_F05,Genuine Leather Crossbody Bag,Fashion,1,2799.0,2026-08-07 13:21:36
CUST0260,PROD_E05,Fast Charging USB-C Power Bank 20000mAh,Electronics,1,1999.0,2026-09-23 06:21:36
CUST0170,PROD_F08,Athletic Workout Leggings,Fashion,1,1199.0,2025-12-18 16:21:36
CUST0465,PROD_H07,Smart LED Desk Lamp with Dimmer,Home & Kitchen,1,1699.0,2026-09-01 21:21:36
CUST0465,PROD_C06,Gentle Exfoliating Face Scrub,Beauty & Care,1,550.0,2026-05-07 06:21:36
CUST0165,PROD_C08,Rechargeable Facial Cleansing Brush,Beauty & Care,1,1499.0,2026-10-03 02:21:36
CUST0101,PROD_F08,Athletic Workout Leggings,Fashion,1,1199.0,2026-01-29 21:21:36
CUST0362,PROD_E10,High-Speed Wi-Fi 6 Router,Electronics,1,3899.0,2026-03-19 10:21:36
CUST0345,PROD_B05,System Design Interview Guide,Books,1,950.0,2026-10-03 19:21:36
CUST0286,PROD_B10,Hands-On Machine Learning with Scikit-Learn,Books,1,1450.0,2026-06-06 18:21:36
CUST0152,PROD_H11,Digital Kitchen Weighing Scale,Home & Kitchen,1,599.0,2025-12-18 02:21:36
CUST0448,PROD_F08,Athletic Workout Leggings,Fashion,1,1199.0,2026-02-12 05:21:36
CUST0008,PROD_B03,The Psychology of Money,Books,1,450.0,2026-06-16 09:21:36
CUST0130,PROD_E07,Portable Bluetooth Speaker 20W,Electronics,1,2999.0,2026-08-25 21:21:36
CUST0249,PROD_B02,Atomic Habits by James Clear,Books,1,599.0,2026-09-04 16:21:36
CUST0458,PROD_H06,Robot Vacuum Cleaner with Mop,Home & Kitchen,1,15999.0,2026-08-05 01:21:36
CUST0047,PROD_H12,Microfiber Bed Sheet Set Queen,Home & Kitchen,1,1499.0,2026-05-28 16:21:36
CUST0405,PROD_E17,External Hard Drive 2TB,Electronics,1,5299.0,2025-11-21 15:21:36
CUST0479,PROD_B06,Clean Code: Handbook of Software Craftsmanship,Books,1,1100.0,2026-04-15 17:21:36
CUST0006,PROD_H10,Bamboo Cutting Board Set,Home & Kitchen,1,899.0,2026-03-28 02:21:36
CUST0270,PROD_H10,Bamboo Cutting Board Set,Home & Kitchen,1,899.0,2026-01-29 15:21:36
CUST0365,PROD_F08,Athletic Workout Leggings,Fashion,1,1199.0,2026-01-18 21:21:36
CUST0479,PROD_B10,Hands-On Machine Learning with Scikit-Learn,Books,1,1450.0,2026-07-05 00:21:36
CUST0250,PROD_H11,Digital Kitchen Weighing Scale,Home & Kitchen,1,599.0,2026-04-17 14:21:36
CUST0111,PROD_B10,Hands-On Machine Learning with Scikit-Learn,Books,1,1450.0,2026-05-04 06:21:36
CUST0232,PROD_C07,Natural Charcoal Detox Mask,Beauty & Care,3,699.0,2026-01-23 02:21:36
CUST0088,PROD_F14,Water-Resistant Travel Backpack,Fashion,1,2399.0,2026-07-27 20:21:36
CUST0380,PROD_B05,System Design Interview Guide,Books,1,950.0,2025-12-22 08:21:36
CUST0172,PROD_B08,"Thinking, Fast and Slow",Books,1,520.0,2025-10-12 10:21:36
CUST0451,PROD_B08,"Thinking, Fast and Slow",Books,3,520.0,2026-05-09 02:21:36
CUST0215,PROD_F09,Waterproof HIKING Boots,Fashion,1,4199.0,2025-11-19 00:21:36
CUST0216,PROD_B03,The Psychology of Money,Books,1,450.0,2025-11-01 00:21:36
CUST0318,PROD_B05,System Design Interview Guide,Books,1,950.0,2026-09-03 15:21:36
CUST0104,PROD_E10,High-Speed Wi-Fi 6 Router,Electronics,1,3899.0,2026-09-25 20:21:36
CUST0384,PROD_H05,Non-Stick Ceramic Cookware Set 5-Piece,Home & Kitchen,2,3999.0,2026-07-06 15:21:36
CUST0266,PROD_H13,Stainless Steel Cutlery Set 24-Piece,Home & Kitchen,1,1799.0,2026-06-27 18:21:36
CUST0428,PROD_F08,Athletic Workout Leggings,Fashion,1,1199.0,2025-10-24 08:21:36
CUST0233,PROD_B10,Hands-On Machine Learning with Scikit-Learn,Books,1,1450.0,2025-11-20 16:21:36
CUST0046,PROD_C06,Gentle Exfoliating Face Scrub,Beauty & Care,1,550.0,2025-11-02 17:21:36
CUST0402,PROD_E17,External Hard Drive 2TB,Electronics,1,5299.0,2026-09-01 05:21:36
CUST0315,PROD_S05,Insulated Sports Shaker Bottle,Sports & Fitness,1,499.0,2026-09-04 11:21:36
CUST0109,PROD_E01,Wireless Noise-Canceling Headphones,Electronics,2,2499.0,2026-09-05 10:21:36
CUST0044,PROD_B10,Hands-On Machine Learning with Scikit-Learn,Books,1,1450.0,2026-06-22 18:21:36
CUST0320,PROD_C02,SPF 50 Broad Spectrum Sunscreen,Beauty & Care,1,649.0,2025-11-30 06:21:36
CUST0231,PROD_F09,Waterproof HIKING Boots,Fashion,1,4199.0,2026-03-15 17:21:36
CUST0021,PROD_H04,Automatic Espresso Coffee Maker,Home & Kitchen,2,12499.0,2026-06-12 22:21:36
CUST0084,PROD_F11,Comfortable Canvas Slip-Ons,Fashion,1,1599.0,2026-07-17 02:21:36
CUST0140,PROD_E02,Mechanical Gaming Keyboard,Electronics,1,3499.0,2026-07-02 00:21:36
CUST0234,PROD_B01,Deep Learning Foundations & Applications,Books,1,899.0,2026-06-30 11:21:36
CUST0013,PROD_F09,Waterproof HIKING Boots,Fashion,1,4199.0,2026-07-25 10:21:36
CUST0166,PROD_E02,Mechanical Gaming Keyboard,Electronics,1,3499.0,2026-07-11 05:21:36
CUST0396,PROD_H07,Smart LED Desk Lamp with Dimmer,Home & Kitchen,1,1699.0,2025-12-07 00:21:36
CUST0384,PROD_H04,Automatic Espresso Coffee Maker,Home & Kitchen,1,12499.0,2026-04-12 02:21:36
CUST0104,PROD_E12,Aluminum Laptop Cooling Pad,Electronics,1,1499.0,2026-04-10 21:21:36
CUST0430,PROD_F09,Waterproof HIKING Boots,Fashion,1,4199.0,2025-12-29 23:21:36
CUST0351,PROD_B05,System Design Interview Guide,Books,1,950.0,2026-08-19 17:21:36
CUST0280,PROD_C01,Hydrating Hyaluronic Acid Serum,Beauty & Care,1,899.0,2026-05-19 04:21:36
CUST0086,PROD_B05,System Design Interview Guide,Books,1,950.0,2026-06-14 09:21:36
CUST0223,PROD_E11,Active Noise Cancelling Earbuds,Electronics,1,3199.0,2026-01-02 11:21:36
CUST0469,PROD_F06,Warm Knit Winter Beanie,Fashion,1,499.0,2026-09-13 11:21:36
CUST0068,PROD_C01,Hydrating Hyaluronic Acid Serum,Beauty & Care,1,899.0,2026-09-19 14:21:36
CUST0289,PROD_B04,Designing Data-Intensive Applications,Books,1,1250.0,2025-12-21 01:21:36
CUST0392,PROD_B09,Zero to One by Peter Thiel,Books,1,480.0,2026-05-01 04:21:36
CUST0011,PROD_C04,Sonic Electric Toothbrush,Beauty & Care,1,2299.0,2025-12-22 13:21:36
CUST0172,PROD_B05,System Design Interview Guide,Books,1,950.0,2026-04-01 22:21:36
CUST0343,PROD_E12,Aluminum Laptop Cooling Pad,Electronics,2,1499.0,2026-01-22 11:21:36
CUST0168,PROD_C02,SPF 50 Broad Spectrum Sunscreen,Beauty & Care,1,649.0,2025-12-23 06:21:36
CUST0061,PROD_C08,Rechargeable Facial Cleansing Brush,Beauty & Care,1,1499.0,2025-10-25 03:21:36
CUST0315,PROD_E01,Wireless Noise-Canceling Headphones,Electronics,1,2499.0,2026-04-29 11:21:36
CUST0057,PROD_S05,Insulated Sports Shaker Bottle,Sports & Fitness,1,499.0,2026-04-10 00:21:36
CUST0353,PROD_C03,Vitamin C Facial Cleanser,Beauty & Care,1,499.0,2025-11-25 13:21:36
CUST0051,PROD_F04,Polarized UV Protection Sunglasses,Fashion,1,1299.0,2025-11-15 20:21:36
CUST0196,PROD_H04,Automatic Espresso Coffee Maker,Home & Kitchen,1,12499.0,2026-04-22 12:21:36
CUST0436,PROD_H04,Automatic Espresso Coffee Maker,Home & Kitchen,1,12499.0,2025-10-25 04:21:36
CUST0237,PROD_S06,Speed Jump Rope with Ball Bearings,Sports & Fitness,1,399.0,2025-10-14 19:21:36
CUST0224,PROD_E02,Mechanical Gaming Keyboard,Electronics,1,3499.0,2026-06-26 21:21:36
CUST0310,PROD_F14,Water-Resistant Travel Backpack,Fashion,1,2399.0,2025-10-30 20:21:36
CUST0264,PROD_B05,System Design Interview Guide,Books,1,950.0,2026-03-22 17:21:36
CUST0143,PROD_C08,Rechargeable Facial Cleansing Brush,Beauty & Care,1,1499.0,2025-12-06 08:21:36
CUST0087,PROD_E15,Wireless Phone Charging Pad,Electronics,1,999.0,2026-04-15 10:21:36
CUST0016,PROD_C06,Gentle Exfoliating Face Scrub,Beauty & Care,1,550.0,2026-02-23 06:21:36
CUST0303,PROD_B02,Atomic Habits by James Clear,Books,1,599.0,2026-03-19 05:21:36
CUST0342,PROD_C06,Gentle Exfoliating Face Scrub,Beauty & Care,1,550.0,2026-06-30 17:21:36
CUST0207,PROD_F06,Warm Knit Winter Beanie,Fashion,1,499.0,2026-01-09 07:21:36
CUST0370,PROD_H11,Digital Kitchen Weighing Scale,Home & Kitchen,1,599.0,2026-01-30 23:21:36
CUST0444,PROD_B05,System Design Interview Guide,Books,1,950.0,2026-02-06 12:21:36
CUST0277,PROD_E08,Multi-Port USB Hub Type-C,Electronics,1,899.0,2026-01-29 17:21:36
CUST0150,PROD_F08,Athletic Workout Leggings,Fashion,1,1199.0,2026-09-20 21:21:36
CUST0167,PROD_E17,External Hard Drive 2TB,Electronics,1,5299.0,2026-10-04 19:21:36
CUST0326,PROD_B07,Python for Data Analysis,Books,1,850.0,2026-06-30 01:21:36
CUST0431,PROD_C01,Hydrating Hyaluronic Acid Serum,Beauty & Care,1,899.0,2026-09-14 06:21:36
CUST0403,PROD_E12,Aluminum Laptop Cooling Pad,Electronics,1,1499.0,2026-06-15 11:21:36
CUST0167,PROD_H07,Smart LED Desk Lamp with Dimmer,Home & Kitchen,2,1699.0,2026-02-20 10:21:36
CUST0443,PROD_S05,Insulated Sports Shaker Bottle,Sports & Fitness,1,499.0,2025-12-11 23:21:36
CUST0188,PROD_E10,High-Speed Wi-Fi 6 Router,Electronics,1,3899.0,2026-01-10 05:21:36
CUST0154,PROD_S08,Waterproof Cycling Helmet,Sports & Fitness,1,1899.0,2026-09-30 04:21:36
CUST0250,PROD_C02,SPF 50 Broad Spectrum Sunscreen,Beauty & Care,1,649.0,2026-03-06 00:21:36
CUST0387,PROD_H09,Aromatherapy Essential Oil Diffuser,Home & Kitchen,1,1299.0,2026-06-19 20:21:36
CUST0487,PROD_F12,Hooded Fleece Sweatshirt,Fashion,1,1899.0,2026-07-07 19:21:36
CUST0068,PROD_C03,Vitamin C Facial Cleanser,Beauty & Care,1,499.0,2025-11-20 23:21:36
CUST0217,PROD_H09,Aromatherapy Essential Oil Diffuser,Home & Kitchen,2,1299.0,2026-07-07 08:21:36
CUST0040,PROD_C03,Vitamin C Facial Cleanser,Beauty & Care,1,499.0,2026-01-20 02:21:36
CUST0065,PROD_E04,4K Ultra HD Smart Monitor 27-inch,Electronics,1,18999.0,2025-10-29 05:21:36
CUST0273,PROD_H03,Memory Foam Orthopedic Pillow,Home & Kitchen,1,1199.0,2026-08-08 10:21:36
CUST0136,PROD_S03,Resistance Loop Exercise Bands Set,Sports & Fitness,1,699.0,2026-10-01 16:21:36
CUST0154,PROD_B08,"Thinking, Fast and Slow",Books,1,520.0,2026-01-28 07:21:36
CUST0069,PROD_H01,Stainless Steel Electric Kettle 1.8L,Home & Kitchen,1,1399.0,2025-11-20 22:21:36
CUST0228,PROD_S02,Adjustable Dumbbell Set 20kg,Sports & Fitness,1,4599.0,2026-02-08 00:21:36
CUST0155,PROD_B05,System Design Interview Guide,Books,1,950.0,2026-03-27 19:21:36
CUST0074,PROD_H12,Microfiber Bed Sheet Set Queen,Home & Kitchen,1,1499.0,2026-01-25 08:21:36
CUST0131,PROD_B02,Atomic Habits by James Clear,Books,1,599.0,2025-12-30 13:21:36
CUST0227,PROD_H05,Non-Stick Ceramic Cookware Set 5-Piece,Home & Kitchen,1,3999.0,2026-09-25 13:21:36
CUST0288,PROD_B06,Clean Code: Handbook of Software Craftsmanship,Books,1,1100.0,2026-09-09 00:21:36
CUST0168,PROD_B05,System Design Interview Guide,Books,1,950.0,2026-04-18 19:21:36
CUST0205,PROD_E11,Active Noise Cancelling Earbuds,Electronics,2,3199.0,2026-06-30 05:21:36
CUST0070,PROD_F11,Comfortable Canvas Slip-Ons,Fashion,1,1599.0,2026-10-01 21:21:36
CUST0003,PROD_F06,Warm Knit Winter Beanie,Fashion,1,499.0,2026-01-20 02:21:36
CUST0134,PROD_B05,System Design Interview Guide,Books,1,950.0,2025-10-18 16:21:36
CUST0035,PROD_F12,Hooded Fleece Sweatshirt,Fashion,1,1899.0,2026-02-28 08:21:36
CUST0037,PROD_F09,Waterproof HIKING Boots,Fashion,1,4199.0,2026-08-17 17:21:36
CUST0479,PROD_F06,Warm Knit Winter Beanie,Fashion,1,499.0,2026-01-03 14:21:36
CUST0038,PROD_B09,Zero to One by Peter Thiel,Books,1,480.0,2026-05-08 09:21:36
CUST0443,PROD_B05,System Design Interview Guide,Books,1,950.0,2026-02-10 13:21:36
CUST0011,PROD_C05,Organic Argan Oil Hair Treatment,Beauty & Care,1,750.0,2025-10-19 12:21:36
CUST0410,PROD_C01,Hydrating Hyaluronic Acid Serum,Beauty & Care,1,899.0,2026-09-03 23:21:36
CUST0056,PROD_S04,High-Density Foam Muscle Roller,Sports & Fitness,1,899.0,2026-07-05 09:21:36
CUST0420,PROD_S05,Insulated Sports Shaker Bottle,Sports & Fitness,1,499.0,2026-09-27 10:21:36
CUST0318,PROD_F10,Formal Leather Belt Black,Fashion,1,799.0,2025-10-09 06:21:36
CUST0056,PROD_S04,High-Density Foam Muscle Roller,Sports & Fitness,1,899.0,2026-03-28 12:21:36
CUST0417,PROD_E15,Wireless Phone Charging Pad,Electronics,1,999.0,2025-12-13 00:21:36
CUST0230,PROD_H12,Microfiber Bed Sheet Set Queen,Home & Kitchen,1,1499.0,2025-11-09 19:21:36
CUST0159,PROD_F11,Comfortable Canvas Slip-Ons,Fashion,1,1599.0,2026-01-13 20:21:36
CUST0396,PROD_H09,Aromatherapy Essential Oil Diffuser,Home & Kitchen,1,1299.0,2026-07-25 00:21:36
CUST0096,PROD_H04,Automatic Espresso Coffee Maker,Home & Kitchen,1,12499.0,2026-04-04 05:21:36
CUST0440,PROD_S08,Waterproof Cycling Helmet,Sports & Fitness,1,1899.0,2026-08-09 12:21:36
CUST0091,PROD_B05,System Design Interview Guide,Books,1,950.0,2026-05-12 16:21:36
CUST0081,PROD_C06,Gentle Exfoliating Face Scrub,Beauty & Care,1,550.0,2026-04-30 09:21:36
CUST0303,PROD_H11,Digital Kitchen Weighing Scale,Home & Kitchen,1,599.0,2026-04-07 23:21:36
CUST0389,PROD_F05,Genuine Leather Crossbody Bag,Fashion,1,2799.0,2025-12-14 08:21:36
CUST0427,PROD_B05,System Design Interview Guide,Books,1,950.0,2026-02-13 10:21:36
CUST0171,PROD_C08,Rechargeable Facial Cleansing Brush,Beauty & Care,1,1499.0,2026-04-04 16:21:36
CUST0144,PROD_S03,Resistance Loop Exercise Bands Set,Sports & Fitness,1,699.0,2025-11-28 19:21:36
CUST0346,PROD_S02,Adjustable Dumbbell Set 20kg,Sports & Fitness,1,4599.0,2026-04-10 06:21:36
CUST0150,PROD_B05,System Design Interview Guide,Books,1,950.0,2026-05-04 00:21:36
CUST0341,PROD_E15,Wireless Phone Charging Pad,Electronics,1,999.0,2025-11-27 04:21:36
CUST0096,PROD_C07,Natural Charcoal Detox Mask,Beauty & Care,1,699.0,2026-01-17 07:21:36
CUST0204,PROD_F10,Formal Leather Belt Black,Fashion,1,799.0,2026-01-23 12:21:36
CUST0237,PROD_S01,Non-Slip Eco Yoga Mat 6mm,Sports & Fitness,1,1299.0,2026-02-19 17:21:36
CUST0167,PROD_F10,Formal Leather Belt Black,Fashion,1,799.0,2025-10-12 02:21:36
CUST0336,PROD_B10,Hands-On Machine Learning with Scikit-Learn,Books,1,1450.0,2026-05-06 15:21:36
CUST0254,PROD_F08,Athletic Workout Leggings,Fashion,1,1199.0,2026-05-07 01:21:36
CUST0249,PROD_B05,System Design Interview Guide,Books,1,950.0,2026-03-05 10:21:36
CUST0211,PROD_F08,Athletic Workout Leggings,Fashion,1,1199.0,2025-12-25 04:21:36
CUST0433,PROD_E17,External Hard Drive 2TB,Electronics,1,5299.0,2026-08-10 17:21:36
CUST0230,PROD_H06,Robot Vacuum Cleaner with Mop,Home & Kitchen,1,15999.0,2025-11-23 04:21:36
CUST0135,PROD_E13,Surround Sound Gaming Headset,Electronics,1,2799.0,2025-10-21 00:21:36
CUST0134,PROD_B05,System Design Interview Guide,Books,1,950.0,2025-11-06 11:21:36
CUST0269,PROD_C01,Hydrating Hyaluronic Acid Serum,Beauty & Care,1,899.0,2026-03-10 10:21:36
CUST0314,PROD_C05,Organic Argan Oil Hair Treatment,Beauty & Care,1,750.0,2025-12-01 05:21:36
CUST0054,PROD_E13,Surround Sound Gaming Headset,Electronics,1,2799.0,2026-09-10 10:21:36
CUST0252,PROD_B06,Clean Code: Handbook of Software Craftsmanship,Books,1,1100.0,2026-09-04 10:21:36
CUST0279,PROD_E04,4K Ultra HD Smart Monitor 27-inch,Electronics,1,18999.0,2026-03-14 12:21:36
CUST0181,PROD_E04,4K Ultra HD Smart Monitor 27-inch,Electronics,1,18999.0,2026-05-07 16:21:36
CUST0016,PROD_C04,Sonic Electric Toothbrush,Beauty & Care,1,2299.0,2026-06-28 15:21:36
CUST0219,PROD_H01,Stainless Steel Electric Kettle 1.8L,Home & Kitchen,1,1399.0,2025-11-09 19:21:36
CUST0132,PROD_S04,High-Density Foam Muscle Roller,Sports & Fitness,1,899.0,2025-11-04 13:21:36
CUST0301,PROD_B05,System Design Interview Guide,Books,1,950.0,2025-10-26 23:21:36
CUST0072,PROD_F01,Classic Cotton Denim Jacket,Fashion,1,2199.0,2026-05-23 05:21:36
CUST0208,PROD_C07,Natural Charcoal Detox Mask,Beauty & Care,1,699.0,2026-06-27 12:21:36
CUST0301,PROD_B05,System Design Interview Guide,Books,1,950.0,2026-08-30 07:21:36
CUST0304,PROD_B05,System Design Interview Guide,Books,1,950.0,2026-04-22 14:21:36
CUST0016,PROD_C04,Sonic Electric Toothbrush,Beauty & Care,1,2299.0,2026-05-31 23:21:36
CUST0301,PROD_F11,Comfortable Canvas Slip-Ons,Fashion,1,1599.0,2026-07-27 00:21:36
CUST0386,PROD_H06,Robot Vacuum Cleaner with Mop,Home & Kitchen,1,15999.0,2026-06-13 12:21:36
CUST0054,PROD_E12,Aluminum Laptop Cooling Pad,Electronics,1,1499.0,2026-07-26 09:21:36
CUST0007,PROD_B01,Deep Learning Foundations & Applications,Books,1,899.0,2026-09-27 06:21:36
CUST0287,PROD_E17,External Hard Drive 2TB,Electronics,1,5299.0,2026-05-02 11:21:36
CUST0445,PROD_C02,SPF 50 Broad Spectrum Sunscreen,Beauty & Care,1,649.0,2026-01-29 04:21:36
CUST0269,PROD_F07,Stainless Steel Quartz Wristwatch,Fashion,1,4499.0,2025-11-27 07:21:36
CUST0204,PROD_F04,Polarized UV Protection Sunglasses,Fashion,1,1299.0,2026-07-22 17:21:36
CUST0058,PROD_H04,Automatic Espresso Coffee Maker,Home & Kitchen,1,12499.0,2026-07-21 13:21:36
CUST0075,PROD_F09,Waterproof HIKING Boots,Fashion,1,4199.0,2025-12-11 13:21:36
CUST0164,PROD_F07,Stainless Steel Quartz Wristwatch,Fashion,1,4499.0,2026-06-16 12:21:36
CUST0188,PROD_E10,High-Speed Wi-Fi 6 Router,Electronics,1,3899.0,2025-10-24 09:21:36
CUST0065,PROD_B10,Hands-On Machine Learning with Scikit-Learn,Books,1,1450.0,2025-12-09 23:21:36
CUST0093,PROD_H04,Automatic Espresso Coffee Maker,Home & Kitchen,1,12499.0,2026-02-15 12:21:36
CUST0341,PROD_C06,Gentle Exfoliating Face Scrub,Beauty & Care,1,550.0,2026-06-30 15:21:36
CUST0350,PROD_E12,Aluminum Laptop Cooling Pad,Electronics,1,1499.0,2026-09-26 02:21:36
CUST0193,PROD_H09,Aromatherapy Essential Oil Diffuser,Home & Kitchen,1,1299.0,2026-06-19 19:21:36
CUST0479,PROD_H04,Automatic Espresso Coffee Maker,Home & Kitchen,1,12499.0,2026-05-02 04:21:36
CUST0227,PROD_H05,Non-Stick Ceramic Cookware Set 5-Piece,Home & Kitchen,1,3999.0,2026-08-24 03:21:36
CUST0171,PROD_C02,SPF 50 Broad Spectrum Sunscreen,Beauty & Care,1,649.0,2025-12-04 18:21:36
CUST0027,PROD_C06,Gentle Exfoliating Face Scrub,Beauty & Care,1,550.0,2026-01-22 04:21:36
CUST0066,PROD_C08,Rechargeable Facial Cleansing Brush,Beauty & Care,1,1499.0,2026-09-28 07:21:36
CUST0215,PROD_E10,High-Speed Wi-Fi 6 Router,Electronics,1,3899.0,2026-02-23 06:21:36
CUST0009,PROD_B08,"Thinking, Fast and Slow",Books,1,520.0,2026-07-22 01:21:36
CUST0061,PROD_C07,Natural Charcoal Detox Mask,Beauty & Care,1,699.0,2025-11-25 14:21:36
CUST0122,PROD_E08,Multi-Port USB Hub Type-C,Electronics,1,899.0,2026-09-14 15:21:36
CUST0284,PROD_B01,Deep Learning Foundations & Applications,Books,1,899.0,2026-09-27 00:21:36
CUST0282,PROD_F06,Warm Knit Winter Beanie,Fashion,1,499.0,2026-01-28 10:21:36
CUST0121,PROD_H06,Robot Vacuum Cleaner with Mop,Home & Kitchen,1,15999.0,2026-03-30 16:21:36
CUST0337,PROD_B08,"Thinking, Fast and Slow",Books,1,520.0,2026-01-13 20:21:36
CUST0463,PROD_S05,Insulated Sports Shaker Bottle,Sports & Fitness,1,499.0,2025-12-10 23:21:36
CUST0259,PROD_B05,System Design Interview Guide,Books,1,950.0,2026-07-12 18:21:36
CUST0017,PROD_E16,Internal SSD 1TB NVMe,Electronics,1,6499.0,2026-04-17 15:21:36
CUST0375,PROD_B05,System Design Interview Guide,Books,1,950.0,2025-11-26 23:21:36
CUST0279,PROD_E12,Aluminum Laptop Cooling Pad,Electronics,1,1499.0,2025-10-15 09:21:36
CUST0117,PROD_H05,Non-Stick Ceramic Cookware Set 5-Piece,Home & Kitchen,2,3999.0,2026-07-26 21:21:36
CUST0322,PROD_E09,HD Web Camera with Microphone,Electronics,1,2199.0,2026-05-26 18:21:36
CUST0470,PROD_F10,Formal Leather Belt Black,Fashion,1,799.0,2026-01-03 19:21:36
CUST0316,PROD_C03,Vitamin C Facial Cleanser,Beauty & Care,1,499.0,2025-12-27 07:21:36
CUST0282,PROD_S04,High-Density Foam Muscle Roller,Sports & Fitness,1,899.0,2026-03-29 06:21:36
CUST0414,PROD_H04,Automatic Espresso Coffee Maker,Home & Kitchen,1,12499.0,2026-07-11 07:21:36
CUST0337,PROD_B04,Designing Data-Intensive Applications,Books,1,1250.0,2025-10-08 12:21:36
CUST0224,PROD_E03,Ergonomic Wireless Mouse,Electronics,1,1299.0,2026-06-02 21:21:36
CUST0014,PROD_F09,Waterproof HIKING Boots,Fashion,1,4199.0,2025-10-08 13:21:36
CUST0040,PROD_C03,Vitamin C Facial Cleanser,Beauty & Care,1,499.0,2026-09-30 09:21:36
CUST0417,PROD_E11,Active Noise Cancelling Earbuds,Electronics,2,3199.0,2026-02-24 16:21:36
CUST0464,PROD_E17,External Hard Drive 2TB,Electronics,1,5299.0,2026-03-06 08:21:36
CUST0018,PROD_F01,Classic Cotton Denim Jacket,Fashion,1,2199.0,2026-01-17 07:21:36
CUST0178,PROD_E04,4K Ultra HD Smart Monitor 27-inch,Electronics,1,18999.0,2026-07-13 05:21:36
CUST0300,PROD_H13,Stainless Steel Cutlery Set 24-Piece,Home & Kitchen,1,1799.0,2026-06-23 02:21:36
CUST0110,PROD_B08,"Thinking, Fast and Slow",Books,1,520.0,2025-10-31 00:21:36
CUST0144,PROD_S04,High-Density Foam Muscle Roller,Sports & Fitness,1,899.0,2025-12-07 06:21:36
CUST0448,PROD_B10,Hands-On Machine Learning with Scikit-Learn,Books,1,1450.0,2026-05-08 05:21:36
CUST0485,PROD_E03,Ergonomic Wireless Mouse,Electronics,1,1299.0,2025-12-16 00:21:36
CUST0324,PROD_C07,Natural Charcoal Detox Mask,Beauty & Care,1,699.0,2026-09-06 04:21:36
CUST0320,PROD_F09,Waterproof HIKING Boots,Fashion,1,4199.0,2026-04-22 06:21:36
CUST0165,PROD_E02,Mechanical Gaming Keyboard,Electronics,1,3499.0,2025-11-17 21:21:36
CUST0196,PROD_F08,Athletic Workout Leggings,Fashion,1,1199.0,2025-10-22 10:21:36
CUST0009,PROD_B09,Zero to One by Peter Thiel,Books,1,480.0,2026-02-22 17:21:36
CUST0041,PROD_H04,Automatic Espresso Coffee Maker,Home & Kitchen,1,12499.0,2026-02-16 15:21:36
CUST0404,PROD_C08,Rechargeable Facial Cleansing Brush,Beauty & Care,1,1499.0,2026-01-19 20:21:36
CUST0313,PROD_E07,Portable Bluetooth Speaker 20W,Electronics,1,2999.0,2026-07-28 08:21:36
CUST0103,PROD_E04,4K Ultra HD Smart Monitor 27-inch,Electronics,1,18999.0,2026-08-15 14:21:36
CUST0109,PROD_E09,HD Web Camera with Microphone,Electronics,1,2199.0,2025-11-01 02:21:36
CUST0288,PROD_B09,Zero to One by Peter Thiel,Books,1,480.0,2026-08-01 20:21:36
CUST0032,PROD_H04,Automatic Espresso Coffee Maker,Home & Kitchen,1,12499.0,2025-10-05 23:21:36
CUST0063,PROD_B01,Deep Learning Foundations & Applications,Books,1,899.0,2026-05-15 18:21:36
CUST0132,PROD_S01,Non-Slip Eco Yoga Mat 6mm,Sports & Fitness,1,1299.0,2026-04-24 21:21:36
CUST0135,PROD_E04,4K Ultra HD Smart Monitor 27-inch,Electronics,1,18999.0,2025-11-30 22:21:36
CUST0142,PROD_H11,Digital Kitchen Weighing Scale,Home & Kitchen,1,599.0,2026-03-19 17:21:36
CUST0071,PROD_F03,Slim Fit Casual Button-Up Shirt,Fashion,1,1499.0,2026-10-01 22:21:36
CUST0079,PROD_C02,SPF 50 Broad Spectrum Sunscreen,Beauty & Care,1,649.0,2026-06-08 10:21:36
CUST0495,PROD_S04,High-Density Foam Muscle Roller,Sports & Fitness,1,899.0,2026-03-26 10:21:36
CUST0449,PROD_H10,Bamboo Cutting Board Set,Home & Kitchen,1,899.0,2026-04-15 23:21:36
CUST0106,PROD_E10,High-Speed Wi-Fi 6 Router,Electronics,1,3899.0,2025-12-30 10:21:36
CUST0051,PROD_H10,Bamboo Cutting Board Set,Home & Kitchen,1,899.0,2025-12-07 06:21:36
CUST0316,PROD_C01,Hydrating Hyaluronic Acid Serum,Beauty & Care,1,899.0,2026-04-06 13:21:36
CUST0185,PROD_E07,Portable Bluetooth Speaker 20W,Electronics,2,2999.0,2026-03-08 15:21:36
CUST0140,PROD_E15,Wireless Phone Charging Pad,Electronics,2,999.0,2026-03-03 08:21:36
CUST0130,PROD_E13,Surround Sound Gaming Headset,Electronics,1,2799.0,2026-09-26 19:21:36
CUST0489,PROD_S08,Waterproof Cycling Helmet,Sports & Fitness,1,1899.0,2025-11-11 08:21:36
CUST0037,PROD_F13,Designer Silk Scarf,Fashion,1,999.0,2026-01-20 12:21:36
CUST0313,PROD_E02,Mechanical Gaming Keyboard,Electronics,1,3499.0,2026-05-08 05:21:36
CUST0289,PROD_B05,System Design Interview Guide,Books,1,950.0,2026-01-15 16:21:36
CUST0325,PROD_B03,The Psychology of Money,Books,1,450.0,2025-11-05 14:21:36
CUST0423,PROD_H07,Smart LED Desk Lamp with Dimmer,Home & Kitchen,1,1699.0,2026-09-04 18:21:36
CUST0274,PROD_B10,Hands-On Machine Learning with Scikit-Learn,Books,1,1450.0,2025-12-21 03:21:36
CUST0282,PROD_E09,HD Web Camera with Microphone,Electronics,1,2199.0,2026-03-29 08:21:36
CUST0307,PROD_F10,Formal Leather Belt Black,Fashion,2,799.0,2026-06-12 16:21:36
CUST0372,PROD_S04,High-Density Foam Muscle Roller,Sports & Fitness,1,899.0,2026-07-11 11:21:36
CUST0464,PROD_E02,Mechanical Gaming Keyboard,Electronics,1,3499.0,2026-01-21 11:21:36
CUST0252,PROD_B02,Atomic Habits by James Clear,Books,1,599.0,2026-04-28 15:21:36
CUST0113,PROD_B09,Zero to One by Peter Thiel,Books,1,480.0,2026-05-20 10:21:36
CUST0156,PROD_S01,Non-Slip Eco Yoga Mat 6mm,Sports & Fitness,1,1299.0,2026-01-20 19:21:36
CUST0161,PROD_S02,Adjustable Dumbbell Set 20kg,Sports & Fitness,2,4599.0,2026-05-11 07:21:36
CUST0080,PROD_B10,Hands-On Machine Learning with Scikit-Learn,Books,2,1450.0,2026-09-19 18:21:36
CUST0280,PROD_F08,Athletic Workout Leggings,Fashion,1,1199.0,2025-11-26 22:21:36
CUST0182,PROD_H13,Stainless Steel Cutlery Set 24-Piece,Home & Kitchen,1,1799.0,2026-01-07 13:21:36
CUST0047,PROD_H10,Bamboo Cutting Board Set,Home & Kitchen,1,899.0,2026-05-05 05:21:36
CUST0378,PROD_C04,Sonic Electric Toothbrush,Beauty & Care,1,2299.0,2026-05-04 07:21:36
CUST0338,PROD_H06,Robot Vacuum Cleaner with Mop,Home & Kitchen,1,15999.0,2026-07-12 00:21:36
CUST0028,PROD_E13,Surround Sound Gaming Headset,Electronics,1,2799.0,2026-08-18 08:21:36
CUST0325,PROD_B10,Hands-On Machine Learning with Scikit-Learn,Books,2,1450.0,2025-10-20 01:21:36
CUST0105,PROD_E02,Mechanical Gaming Keyboard,Electronics,1,3499.0,2026-06-07 16:21:36
CUST0287,PROD_B03,The Psychology of Money,Books,1,450.0,2026-09-10 01:21:36
CUST0348,PROD_C01,Hydrating Hyaluronic Acid Serum,Beauty & Care,1,899.0,2026-03-29 21:21:36
CUST0416,PROD_B07,Python for Data Analysis,Books,1,850.0,2026-09-20 11:21:36
CUST0042,PROD_B06,Clean Code: Handbook of Software Craftsmanship,Books,1,1100.0,2025-10-19 18:21:36
CUST0441,PROD_H09,Aromatherapy Essential Oil Diffuser,Home & Kitchen,1,1299.0,2026-04-05 22:21:36
CUST0370,PROD_C06,Gentle Exfoliating Face Scrub,Beauty & Care,1,550.0,2025-12-27 08:21:36
CUST0329,PROD_H04,Automatic Espresso Coffee Maker,Home & Kitchen,1,12499.0,2025-12-01 05:21:36
CUST0022,PROD_S05,Insulated Sports Shaker Bottle,Sports & Fitness,1,499.0,2026-06-29 05:21:36
CUST0120,PROD_C06,Gentle Exfoliating Face Scrub,Beauty & Care,1,550.0,2026-01-23 04:21:36
CUST0410,PROD_S05,Insulated Sports Shaker Bottle,Sports & Fitness,1,499.0,2026-07-22 10:21:36
CUST0361,PROD_E12,Aluminum Laptop Cooling Pad,Electronics,1,1499.0,2026-06-02 20:21:36
CUST0109,PROD_S08,Waterproof Cycling Helmet,Sports & Fitness,1,1899.0,2025-12-12 19:21:36
CUST0212,PROD_E08,Multi-Port USB Hub Type-C,Electronics,1,899.0,2025-12-25 06:21:36
CUST0321,PROD_B10,Hands-On Machine Learning with Scikit-Learn,Books,1,1450.0,2025-11-17 08:21:36
CUST0200,PROD_F07,Stainless Steel Quartz Wristwatch,Fashion,1,4499.0,2025-10-09 10:21:36
CUST0077,PROD_H05,Non-Stick Ceramic Cookware Set 5-Piece,Home & Kitchen,1,3999.0,2026-07-08 18:21:36
CUST0164,PROD_F13,Designer Silk Scarf,Fashion,1,999.0,2026-08-10 20:21:36
CUST0467,PROD_E08,Multi-Port USB Hub Type-C,Electronics,1,899.0,2026-03-27 07:21:36
CUST0272,PROD_B10,Hands-On Machine Learning with Scikit-Learn,Books,1,1450.0,2026-08-04 17:21:36
CUST0147,PROD_F06,Warm Knit Winter Beanie,Fashion,1,499.0,2026-02-14 16:21:36
CUST0243,PROD_E04,4K Ultra HD Smart Monitor 27-inch,Electronics,1,18999.0,2026-06-24 21:21:36
CUST0431,PROD_B05,System Design Interview Guide,Books,1,950.0,2025-10-29 09:21:36
CUST0095,PROD_C06,Gentle Exfoliating Face Scrub,Beauty & Care,1,550.0,2025-12-25 12:21:36
CUST0276,PROD_F06,Warm Knit Winter Beanie,Fashion,1,499.0,2026-07-20 06:21:36
CUST0457,PROD_S08,Waterproof Cycling Helmet,Sports & Fitness,1,1899.0,2026-07-05 11:21:36
CUST0049,PROD_E02,Mechanical Gaming Keyboard,Electronics,1,3499.0,2026-08-14 16:21:36
CUST0148,PROD_S04,High-Density Foam Muscle Roller,Sports & Fitness,1,899.0,2026-03-16 21:21:36
CUST0290,PROD_C01,Hydrating Hyaluronic Acid Serum,Beauty & Care,1,899.0,2026-05-15 17:21:36
CUST0015,PROD_H02,Digital Air Fryer 4.5L,Home & Kitchen,1,5999.0,2025-10-23 00:21:36
CUST0443,PROD_F08,Athletic Workout Leggings,Fashion,1,1199.0,2025-10-06 19:21:36
CUST0464,PROD_B10,Hands-On Machine Learning with Scikit-Learn,Books,1,1450.0,2025-10-18 18:21:36
CUST0194,PROD_B05,System Design Interview Guide,Books,1,950.0,2025-12-15 12:21:36
CUST0448,PROD_C07,Natural Charcoal Detox Mask,Beauty & Care,1,699.0,2026-06-22 18:21:36
CUST0084,PROD_E10,High-Speed Wi-Fi 6 Router,Electronics,1,3899.0,2026-09-03 16:21:36
CUST0136,PROD_H09,Aromatherapy Essential Oil Diffuser,Home & Kitchen,1,1299.0,2025-12-22 12:21:36
CUST0027,PROD_C07,Natural Charcoal Detox Mask,Beauty & Care,1,699.0,2026-07-27 09:21:36
CUST0053,PROD_H04,Automatic Espresso Coffee Maker,Home & Kitchen,1,12499.0,2025-11-02 15:21:36
CUST0400,PROD_S08,Waterproof Cycling Helmet,Sports & Fitness,1,1899.0,2026-04-23 21:21:36
CUST0308,PROD_C06,Gentle Exfoliating Face Scrub,Beauty & Care,1,550.0,2026-07-10 18:21:36
CUST0383,PROD_H09,Aromatherapy Essential Oil Diffuser,Home & Kitchen,1,1299.0,2025-10-13 16:21:36
CUST0025,PROD_F03,Slim Fit Casual Button-Up Shirt,Fashion,1,1499.0,2026-04-21 09:21:36
CUST0435,PROD_C02,SPF 50 Broad Spectrum Sunscreen,Beauty & Care,1,649.0,2025-12-19 02:21:36
CUST0294,PROD_B05,System Design Interview Guide,Books,1,950.0,2026-10-04 11:21:36
CUST0135,PROD_F11,Comfortable Canvas Slip-Ons,Fashion,1,1599.0,2025-11-20 22:21:36
CUST0320,PROD_C01,Hydrating Hyaluronic Acid Serum,Beauty & Care,1,899.0,2025-12-08 22:21:36
CUST0242,PROD_F06,Warm Knit Winter Beanie,Fashion,2,499.0,2026-04-04 15:21:36
CUST0085,PROD_F08,Athletic Workout Leggings,Fashion,1,1199.0,2026-07-30 21:21:36
CUST0104,PROD_E10,High-Speed Wi-Fi 6 Router,Electronics,1,3899.0,2026-06-06 03:21:36
CUST0072,PROD_F03,Slim Fit Casual Button-Up Shirt,Fashion,1,1499.0,2025-11-23 00:21:36
CUST0303,PROD_B02,Atomic Habits by James Clear,Books,1,599.0,2025-12-06 17:21:36
CUST0157,PROD_B05,System Design Interview Guide,Books,1,950.0,2025-11-03 12:21:36
CUST0079,PROD_B10,Hands-On Machine Learning with Scikit-Learn,Books,2,1450.0,2026-03-27 02:21:36
CUST0342,PROD_C02,SPF 50 Broad Spectrum Sunscreen,Beauty & Care,1,649.0,2026-06-13 12:21:36
CUST0493,PROD_F04,Polarized UV Protection Sunglasses,Fashion,1,1299.0,2026-07-25 02:21:36
CUST0283,PROD_S03,Resistance Loop Exercise Bands Set,Sports & Fitness,1,699.0,2026-08-02 06:21:36
CUST0083,PROD_C08,Rechargeable Facial Cleansing Brush,Beauty & Care,1,1499.0,2026-07-15 01:21:36
CUST0428,PROD_F12,Hooded Fleece Sweatshirt,Fashion,1,1899.0,2026-03-01 00:21:36
CUST0409,PROD_F03,Slim Fit Casual Button-Up Shirt,Fashion,1,1499.0,2025-10-18 03:21:36
CUST0384,PROD_F09,Waterproof HIKING Boots,Fashion,2,4199.0,2026-08-01 04:21:36
CUST0354,PROD_E04,4K Ultra HD Smart Monitor 27-inch,Electronics,1,18999.0,2026-07-10 08:21:36
CUST0203,PROD_E17,External Hard Drive 2TB,Electronics,1,5299.0,2026-08-28 10:21:36
CUST0481,PROD_S05,Insulated Sports Shaker Bottle,Sports & Fitness,1,499.0,2026-05-28 23:21:36
CUST0105,PROD_E12,Aluminum Laptop Cooling Pad,Electronics,1,1499.0,2026-05-13 04:21:36
CUST0339,PROD_E14,Smart Plug with Voice Control,Electronics,2,799.0,2026-07-14 14:21:36
CUST0305,PROD_H04,Automatic Espresso Coffee Maker,Home & Kitchen,1,12499.0,2025-12-02 09:21:36
CUST0183,PROD_C06,Gentle Exfoliating Face Scrub,Beauty & Care,1,550.0,2026-05-10 02:21:36
CUST0325,PROD_B04,Designing Data-Intensive Applications,Books,1,1250.0,2026-08-11 17:21:36
CUST0267,PROD_S02,Adjustable Dumbbell Set 20kg,Sports & Fitness,1,4599.0,2025-11-26 21:21:36
CUST0247,PROD_H04,Automatic Espresso Coffee Maker,Home & Kitchen,1,12499.0,2026-06-25 09:21:36
CUST0224,PROD_F08,Athletic Workout Leggings,Fashion,1,1199.0,2026-06-11 20:21:36
CUST0317,PROD_S04,High-Density Foam Muscle Roller,Sports & Fitness,1,899.0,2025-10-18 06:21:36
CUST0396,PROD_H01,Stainless Steel Electric Kettle 1.8L,Home & Kitchen,2,1399.0,2025-11-23 15:21:36
CUST0440,PROD_H11,Digital Kitchen Weighing Scale,Home & Kitchen,1,599.0,2026-06-06 19:21:36
CUST0023,PROD_C05,Organic Argan Oil Hair Treatment,Beauty & Care,1,750.0,2025-12-22 10:21:36
CUST0433,PROD_S08,Waterproof Cycling Helmet,Sports & Fitness,1,1899.0,2026-04-16 09:21:36
CUST0244,PROD_B09,Zero to One by Peter Thiel,Books,1,480.0,2026-07-17 20:21:36
CUST0339,PROD_S07,Breathable Weightlifting Gloves,Sports & Fitness,2,599.0,2025-10-19 00:21:36
CUST0076,PROD_S06,Speed Jump Rope with Ball Bearings,Sports & Fitness,1,399.0,2026-08-15 03:21:36
CUST0094,PROD_E04,4K Ultra HD Smart Monitor 27-inch,Electronics,2,18999.0,2026-01-11 10:21:36
CUST0344,PROD_S08,Waterproof Cycling Helmet,Sports & Fitness,1,1899.0,2025-12-10 10:21:36
CUST0068,PROD_C04,Sonic Electric Toothbrush,Beauty & Care,1,2299.0,2026-03-21 21:21:36
CUST0325,PROD_H06,Robot Vacuum Cleaner with Mop,Home & Kitchen,1,15999.0,2026-06-25 18:21:36
CUST0403,PROD_C08,Rechargeable Facial Cleansing Brush,Beauty & Care,1,1499.0,2025-11-12 04:21:36
CUST0441,PROD_S04,High-Density Foam Muscle Roller,Sports & Fitness,1,899.0,2026-02-06 15:21:36
CUST0092,PROD_B05,System Design Interview Guide,Books,1,950.0,2026-01-20 21:21:36
CUST0299,PROD_F14,Water-Resistant Travel Backpack,Fashion,1,2399.0,2026-03-08 13:21:36
CUST0396,PROD_H03,Memory Foam Orthopedic Pillow,Home & Kitchen,1,1199.0,2026-05-07 03:21:36
CUST0171,PROD_F06,Warm Knit Winter Beanie,Fashion,1,499.0,2026-09-11 15:21:36
CUST0188,PROD_E05,Fast Charging USB-C Power Bank 20000mAh,Electronics,1,1999.0,2026-03-03 02:21:36
CUST0492,PROD_F10,Formal Leather Belt Black,Fashion,1,799.0,2026-06-11 18:21:36
CUST0488,PROD_C08,Rechargeable Facial Cleansing Brush,Beauty & Care,1,1499.0,2025-11-12 06:21:36
CUST0185,PROD_E17,External Hard Drive 2TB,Electronics,2,5299.0,2026-09-21 12:21:36
CUST0023,PROD_C03,Vitamin C Facial Cleanser,Beauty & Care,1,499.0,2026-08-04 03:21:36
CUST0175,PROD_B01,Deep Learning Foundations & Applications,Books,1,899.0,2026-07-11 22:21:36
CUST0036,PROD_F12,Hooded Fleece Sweatshirt,Fashion,1,1899.0,2026-04-29 22:21:36
CUST0091,PROD_H07,Smart LED Desk Lamp with Dimmer,Home & Kitchen,1,1699.0,2026-05-21 04:21:36
CUST0350,PROD_E06,Smart Fitness Watch Series 5,Electronics,1,4999.0,2026-04-10 05:21:36
CUST0359,PROD_B05,System Design Interview Guide,Books,1,950.0,2026-02-05 07:21:36
CUST0336,PROD_B02,Atomic Habits by James Clear,Books,1,599.0,2025-10-31 05:21:36
CUST0292,PROD_E16,Internal SSD 1TB NVMe,Electronics,2,6499.0,2025-12-03 00:21:36
CUST0354,PROD_F14,Water-Resistant Travel Backpack,Fashion,1,2399.0,2026-02-02 08:21:36
CUST0425,PROD_E12,Aluminum Laptop Cooling Pad,Electronics,2,1499.0,2026-01-22 01:21:36
CUST0345,PROD_C02,SPF 50 Broad Spectrum Sunscreen,Beauty & Care,1,649.0,2026-09-03 16:21:36
CUST0413,PROD_H13,Stainless Steel Cutlery Set 24-Piece,Home & Kitchen,1,1799.0,2026-02-23 23:21:36
CUST0073,PROD_H08,Insulated Vacuum Water Bottle 1L,Home & Kitchen,1,699.0,2026-01-24 02:21:36
CUST0161,PROD_H03,Memory Foam Orthopedic Pillow,Home & Kitchen,1,1199.0,2025-11-24 09:21:36
CUST0302,PROD_E17,External Hard Drive 2TB,Electronics,1,5299.0,2026-09-16 11:21:36
CUST0374,PROD_B04,Designing Data-Intensive Applications,Books,1,1250.0,2025-10-12 17:21:36
CUST0171,PROD_C01,Hydrating Hyaluronic Acid Serum,Beauty & Care,1,899.0,2026-04-09 02:21:36
CUST0170,PROD_B05,System Design Interview Guide,Books,1,950.0,2025-11-25 14:21:36
CUST0369,PROD_E05,Fast Charging USB-C Power Bank 20000mAh,Electronics,1,1999.0,2026-09-04 20:21:36
CUST0173,PROD_F07,Stainless Steel Quartz Wristwatch,Fashion,1,4499.0,2026-01-25 22:21:36
CUST0243,PROD_E09,HD Web Camera with Microphone,Electronics,1,2199.0,2025-12-04 03:21:36
CUST0216,PROD_S02,Adjustable Dumbbell Set 20kg,Sports & Fitness,1,4599.0,2025-12-07 18:21:36
CUST0311,PROD_F03,Slim Fit Casual Button-Up Shirt,Fashion,1,1499.0,2026-09-05 01:21:36
CUST0225,PROD_B08,"Thinking, Fast and Slow",Books,1,520.0,2026-04-21 07:21:36
CUST0282,PROD_B05,System Design Interview Guide,Books,3,950.0,2026-04-19 05:21:36
CUST0085,PROD_F02,Breathable Running Sneakers,Fashion,1,3299.0,2026-04-13 06:21:36
CUST0091,PROD_E07,Portable Bluetooth Speaker 20W,Electronics,1,2999.0,2026-07-26 02:21:36
CUST0143,PROD_C05,Organic Argan Oil Hair Treatment,Beauty & Care,1,750.0,2025-10-26 11:21:36
CUST0489,PROD_S01,Non-Slip Eco Yoga Mat 6mm,Sports & Fitness,1,1299.0,2026-08-17 00:21:36
CUST0140,PROD_E17,External Hard Drive 2TB,Electronics,1,5299.0,2026-08-14 21:21:36
CUST0255,PROD_C08,Rechargeable Facial Cleansing Brush,Beauty & Care,1,1499.0,2026-08-12 08:21:36
CUST0372,PROD_S07,Breathable Weightlifting Gloves,Sports & Fitness,1,599.0,2026-09-26 06:21:36
CUST0027,PROD_E05,Fast Charging USB-C Power Bank 20000mAh,Electronics,1,1999.0,2026-04-01 14:21:36
CUST0424,PROD_E14,Smart Plug with Voice Control,Electronics,1,799.0,2025-11-15 03:21:36
CUST0500,PROD_H11,Digital Kitchen Weighing Scale,Home & Kitchen,2,599.0,2026-07-03 20:21:36
CUST0474,PROD_F08,Athletic Workout Leggings,Fashion,1,1199.0,2026-07-09 18:21:36
CUST0302,PROD_E14,Smart Plug with Voice Control,Electronics,1,799.0,2026-04-21 14:21:36
CUST0031,PROD_B07,Python for Data Analysis,Books,1,850.0,2025-11-26 07:21:36
CUST0293,PROD_C01,Hydrating Hyaluronic Acid Serum,Beauty & Care,1,899.0,2026-09-25 09:21:36
CUST0231,PROD_F04,Polarized UV Protection Sunglasses,Fashion,1,1299.0,2026-04-09 03:21:36
CUST0390,PROD_E04,4K Ultra HD Smart Monitor 27-inch,Electronics,1,18999.0,2025-11-10 02:21:36
CUST0429,PROD_F09,Waterproof HIKING Boots,Fashion,1,4199.0,2026-09-03 12:21:36
CUST0463,PROD_H11,Digital Kitchen Weighing Scale,Home & Kitchen,2,599.0,2026-08-11 09:21:36
CUST0270,PROD_B05,System Design Interview Guide,Books,1,950.0,2026-09-17 03:21:36
CUST0101,PROD_S04,High-Density Foam Muscle Roller,Sports & Fitness,1,899.0,2026-05-08 22:21:36
CUST0372,PROD_S01,Non-Slip Eco Yoga Mat 6mm,Sports & Fitness,1,1299.0,2025-12-22 01:21:36
CUST0090,PROD_S08,Waterproof Cycling Helmet,Sports & Fitness,1,1899.0,2026-06-25 11:21:36
CUST0342,PROD_C08,Rechargeable Facial Cleansing Brush,Beauty & Care,1,1499.0,2026-08-13 08:21:36
CUST0431,PROD_F06,Warm Knit Winter Beanie,Fashion,1,499.0,2026-06-06 03:21:36
CUST0182,PROD_B10,Hands-On Machine Learning with Scikit-Learn,Books,1,1450.0,2026-08-22 12:21:36
CUST0221,PROD_F09,Waterproof HIKING Boots,Fashion,2,4199.0,2025-11-02 16:21:36
CUST0338,PROD_H13,Stainless Steel Cutlery Set 24-Piece,Home & Kitchen,1,1799.0,2026-08-15 23:21:36
CUST0418,PROD_H10,Bamboo Cutting Board Set,Home & Kitchen,1,899.0,2026-06-24 23:21:36
CUST0111,PROD_H11,Digital Kitchen Weighing Scale,Home & Kitchen,1,599.0,2025-10-31 08:21:36
CUST0346,PROD_B10,Hands-On Machine Learning with Scikit-Learn,Books,1,1450.0,2026-01-25 07:21:36
CUST0027,PROD_C08,Rechargeable Facial Cleansing Brush,Beauty & Care,1,1499.0,2026-01-31 03:21:36
CUST0086,PROD_C08,Rechargeable Facial Cleansing Brush,Beauty & Care,1,1499.0,2026-09-19 11:21:36
CUST0084,PROD_F08,Athletic Workout Leggings,Fashion,1,1199.0,2026-09-09 14:21:36
CUST0300,PROD_B07,Python for Data Analysis,Books,1,850.0,2025-12-03 07:21:36
CUST0359,PROD_B01,Deep Learning Foundations & Applications,Books,1,899.0,2026-09-11 20:21:36
CUST0062,PROD_S05,Insulated Sports Shaker Bottle,Sports & Fitness,1,499.0,2026-06-18 16:21:36
CUST0316,PROD_C02,SPF 50 Broad Spectrum Sunscreen,Beauty & Care,1,649.0,2026-08-05 01:21:36
CUST0245,PROD_S08,Waterproof Cycling Helmet,Sports & Fitness,1,1899.0,2026-05-09 22:21:36
CUST0474,PROD_E03,Ergonomic Wireless Mouse,Electronics,1,1299.0,2026-04-22 10:21:36
CUST0062,PROD_S07,Breathable Weightlifting Gloves,Sports & Fitness,1,599.0,2026-05-20 11:21:36
CUST0464,PROD_E15,Wireless Phone Charging Pad,Electronics,1,999.0,2026-05-23 12:21:36
CUST0178,PROD_F08,Athletic Workout Leggings,Fashion,1,1199.0,2026-07-12 22:21:36
CUST0388,PROD_H02,Digital Air Fryer 4.5L,Home & Kitchen,1,5999.0,2026-04-16 04:21:36
CUST0189,PROD_F08,Athletic Workout Leggings,Fashion,1,1199.0,2025-11-13 19:21:36
CUST0127,PROD_B05,System Design Interview Guide,Books,1,950.0,2026-09-24 17:21:36
CUST0299,PROD_C08,Rechargeable Facial Cleansing Brush,Beauty & Care,1,1499.0,2026-02-21 14:21:36
CUST0499,PROD_S05,Insulated Sports Shaker Bottle,Sports & Fitness,1,499.0,2026-09-09 19:21:36
CUST0362,PROD_E11,Active Noise Cancelling Earbuds,Electronics,1,3199.0,2026-04-21 06:21:36
CUST0444,PROD_H12,Microfiber Bed Sheet Set Queen,Home & Kitchen,1,1499.0,2025-11-16 04:21:36
CUST0458,PROD_F08,Athletic Workout Leggings,Fashion,1,1199.0,2026-07-14 15:21:36
CUST0381,PROD_H01,Stainless Steel Electric Kettle 1.8L,Home & Kitchen,1,1399.0,2026-09-30 15:21:36
CUST0437,PROD_B10,Hands-On Machine Learning with Scikit-Learn,Books,1,1450.0,2025-12-24 19:21:36
CUST0037,PROD_F10,Formal Leather Belt Black,Fashion,1,799.0,2026-05-17 10:21:36
CUST0374,PROD_E02,Mechanical Gaming Keyboard,Electronics,1,3499.0,2026-03-30 00:21:36
CUST0271,PROD_B04,Designing Data-Intensive Applications,Books,1,1250.0,2025-11-19 20:21:36
CUST0064,PROD_F09,Waterproof HIKING Boots,Fashion,1,4199.0,2026-07-30 08:21:36
CUST0073,PROD_H05,Non-Stick Ceramic Cookware Set 5-Piece,Home & Kitchen,1,3999.0,2026-03-11 03:21:36
CUST0061,PROD_C08,Rechargeable Facial Cleansing Brush,Beauty & Care,1,1499.0,2026-06-07 04:21:36
CUST0321,PROD_F08,Athletic Workout Leggings,Fashion,1,1199.0,2026-06-23 11:21:36
CUST0406,PROD_C06,Gentle Exfoliating Face Scrub,Beauty & Care,1,550.0,2025-10-16 04:21:36
CUST0495,PROD_E14,Smart Plug with Voice Control,Electronics,1,799.0,2026-01-21 10:21:36
CUST0422,PROD_H04,Automatic Espresso Coffee Maker,Home & Kitchen,1,12499.0,2026-07-12 21:21:36
CUST0163,PROD_B08,"Thinking, Fast and Slow",Books,1,520.0,2026-05-16 07:21:36
CUST0117,PROD_E10,High-Speed Wi-Fi 6 Router,Electronics,1,3899.0,2025-10-23 13:21:36
CUST0452,PROD_E09,HD Web Camera with Microphone,Electronics,1,2199.0,2026-09-27 22:21:36
CUST0169,PROD_C08,Rechargeable Facial Cleansing Brush,Beauty & Care,1,1499.0,2026-07-02 15:21:36
CUST0399,PROD_E14,Smart Plug with Voice Control,Electronics,1,799.0,2026-06-27 09:21:36
CUST0263,PROD_B05,System Design Interview Guide,Books,1,950.0,2026-09-29 19:21:36
CUST0352,PROD_F08,Athletic Workout Leggings,Fashion,1,1199.0,2025-12-24 01:21:36
CUST0135,PROD_S05,Insulated Sports Shaker Bottle,Sports & Fitness,1,499.0,2025-11-24 03:21:36
CUST0014,PROD_S08,Waterproof Cycling Helmet,Sports & Fitness,1,1899.0,2026-04-25 23:21:36
CUST0113,PROD_B05,System Design Interview Guide,Books,1,950.0,2026-07-09 20:21:36
CUST0312,PROD_S01,Non-Slip Eco Yoga Mat 6mm,Sports & Fitness,1,1299.0,2026-04-25 12:21:36
CUST0499,PROD_S08,Waterproof Cycling Helmet,Sports & Fitness,1,1899.0,2025-12-24 12:21:36
CUST0058,PROD_S08,Waterproof Cycling Helmet,Sports & Fitness,3,1899.0,2025-10-14 23:21:36
CUST0341,PROD_E13,Surround Sound Gaming Headset,Electronics,1,2799.0,2026-02-14 07:21:36
CUST0499,PROD_S03,Resistance Loop Exercise Bands Set,Sports & Fitness,1,699.0,2026-03-02 18:21:36
CUST0483,PROD_E10,High-Speed Wi-Fi 6 Router,Electronics,1,3899.0,2025-12-10 07:21:36
CUST0446,PROD_S05,Insulated Sports Shaker Bottle,Sports & Fitness,1,499.0,2026-03-12 13:21:36
CUST0246,PROD_B01,Deep Learning Foundations & Applications,Books,1,899.0,2026-08-31 12:21:36
CUST0275,PROD_C04,Sonic Electric Toothbrush,Beauty & Care,1,2299.0,2026-07-30 17:21:36
CUST0180,PROD_B05,System Design Interview Guide,Books,1,950.0,2026-01-21 17:21:36
CUST0360,PROD_F01,Classic Cotton Denim Jacket,Fashion,1,2199.0,2025-10-18 08:21:36
CUST0188,PROD_E12,Aluminum Laptop Cooling Pad,Electronics,1,1499.0,2025-10-15 01:21:36
CUST0252,PROD_B02,Atomic Habits by James Clear,Books,1,599.0,2025-12-26 06:21:36
CUST0496,PROD_F06,Warm Knit Winter Beanie,Fashion,1,499.0,2026-01-18 19:21:36
CUST0230,PROD_H04,Automatic Espresso Coffee Maker,Home & Kitchen,1,12499.0,2025-11-28 21:21:36
CUST0008,PROD_B07,Python for Data Analysis,Books,1,850.0,2026-05-13 10:21:36
CUST0106,PROD_C05,Organic Argan Oil Hair Treatment,Beauty & Care,1,750.0,2025-10-14 05:21:36
CUST0087,PROD_E17,External Hard Drive 2TB,Electronics,2,5299.0,2025-10-16 12:21:36
CUST0419,PROD_S08,Waterproof Cycling Helmet,Sports & Fitness,1,1899.0,2026-05-17 14:21:36
CUST0092,PROD_S03,Resistance Loop Exercise Bands Set,Sports & Fitness,1,699.0,2026-04-20 04:21:36
CUST0042,PROD_B04,Designing Data-Intensive Applications,Books,1,1250.0,2026-09-03 13:21:36
CUST0389,PROD_E11,Active Noise Cancelling Earbuds,Electronics,1,3199.0,2026-07-20 12:21:36
CUST0166,PROD_F06,Warm Knit Winter Beanie,Fashion,1,499.0,2025-10-27 05:21:36
CUST0467,PROD_E04,4K Ultra HD Smart Monitor 27-inch,Electronics,1,18999.0,2026-06-12 08:21:36
CUST0379,PROD_H13,Stainless Steel Cutlery Set 24-Piece,Home & Kitchen,1,1799.0,2026-08-27 03:21:36
CUST0277,PROD_H04,Automatic Espresso Coffee Maker,Home & Kitchen,1,12499.0,2026-07-28 18:21:36
CUST0260,PROD_E05,Fast Charging USB-C Power Bank 20000mAh,Electronics,1,1999.0,2026-01-28 02:21:36
CUST0265,PROD_C01,Hydrating Hyaluronic Acid Serum,Beauty & Care,1,899.0,2026-05-17 02:21:36
CUST0495,PROD_B05,System Design Interview Guide,Books,1,950.0,2026-05-04 11:21:36
CUST0490,PROD_E11,Active Noise Cancelling Earbuds,Electronics,2,3199.0,2026-01-20 17:21:36
CUST0067,PROD_S08,Waterproof Cycling Helmet,Sports & Fitness,1,1899.0,2026-04-09 16:21:36
CUST0178,PROD_E07,Portable Bluetooth Speaker 20W,Electronics,1,2999.0,2026-06-09 14:21:36
CUST0029,PROD_H09,Aromatherapy Essential Oil Diffuser,Home & Kitchen,2,1299.0,2025-11-24 17:21:36
CUST0479,PROD_E11,Active Noise Cancelling Earbuds,Electronics,1,3199.0,2025-11-26 20:21:36
CUST0324,PROD_C01,Hydrating Hyaluronic Acid Serum,Beauty & Care,1,899.0,2026-02-17 13:21:36
CUST0172,PROD_C07,Natural Charcoal Detox Mask,Beauty & Care,1,699.0,2026-07-14 06:21:36
CUST0012,PROD_S07,Breathable Weightlifting Gloves,Sports & Fitness,1,599.0,2026-03-26 14:21:36
CUST0236,PROD_B05,System Design Interview Guide,Books,1,950.0,2026-08-20 18:21:36
CUST0105,PROD_E09,HD Web Camera with Microphone,Electronics,1,2199.0,2026-03-18 19:21:36
CUST0374,PROD_B08,"Thinking, Fast and Slow",Books,1,520.0,2026-03-26 19:21:36
CUST0261,PROD_S08,Waterproof Cycling Helmet,Sports & Fitness,1,1899.0,2026-03-17 19:21:36
CUST0407,PROD_E02,Mechanical Gaming Keyboard,Electronics,1,3499.0,2026-09-21 01:21:36
CUST0465,PROD_H13,Stainless Steel Cutlery Set 24-Piece,Home & Kitchen,1,1799.0,2026-09-27 09:21:36
CUST0242,PROD_B05,System Design Interview Guide,Books,1,950.0,2026-09-27 20:21:36
CUST0219,PROD_H05,Non-Stick Ceramic Cookware Set 5-Piece,Home & Kitchen,2,3999.0,2025-12-26 20:21:36
CUST0218,PROD_H04,Automatic Espresso Coffee Maker,Home & Kitchen,1,12499.0,2026-09-09 03:21:36
CUST0199,PROD_B03,The Psychology of Money,Books,1,450.0,2026-03-28 18:21:36
CUST0265,PROD_C06,Gentle Exfoliating Face Scrub,Beauty & Care,1,550.0,2026-06-20 20:21:36
CUST0019,PROD_H08,Insulated Vacuum Water Bottle 1L,Home & Kitchen,1,699.0,2026-10-01 06:21:36
CUST0253,PROD_C07,Natural Charcoal Detox Mask,Beauty & Care,1,699.0,2026-08-08 18:21:36
CUST0500,PROD_C05,Organic Argan Oil Hair Treatment,Beauty & Care,1,750.0,2025-12-06 22:21:36
CUST0206,PROD_H08,Insulated Vacuum Water Bottle 1L,Home & Kitchen,1,699.0,2026-08-14 00:21:36
CUST0483,PROD_S03,Resistance Loop Exercise Bands Set,Sports & Fitness,1,699.0,2026-08-31 12:21:36
CUST0353,PROD_C03,Vitamin C Facial Cleanser,Beauty & Care,1,499.0,2026-02-22 06:21:36
CUST0013,PROD_H09,Aromatherapy Essential Oil Diffuser,Home & Kitchen,2,1299.0,2026-01-21 23:21:36
CUST0376,PROD_F06,Warm Knit Winter Beanie,Fashion,1,499.0,2025-12-04 13:21:36
CUST0021,PROD_B05,System Design Interview Guide,Books,1,950.0,2025-12-20 08:21:36
CUST0390,PROD_E02,Mechanical Gaming Keyboard,Electronics,1,3499.0,2026-06-21 04:21:36
CUST0190,PROD_H06,Robot Vacuum Cleaner with Mop,Home & Kitchen,1,15999.0,2026-05-11 18:21:36
CUST0352,PROD_C01,Hydrating Hyaluronic Acid Serum,Beauty & Care,2,899.0,2026-01-26 08:21:36
CUST0421,PROD_F01,Classic Cotton Denim Jacket,Fashion,1,2199.0,2026-03-26 13:21:36
CUST0022,PROD_C05,Organic Argan Oil Hair Treatment,Beauty & Care,1,750.0,2026-07-31 06:21:36
CUST0047,PROD_H05,Non-Stick Ceramic Cookware Set 5-Piece,Home & Kitchen,2,3999.0,2026-06-04 07:21:36
CUST0196,PROD_F08,Athletic Workout Leggings,Fashion,1,1199.0,2026-03-25 21:21:36
CUST0352,PROD_C06,Gentle Exfoliating Face Scrub,Beauty & Care,1,550.0,2026-09-07 15:21:36
CUST0051,PROD_F10,Formal Leather Belt Black,Fashion,1,799.0,2026-09-14 17:21:36
CUST0332,PROD_S05,Insulated Sports Shaker Bottle,Sports & Fitness,1,499.0,2026-09-21 05:21:36
CUST0118,PROD_C01,Hydrating Hyaluronic Acid Serum,Beauty & Care,1,899.0,2026-06-08 02:21:36
CUST0152,PROD_E14,Smart Plug with Voice Control,Electronics,1,799.0,2025-12-30 17:21:36
CUST0201,PROD_C06,Gentle Exfoliating Face Scrub,Beauty & Care,1,550.0,2026-02-13 23:21:36
CUST0392,PROD_B06,Clean Code: Handbook of Software Craftsmanship,Books,1,1100.0,2026-06-07 05:21:36
CUST0261,PROD_E15,Wireless Phone Charging Pad,Electronics,1,999.0,2026-06-22 19:21:36
CUST0086,PROD_E03,Ergonomic Wireless Mouse,Electronics,1,1299.0,2026-09-19 10:21:36
CUST0310,PROD_F04,Polarized UV Protection Sunglasses,Fashion,1,1299.0,2026-04-15 17:21:36
CUST0365,PROD_F01,Classic Cotton Denim Jacket,Fashion,1,2199.0,2026-04-01 02:21:36
CUST0382,PROD_H01,Stainless Steel Electric Kettle 1.8L,Home & Kitchen,1,1399.0,2026-01-03 17:21:36
CUST0262,PROD_F08,Athletic Workout Leggings,Fashion,1,1199.0,2026-04-23 13:21:36
CUST0102,PROD_E15,Wireless Phone Charging Pad,Electronics,1,999.0,2026-01-04 11:21:36
CUST0449,PROD_H11,Digital Kitchen Weighing Scale,Home & Kitchen,1,599.0,2026-08-08 09:21:36
CUST0357,PROD_S03,Resistance Loop Exercise Bands Set,Sports & Fitness,1,699.0,2026-02-09 21:21:36
CUST0262,PROD_H05,Non-Stick Ceramic Cookware Set 5-Piece,Home & Kitchen,1,3999.0,2026-05-04 07:21:36
CUST0253,PROD_C05,Organic Argan Oil Hair Treatment,Beauty & Care,1,750.0,2026-04-13 08:21:36
CUST0454,PROD_C03,Vitamin C Facial Cleanser,Beauty & Care,1,499.0,2026-06-07 11:21:36
CUST0248,PROD_S07,Breathable Weightlifting Gloves,Sports & Fitness,2,599.0,2025-10-06 02:21:36
CUST0069,PROD_H08,Insulated Vacuum Water Bottle 1L,Home & Kitchen,1,699.0,2026-08-16 17:21:36
CUST0414,PROD_S02,Adjustable Dumbbell Set 20kg,Sports & Fitness,1,4599.0,2025-12-21 23:21:36
CUST0438,PROD_B05,System Design Interview Guide,Books,1,950.0,2026-02-26 06:21:36
CUST0455,PROD_H07,Smart LED Desk Lamp with Dimmer,Home & Kitchen,1,1699.0,2026-06-15 17:21:36
CUST0291,PROD_F03,Slim Fit Casual Button-Up Shirt,Fashion,1,1499.0,2026-06-04 08:21:36
CUST0114,PROD_S04,High-Density Foam Muscle Roller,Sports & Fitness,1,899.0,2026-04-12 02:21:36
CUST0288,PROD_B07,Python for Data Analysis,Books,1,850.0,2025-11-24 09:21:36
CUST0052,PROD_B05,System Design Interview Guide,Books,1,950.0,2026-05-25 15:21:36
CUST0299,PROD_F08,Athletic Workout Leggings,Fashion,1,1199.0,2026-02-19 11:21:36
CUST0135,PROD_F06,Warm Knit Winter Beanie,Fashion,1,499.0,2025-11-05 22:21:36
CUST0386,PROD_B05,System Design Interview Guide,Books,1,950.0,2026-01-02 04:21:36
CUST0049,PROD_E14,Smart Plug with Voice Control,Electronics,1,799.0,2025-10-12 23:21:36
CUST0016,PROD_C03,Vitamin C Facial Cleanser,Beauty & Care,2,499.0,2026-02-27 21:21:36
CUST0113,PROD_E17,External Hard Drive 2TB,Electronics,1,5299.0,2026-01-16 20:21:36
CUST0369,PROD_E05,Fast Charging USB-C Power Bank 20000mAh,Electronics,1,1999.0,2026-01-10 20:21:36
CUST0243,PROD_E03,Ergonomic Wireless Mouse,Electronics,1,1299.0,2026-04-29 08:21:36
CUST0166,PROD_E17,External Hard Drive 2TB,Electronics,1,5299.0,2026-08-17 19:21:36
CUST0145,PROD_B10,Hands-On Machine Learning with Scikit-Learn,Books,1,1450.0,2026-08-16 12:21:36
CUST0351,PROD_S05,Insulated Sports Shaker Bottle,Sports & Fitness,1,499.0,2026-09-02 16:21:36
CUST0016,PROD_H04,Automatic Espresso Coffee Maker,Home & Kitchen,2,12499.0,2026-04-18 06:21:36
CUST0030,PROD_B05,System Design Interview Guide,Books,1,950.0,2026-08-05 22:21:36
CUST0192,PROD_E08,Multi-Port USB Hub Type-C,Electronics,1,899.0,2026-05-08 09:21:36
CUST0475,PROD_B10,Hands-On Machine Learning with Scikit-Learn,Books,1,1450.0,2026-06-09 04:21:36
CUST0082,PROD_F11,Comfortable Canvas Slip-Ons,Fashion,1,1599.0,2026-09-04 21:21:36
CUST0431,PROD_C06,Gentle Exfoliating Face Scrub,Beauty & Care,3,550.0,2026-01-30 11:21:36
CUST0026,PROD_S08,Waterproof Cycling Helmet,Sports & Fitness,1,1899.0,2026-07-29 23:21:36
CUST0154,PROD_S04,High-Density Foam Muscle Roller,Sports & Fitness,1,899.0,2025-11-19 21:21:36
CUST0285,PROD_C08,Rechargeable Facial Cleansing Brush,Beauty & Care,1,1499.0,2026-07-05 04:21:36
CUST0274,PROD_E01,Wireless Noise-Canceling Headphones,Electronics,1,2499.0,2026-05-20 22:21:36
CUST0254,PROD_H09,Aromatherapy Essential Oil Diffuser,Home & Kitchen,1,1299.0,2026-01-08 07:21:36
CUST0253,PROD_C07,Natural Charcoal Detox Mask,Beauty & Care,1,699.0,2026-02-13 17:21:36
CUST0148,PROD_S08,Waterproof Cycling Helmet,Sports & Fitness,1,1899.0,2026-02-02 02:21:36
CUST0018,PROD_E10,High-Speed Wi-Fi 6 Router,Electronics,1,3899.0,2026-04-08 23:21:36
CUST0231,PROD_F07,Stainless Steel Quartz Wristwatch,Fashion,1,4499.0,2025-10-14 22:21:36
CUST0230,PROD_H09,Aromatherapy Essential Oil Diffuser,Home & Kitchen,1,1299.0,2026-01-22 18:21:36
CUST0411,PROD_H06,Robot Vacuum Cleaner with Mop,Home & Kitchen,1,15999.0,2026-09-10 21:21:36
CUST0335,PROD_F08,Athletic Workout Leggings,Fashion,1,1199.0,2026-06-23 20:21:36
CUST0285,PROD_E01,Wireless Noise-Canceling Headphones,Electronics,1,2499.0,2026-06-12 22:21:36
CUST0413,PROD_H12,Microfiber Bed Sheet Set Queen,Home & Kitchen,1,1499.0,2026-07-29 17:21:36
CUST0237,PROD_S01,Non-Slip Eco Yoga Mat 6mm,Sports & Fitness,1,1299.0,2026-09-04 20:21:36
CUST0432,PROD_C03,Vitamin C Facial Cleanser,Beauty & Care,1,499.0,2025-11-08 01:21:36
CUST0067,PROD_H08,Insulated Vacuum Water Bottle 1L,Home & Kitchen,1,699.0,2026-10-05 01:21:36
CUST0089,PROD_H07,Smart LED Desk Lamp with Dimmer,Home & Kitchen,1,1699.0,2026-08-31 17:21:36
CUST0039,PROD_C04,Sonic Electric Toothbrush,Beauty & Care,3,2299.0,2025-12-12 14:21:36
CUST0028,PROD_E02,Mechanical Gaming Keyboard,Electronics,1,3499.0,2026-03-21 03:21:36
CUST0156,PROD_E07,Portable Bluetooth Speaker 20W,Electronics,1,2999.0,2026-08-12 04:21:36
CUST0080,PROD_H09,Aromatherapy Essential Oil Diffuser,Home & Kitchen,1,1299.0,2026-05-13 03:21:36
CUST0335,PROD_F10,Formal Leather Belt Black,Fashion,1,799.0,2026-10-05 11:21:36
CUST0071,PROD_B05,System Design Interview Guide,Books,1,950.0,2026-07-24 09:21:36
CUST0238,PROD_C08,Rechargeable Facial Cleansing Brush,Beauty & Care,1,1499.0,2026-05-19 14:21:36
CUST0475,PROD_S05,Insulated Sports Shaker Bottle,Sports & Fitness,2,499.0,2026-08-10 17:21:36
CUST0185,PROD_E16,Internal SSD 1TB NVMe,Electronics,1,6499.0,2026-05-26 06:21:36
CUST0030,PROD_B01,Deep Learning Foundations & Applications,Books,1,899.0,2026-07-10 15:21:36
CUST0385,PROD_F09,Waterproof HIKING Boots,Fashion,1,4199.0,2026-08-04 16:21:36
CUST0214,PROD_S02,Adjustable Dumbbell Set 20kg,Sports & Fitness,1,4599.0,2026-06-13 01:21:36
CUST0279,PROD_E02,Mechanical Gaming Keyboard,Electronics,2,3499.0,2026-06-09 13:21:36
CUST0413,PROD_B05,System Design Interview Guide,Books,1,950.0,2026-03-18 17:21:36
CUST0421,PROD_B05,System Design Interview Guide,Books,1,950.0,2025-11-04 20:21:36
CUST0306,PROD_H10,Bamboo Cutting Board Set,Home & Kitchen,1,899.0,2026-04-07 18:21:36
CUST0015,PROD_F06,Warm Knit Winter Beanie,Fashion,1,499.0,2025-12-14 02:21:36
CUST0429,PROD_F03,Slim Fit Casual Button-Up Shirt,Fashion,1,1499.0,2026-06-22 06:21:36
CUST0242,PROD_B08,"Thinking, Fast and Slow",Books,1,520.0,2025-10-30 22:21:36
CUST0327,PROD_B03,The Psychology of Money,Books,1,450.0,2026-04-30 23:21:36
CUST0339,PROD_S02,Adjustable Dumbbell Set 20kg,Sports & Fitness,2,4599.0,2026-02-02 17:21:36
CUST0423,PROD_H13,Stainless Steel Cutlery Set 24-Piece,Home & Kitchen,1,1799.0,2025-10-19 23:21:36
CUST0178,PROD_E08,Multi-Port USB Hub Type-C,Electronics,1,899.0,2026-03-03 03:21:36
CUST0147,PROD_C07,Natural Charcoal Detox Mask,Beauty & Care,1,699.0,2026-06-22 05:21:36
CUST0349,PROD_B01,Deep Learning Foundations & Applications,Books,1,899.0,2026-07-03 09:21:36
CUST0085,PROD_B05,System Design Interview Guide,Books,1,950.0,2026-05-04 01:21:36
CUST0252,PROD_F01,Classic Cotton Denim Jacket,Fashion,1,2199.0,2025-11-26 16:21:36
CUST0014,PROD_S02,Adjustable Dumbbell Set 20kg,Sports & Fitness,1,4599.0,2026-03-20 23:21:36
CUST0163,PROD_S07,Breathable Weightlifting Gloves,Sports & Fitness,1,599.0,2025-12-06 22:21:36
CUST0091,PROD_H13,Stainless Steel Cutlery Set 24-Piece,Home & Kitchen,1,1799.0,2026-08-29 09:21:36
CUST0369,PROD_C01,Hydrating Hyaluronic Acid Serum,Beauty & Care,1,899.0,2026-07-30 11:21:36
CUST0030,PROD_B07,Python for Data Analysis,Books,2,850.0,2026-01-24 02:21:36
CUST0201,PROD_C04,Sonic Electric Toothbrush,Beauty & Care,1,2299.0,2026-03-09 03:21:36
CUST0197,PROD_E17,External Hard Drive 2TB,Electronics,1,5299.0,2026-09-25 00:21:36
CUST0476,PROD_S05,Insulated Sports Shaker Bottle,Sports & Fitness,1,499.0,2026-09-25 16:21:36
CUST0216,PROD_F09,Waterproof HIKING Boots,Fashion,1,4199.0,2025-12-31 02:21:36
CUST0161,PROD_H04,Automatic Espresso Coffee Maker,Home & Kitchen,1,12499.0,2025-11-20 07:21:36
CUST0138,PROD_B03,The Psychology of Money,Books,1,450.0,2025-10-21 12:21:36
CUST0136,PROD_B10,Hands-On Machine Learning with Scikit-Learn,Books,1,1450.0,2025-10-06 06:21:36
CUST0294,PROD_C06,Gentle Exfoliating Face Scrub,Beauty & Care,1,550.0,2026-01-31 02:21:36
CUST0184,PROD_S02,Adjustable Dumbbell Set 20kg,Sports & Fitness,1,4599.0,2026-01-16 01:21:36
CUST0074,PROD_C04,Sonic Electric Toothbrush,Beauty & Care,1,2299.0,2026-08-14 04:21:36
CUST0339,PROD_S07,Breathable Weightlifting Gloves,Sports & Fitness,2,599.0,2026-01-05 22:21:36
CUST0050,PROD_C01,Hydrating Hyaluronic Acid Serum,Beauty & Care,3,899.0,2026-05-26 09:21:36
CUST0316,PROD_S08,Waterproof Cycling Helmet,Sports & Fitness,1,1899.0,2026-08-02 00:21:36
CUST0051,PROD_S08,Waterproof Cycling Helmet,Sports & Fitness,1,1899.0,2026-07-02 11:21:36
CUST0205,PROD_E01,Wireless Noise-Canceling Headphones,Electronics,3,2499.0,2026-03-31 20:21:36
CUST0014,PROD_S03,Resistance Loop Exercise Bands Set,Sports & Fitness,1,699.0,2026-09-24 02:21:36
CUST0089,PROD_S02,Adjustable Dumbbell Set 20kg,Sports & Fitness,1,4599.0,2025-10-14 14:21:36
CUST0021,PROD_H13,Stainless Steel Cutlery Set 24-Piece,Home & Kitchen,1,1799.0,2025-10-30 03:21:36
CUST0103,PROD_E05,Fast Charging USB-C Power Bank 20000mAh,Electronics,1,1999.0,2026-09-02 18:21:36
CUST0282,PROD_E09,HD Web Camera with Microphone,Electronics,1,2199.0,2025-10-24 14:21:36
CUST0471,PROD_E14,Smart Plug with Voice Control,Electronics,1,799.0,2026-01-26 01:21:36
CUST0150,PROD_F07,Stainless Steel Quartz Wristwatch,Fashion,1,4499.0,2026-01-11 07:21:36
CUST0132,PROD_H06,Robot Vacuum Cleaner with Mop,Home & Kitchen,1,15999.0,2026-09-25 21:21:36
CUST0145,PROD_B02,Atomic Habits by James Clear,Books,1,599.0,2026-04-08 07:21:36
CUST0097,PROD_E17,External Hard Drive 2TB,Electronics,1,5299.0,2026-07-24 22:21:36
CUST0204,PROD_F13,Designer Silk Scarf,Fashion,1,999.0,2025-12-28 04:21:36
CUST0180,PROD_E10,High-Speed Wi-Fi 6 Router,Electronics,1,3899.0,2025-10-15 20:21:36
CUST0487,PROD_F05,Genuine Leather Crossbody Bag,Fashion,1,2799.0,2026-07-06 15:21:36
CUST0275,PROD_B05,System Design Interview Guide,Books,1,950.0,2026-09-03 13:21:36
CUST0305,PROD_S03,Resistance Loop Exercise Bands Set,Sports & Fitness,3,699.0,2026-03-22 11:21:36
CUST0021,PROD_S02,Adjustable Dumbbell Set 20kg,Sports & Fitness,1,4599.0,2026-08-05 22:21:36
CUST0364,PROD_B10,Hands-On Machine Learning with Scikit-Learn,Books,1,1450.0,2026-04-23 19:21:36
CUST0336,PROD_C06,Gentle Exfoliating Face Scrub,Beauty & Care,2,550.0,2026-10-05 17:21:36
CUST0246,PROD_C08,Rechargeable Facial Cleansing Brush,Beauty & Care,1,1499.0,2026-03-07 10:21:36
CUST0419,PROD_F12,Hooded Fleece Sweatshirt,Fashion,1,1899.0,2026-09-07 05:21:36
CUST0325,PROD_S08,Waterproof Cycling Helmet,Sports & Fitness,1,1899.0,2026-06-01 04:21:36
CUST0254,PROD_B05,System Design Interview Guide,Books,1,950.0,2026-10-04 17:21:36
CUST0318,PROD_F01,Classic Cotton Denim Jacket,Fashion,1,2199.0,2026-01-05 06:21:36
CUST0441,PROD_S04,High-Density Foam Muscle Roller,Sports & Fitness,1,899.0,2026-03-30 06:21:36
CUST0329,PROD_E02,Mechanical Gaming Keyboard,Electronics,3,3499.0,2025-12-14 21:21:36
CUST0353,PROD_F06,Warm Knit Winter Beanie,Fashion,1,499.0,2026-04-19 11:21:36
CUST0465,PROD_H08,Insulated Vacuum Water Bottle 1L,Home & Kitchen,1,699.0,2026-05-08 22:21:36
CUST0422,PROD_H03,Memory Foam Orthopedic Pillow,Home & Kitchen,1,1199.0,2025-12-14 17:21:36
CUST0231,PROD_H11,Digital Kitchen Weighing Scale,Home & Kitchen,1,599.0,2026-04-05 20:21:36
CUST0205,PROD_E16,Internal SSD 1TB NVMe,Electronics,1,6499.0,2026-01-25 14:21:36
CUST0166,PROD_S08,Waterproof Cycling Helmet,Sports & Fitness,1,1899.0,2025-12-29 07:21:36
CUST0165,PROD_E08,Multi-Port USB Hub Type-C,Electronics,2,899.0,2025-10-27 01:21:36
CUST0215,PROD_E10,High-Speed Wi-Fi 6 Router,Electronics,3,3899.0,2026-08-31 01:21:36
CUST0350,PROD_E07,Portable Bluetooth Speaker 20W,Electronics,1,2999.0,2025-11-20 12:21:36
CUST0397,PROD_B08,"Thinking, Fast and Slow",Books,1,520.0,2026-02-27 00:21:36
CUST0335,PROD_S08,Waterproof Cycling Helmet,Sports & Fitness,1,1899.0,2025-12-28 09:21:36
CUST0355,PROD_S05,Insulated Sports Shaker Bottle,Sports & Fitness,2,499.0,2026-02-10 10:21:36
CUST0367,PROD_C01,Hydrating Hyaluronic Acid Serum,Beauty & Care,1,899.0,2025-10-18 18:21:36
CUST0168,PROD_C03,Vitamin C Facial Cleanser,Beauty & Care,1,499.0,2026-01-01 19:21:36
CUST0217,PROD_B03,The Psychology of Money,Books,1,450.0,2026-08-13 18:21:36
CUST0347,PROD_B07,Python for Data Analysis,Books,1,850.0,2025-11-04 14:21:36
CUST0144,PROD_S05,Insulated Sports Shaker Bottle,Sports & Fitness,1,499.0,2026-07-13 17:21:36
CUST0236,PROD_F01,Classic Cotton Denim Jacket,Fashion,1,2199.0,2026-09-06 20:21:36
CUST0209,PROD_F09,Waterproof HIKING Boots,Fashion,1,4199.0,2026-04-27 22:21:36
CUST0135,PROD_E09,HD Web Camera with Microphone,Electronics,1,2199.0,2026-07-21 14:21:36
CUST0388,PROD_H10,Bamboo Cutting Board Set,Home & Kitchen,1,899.0,2026-09-11 18:21:36
CUST0463,PROD_S01,Non-Slip Eco Yoga Mat 6mm,Sports & Fitness,1,1299.0,2026-07-05 15:21:36
CUST0188,PROD_E04,4K Ultra HD Smart Monitor 27-inch,Electronics,1,18999.0,2026-06-25 05:21:36
CUST0024,PROD_B05,System Design Interview Guide,Books,1,950.0,2026-05-27 01:21:36
CUST0403,PROD_C02,SPF 50 Broad Spectrum Sunscreen,Beauty & Care,1,649.0,2026-03-12 08:21:36
CUST0204,PROD_B10,Hands-On Machine Learning with Scikit-Learn,Books,1,1450.0,2025-12-06 12:21:36
CUST0108,PROD_B05,System Design Interview Guide,Books,3,950.0,2026-06-30 17:21:36
CUST0290,PROD_B05,System Design Interview Guide,Books,1,950.0,2026-05-15 07:21:36
CUST0426,PROD_C06,Gentle Exfoliating Face Scrub,Beauty & Care,1,550.0,2026-08-12 18:21:36
CUST0274,PROD_B05,System Design Interview Guide,Books,1,950.0,2025-10-12 07:21:36
CUST0126,PROD_C05,Organic Argan Oil Hair Treatment,Beauty & Care,1,750.0,2025-11-16 07:21:36
CUST0159,PROD_S05,Insulated Sports Shaker Bottle,Sports & Fitness,1,499.0,2026-01-03 19:21:36
CUST0125,PROD_S05,Insulated Sports Shaker Bottle,Sports & Fitness,1,499.0,2026-04-10 07:21:36
CUST0014,PROD_S05,Insulated Sports Shaker Bottle,Sports & Fitness,1,499.0,2026-08-05 05:21:36
CUST0144,PROD_S05,Insulated Sports Shaker Bottle,Sports & Fitness,1,499.0,2025-12-12 16:21:36
CUST0389,PROD_E02,Mechanical Gaming Keyboard,Electronics,1,3499.0,2026-08-25 23:21:36
CUST0155,PROD_C04,Sonic Electric Toothbrush,Beauty & Care,1,2299.0,2026-05-06 18:21:36
CUST0428,PROD_E16,Internal SSD 1TB NVMe,Electronics,1,6499.0,2026-08-31 11:21:36
CUST0369,PROD_S01,Non-Slip Eco Yoga Mat 6mm,Sports & Fitness,1,1299.0,2026-04-02 05:21:36
CUST0145,PROD_H12,Microfiber Bed Sheet Set Queen,Home & Kitchen,2,1499.0,2026-03-11 15:21:36
CUST0457,PROD_F01,Classic Cotton Denim Jacket,Fashion,1,2199.0,2026-07-15 02:21:36
CUST0246,PROD_B07,Python for Data Analysis,Books,1,850.0,2025-10-11 22:21:36
CUST0231,PROD_F13,Designer Silk Scarf,Fashion,1,999.0,2025-10-18 16:21:36
CUST0240,PROD_F06,Warm Knit Winter Beanie,Fashion,1,499.0,2026-05-24 12:21:36
CUST0030,PROD_B06,Clean Code: Handbook of Software Craftsmanship,Books,1,1100.0,2026-04-16 09:21:36
CUST0346,PROD_S01,Non-Slip Eco Yoga Mat 6mm,Sports & Fitness,1,1299.0,2026-10-01 20:21:36
CUST0244,PROD_E13,Surround Sound Gaming Headset,Electronics,2,2799.0,2025-12-06 09:21:36
CUST0154,PROD_F06,Warm Knit Winter Beanie,Fashion,1,499.0,2026-06-18 17:21:36
CUST0107,PROD_S05,Insulated Sports Shaker Bottle,Sports & Fitness,1,499.0,2026-09-08 10:21:36
CUST0127,PROD_F08,Athletic Workout Leggings,Fashion,1,1199.0,2025-10-18 20:21:36
CUST0480,PROD_C06,Gentle Exfoliating Face Scrub,Beauty & Care,1,550.0,2026-03-12 19:21:36
CUST0254,PROD_B05,System Design Interview Guide,Books,1,950.0,2025-11-01 06:21:36
CUST0012,PROD_B05,System Design Interview Guide,Books,1,950.0,2026-07-22 15:21:36
CUST0039,PROD_H12,Microfiber Bed Sheet Set Queen,Home & Kitchen,1,1499.0,2025-11-16 22:21:36
CUST0337,PROD_C04,Sonic Electric Toothbrush,Beauty & Care,1,2299.0,2026-07-28 12:21:36
CUST0323,PROD_C01,Hydrating Hyaluronic Acid Serum,Beauty & Care,1,899.0,2026-08-12 08:21:36
CUST0331,PROD_F04,Polarized UV Protection Sunglasses,Fashion,1,1299.0,2026-03-20 16:21:36
CUST0026,PROD_S03,Resistance Loop Exercise Bands Set,Sports & Fitness,1,699.0,2025-12-17 13:21:36
CUST0051,PROD_F11,Comfortable Canvas Slip-Ons,Fashion,1,1599.0,2026-05-03 18:21:36
CUST0486,PROD_S06,Speed Jump Rope with Ball Bearings,Sports & Fitness,1,399.0,2026-09-12 13:21:36
CUST0167,PROD_H09,Aromatherapy Essential Oil Diffuser,Home & Kitchen,1,1299.0,2026-01-01 12:21:36
CUST0360,PROD_C08,Rechargeable Facial Cleansing Brush,Beauty & Care,1,1499.0,2026-05-02 01:21:36
CUST0273,PROD_H02,Digital Air Fryer 4.5L,Home & Kitchen,1,5999.0,2026-01-05 13:21:36
CUST0161,PROD_H10,Bamboo Cutting Board Set,Home & Kitchen,1,899.0,2025-11-19 03:21:36
CUST0486,PROD_S05,Insulated Sports Shaker Bottle,Sports & Fitness,1,499.0,2025-11-09 12:21:36
CUST0437,PROD_C01,Hydrating Hyaluronic Acid Serum,Beauty & Care,1,899.0,2026-07-04 22:21:36
CUST0474,PROD_H09,Aromatherapy Essential Oil Diffuser,Home & Kitchen,1,1299.0,2026-06-19 08:21:36
CUST0136,PROD_S07,Breathable Weightlifting Gloves,Sports & Fitness,1,599.0,2026-07-23 19:21:36
CUST0499,PROD_S01,Non-Slip Eco Yoga Mat 6mm,Sports & Fitness,2,1299.0,2025-11-28 09:21:36
CUST0100,PROD_S07,Breathable Weightlifting Gloves,Sports & Fitness,1,599.0,2026-04-01 07:21:36
CUST0330,PROD_F11,Comfortable Canvas Slip-Ons,Fashion,1,1599.0,2026-08-03 14:21:36
CUST0374,PROD_B05,System Design Interview Guide,Books,1,950.0,2026-01-16 18:21:36
CUST0466,PROD_F08,Athletic Workout Leggings,Fashion,3,1199.0,2026-04-04 18:21:36
CUST0056,PROD_B05,System Design Interview Guide,Books,1,950.0,2025-12-10 02:21:36
CUST0225,PROD_B10,Hands-On Machine Learning with Scikit-Learn,Books,1,1450.0,2025-12-11 03:21:36
CUST0133,PROD_F12,Hooded Fleece Sweatshirt,Fashion,1,1899.0,2026-03-03 15:21:36
CUST0449,PROD_H09,Aromatherapy Essential Oil Diffuser,Home & Kitchen,1,1299.0,2026-03-31 02:21:36
CUST0017,PROD_B06,Clean Code: Handbook of Software Craftsmanship,Books,1,1100.0,2026-02-17 01:21:36
CUST0111,PROD_B05,System Design Interview Guide,Books,1,950.0,2026-04-29 20:21:36
CUST0455,PROD_C06,Gentle Exfoliating Face Scrub,Beauty & Care,1,550.0,2026-07-21 01:21:36
CUST0131,PROD_B04,Designing Data-Intensive Applications,Books,1,1250.0,2026-05-01 16:21:36
CUST0133,PROD_F06,Warm Knit Winter Beanie,Fashion,1,499.0,2025-11-12 01:21:36
CUST0056,PROD_S08,Waterproof Cycling Helmet,Sports & Fitness,3,1899.0,2025-12-03 07:21:36
CUST0428,PROD_F07,Stainless Steel Quartz Wristwatch,Fashion,1,4499.0,2025-12-29 16:21:36
CUST0115,PROD_H05,Non-Stick Ceramic Cookware Set 5-Piece,Home & Kitchen,1,3999.0,2026-07-06 19:21:36
CUST0029,PROD_E09,HD Web Camera with Microphone,Electronics,1,2199.0,2026-08-28 00:21:36
CUST0177,PROD_C05,Organic Argan Oil Hair Treatment,Beauty & Care,1,750.0,2026-08-28 23:21:36
CUST0415,PROD_F13,Designer Silk Scarf,Fashion,1,999.0,2026-02-18 02:21:36
CUST0481,PROD_H05,Non-Stick Ceramic Cookware Set 5-Piece,Home & Kitchen,1,3999.0,2026-09-30 11:21:36
CUST0247,PROD_S05,Insulated Sports Shaker Bottle,Sports & Fitness,1,499.0,2026-08-08 14:21:36
CUST0113,PROD_B10,Hands-On Machine Learning with Scikit-Learn,Books,3,1450.0,2026-06-05 18:21:36
CUST0073,PROD_H02,Digital Air Fryer 4.5L,Home & Kitchen,1,5999.0,2025-10-06 00:21:36
CUST0190,PROD_F06,Warm Knit Winter Beanie,Fashion,1,499.0,2026-04-13 18:21:36
CUST0067,PROD_H08,Insulated Vacuum Water Bottle 1L,Home & Kitchen,1,699.0,2026-07-28 11:21:36
CUST0345,PROD_C04,Sonic Electric Toothbrush,Beauty & Care,1,2299.0,2026-01-27 22:21:36
CUST0373,PROD_E11,Active Noise Cancelling Earbuds,Electronics,2,3199.0,2026-09-04 08:21:36
CUST0294,PROD_B02,Atomic Habits by James Clear,Books,3,599.0,2025-12-18 01:21:36
CUST0484,PROD_F09,Waterproof HIKING Boots,Fashion,1,4199.0,2026-02-09 18:21:36
CUST0006,PROD_H07,Smart LED Desk Lamp with Dimmer,Home & Kitchen,1,1699.0,2026-05-24 21:21:36
CUST0065,PROD_E13,Surround Sound Gaming Headset,Electronics,1,2799.0,2026-07-21 10:21:36
CUST0278,PROD_H04,Automatic Espresso Coffee Maker,Home & Kitchen,1,12499.0,2026-05-10 06:21:36
CUST0209,PROD_F10,Formal Leather Belt Black,Fashion,1,799.0,2026-01-06 06:21:36
CUST0065,PROD_E15,Wireless Phone Charging Pad,Electronics,1,999.0,2026-07-10 16:21:36
CUST0026,PROD_S05,Insulated Sports Shaker Bottle,Sports & Fitness,2,499.0,2026-01-20 00:21:36
CUST0248,PROD_C06,Gentle Exfoliating Face Scrub,Beauty & Care,1,550.0,2026-05-08 10:21:36
CUST0051,PROD_F03,Slim Fit Casual Button-Up Shirt,Fashion,1,1499.0,2026-03-21 06:21:36
CUST0260,PROD_E06,Smart Fitness Watch Series 5,Electronics,1,4999.0,2026-06-08 08:21:36
CUST0099,PROD_H09,Aromatherapy Essential Oil Diffuser,Home & Kitchen,1,1299.0,2026-01-09 04:21:36
CUST0490,PROD_E15,Wireless Phone Charging Pad,Electronics,1,999.0,2026-07-06 13:21:36
CUST0147,PROD_F06,Warm Knit Winter Beanie,Fashion,1,499.0,2025-10-20 09:21:36
CUST0379,PROD_H12,Microfiber Bed Sheet Set Queen,Home & Kitchen,1,1499.0,2025-12-28 03:21:36
CUST0352,PROD_C05,Organic Argan Oil Hair Treatment,Beauty & Care,1,750.0,2026-07-10 04:21:36
CUST0007,PROD_B05,System Design Interview Guide,Books,1,950.0,2025-12-11 17:21:36
CUST0189,PROD_B07,Python for Data Analysis,Books,2,850.0,2025-10-30 02:21:36
CUST0479,PROD_E03,Ergonomic Wireless Mouse,Electronics,1,1299.0,2025-12-15 22:21:36
CUST0320,PROD_E17,External Hard Drive 2TB,Electronics,2,5299.0,2026-05-14 17:21:36
CUST0097,PROD_S02,Adjustable Dumbbell Set 20kg,Sports & Fitness,2,4599.0,2026-01-27 19:21:36
CUST0063,PROD_B02,Atomic Habits by James Clear,Books,1,599.0,2025-11-05 07:21:36
CUST0121,PROD_H07,Smart LED Desk Lamp with Dimmer,Home & Kitchen,1,1699.0,2026-03-15 12:21:36
CUST0417,PROD_E05,Fast Charging USB-C Power Bank 20000mAh,Electronics,1,1999.0,2026-06-04 17:21:36
CUST0139,PROD_F08,Athletic Workout Leggings,Fashion,1,1199.0,2026-04-22 14:21:36
CUST0002,PROD_C01,Hydrating Hyaluronic Acid Serum,Beauty & Care,1,899.0,2026-05-11 05:21:36
CUST0105,PROD_E09,HD Web Camera with Microphone,Electronics,1,2199.0,2025-10-19 20:21:36
CUST0472,PROD_H11,Digital Kitchen Weighing Scale,Home & Kitchen,1,599.0,2026-05-12 15:21:36
CUST0261,PROD_E04,4K Ultra HD Smart Monitor 27-inch,Electronics,1,18999.0,2026-09-06 14:21:36
CUST0419,PROD_B05,System Design Interview Guide,Books,1,950.0,2026-03-16 04:21:36
CUST0121,PROD_H06,Robot Vacuum Cleaner with Mop,Home & Kitchen,1,15999.0,2026-08-13 11:21:36
CUST0092,PROD_H12,Microfiber Bed Sheet Set Queen,Home & Kitchen,2,1499.0,2026-08-28 19:21:36
CUST0218,PROD_E17,External Hard Drive 2TB,Electronics,1,5299.0,2026-04-22 06:21:36
CUST0239,PROD_E02,Mechanical Gaming Keyboard,Electronics,1,3499.0,2025-11-22 11:21:36
CUST0035,PROD_F11,Comfortable Canvas Slip-Ons,Fashion,1,1599.0,2025-11-10 09:21:36
CUST0252,PROD_B10,Hands-On Machine Learning with Scikit-Learn,Books,1,1450.0,2026-01-20 01:21:36
CUST0069,PROD_H03,Memory Foam Orthopedic Pillow,Home & Kitchen,1,1199.0,2025-11-10 06:21:36
CUST0082,PROD_F11,Comfortable Canvas Slip-Ons,Fashion,1,1599.0,2026-01-10 11:21:36
CUST0146,PROD_E13,Surround Sound Gaming Headset,Electronics,2,2799.0,2025-10-29 00:21:36
CUST0417,PROD_E01,Wireless Noise-Canceling Headphones,Electronics,1,2499.0,2026-02-08 05:21:36
CUST0280,PROD_E10,High-Speed Wi-Fi 6 Router,Electronics,1,3899.0,2026-06-28 09:21:36
CUST0484,PROD_B03,The Psychology of Money,Books,1,450.0,2026-06-04 00:21:36
CUST0229,PROD_B05,System Design Interview Guide,Books,2,950.0,2026-05-02 10:21:36
CUST0297,PROD_F01,Classic Cotton Denim Jacket,Fashion,1,2199.0,2026-05-22 17:21:36
CUST0440,PROD_F02,Breathable Running Sneakers,Fashion,1,3299.0,2026-01-21 12:21:36
CUST0096,PROD_C04,Sonic Electric Toothbrush,Beauty & Care,1,2299.0,2026-02-25 12:21:36
CUST0238,PROD_C07,Natural Charcoal Detox Mask,Beauty & Care,2,699.0,2026-02-05 18:21:36
CUST0415,PROD_F08,Athletic Workout Leggings,Fashion,1,1199.0,2025-10-06 13:21:36
CUST0263,PROD_E09,HD Web Camera with Microphone,Electronics,1,2199.0,2026-02-13 19:21:36
CUST0297,PROD_F06,Warm Knit Winter Beanie,Fashion,1,499.0,2026-04-30 12:21:36
CUST0231,PROD_F06,Warm Knit Winter Beanie,Fashion,1,499.0,2026-08-24 18:21:36
CUST0414,PROD_H03,Memory Foam Orthopedic Pillow,Home & Kitchen,1,1199.0,2026-06-14 23:21:36
CUST0130,PROD_F06,Warm Knit Winter Beanie,Fashion,1,499.0,2026-06-08 18:21:36
CUST0055,PROD_F09,Waterproof HIKING Boots,Fashion,1,4199.0,2026-01-24 06:21:36
CUST0427,PROD_E04,4K Ultra HD Smart Monitor 27-inch,Electronics,1,18999.0,2026-06-20 16:21:36
CUST0016,PROD_B05,System Design Interview Guide,Books,2,950.0,2026-08-02 13:21:36
CUST0426,PROD_C06,Gentle Exfoliating Face Scrub,Beauty & Care,1,550.0,2026-04-04 01:21:36
CUST0139,PROD_B05,System Design Interview Guide,Books,1,950.0,2025-12-29 17:21:36
CUST0183,PROD_B06,Clean Code: Handbook of Software Craftsmanship,Books,1,1100.0,2026-09-04 13:21:36
CUST0251,PROD_C07,Natural Charcoal Detox Mask,Beauty & Care,2,699.0,2026-03-26 17:21:36
CUST0350,PROD_E09,HD Web Camera with Microphone,Electronics,1,2199.0,2025-11-15 07:21:36
CUST0330,PROD_F14,Water-Resistant Travel Backpack,Fashion,1,2399.0,2025-12-29 07:21:36
CUST0245,PROD_C05,Organic Argan Oil Hair Treatment,Beauty & Care,1,750.0,2025-12-28 07:21:36
CUST0183,PROD_B05,System Design Interview Guide,Books,1,950.0,2026-06-23 23:21:36
CUST0269,PROD_F09,Waterproof HIKING Boots,Fashion,1,4199.0,2026-05-16 14:21:36
CUST0247,PROD_F09,Waterproof HIKING Boots,Fashion,1,4199.0,2026-04-12 14:21:36
CUST0463,PROD_S02,Adjustable Dumbbell Set 20kg,Sports & Fitness,1,4599.0,2025-10-16 13:21:36
CUST0290,PROD_C07,Natural Charcoal Detox Mask,Beauty & Care,1,699.0,2026-03-10 08:21:36
CUST0308,PROD_F08,Athletic Workout Leggings,Fashion,2,1199.0,2026-04-29 08:21:36
CUST0185,PROD_E08,Multi-Port USB Hub Type-C,Electronics,1,899.0,2026-07-20 03:21:36
CUST0331,PROD_F11,Comfortable Canvas Slip-Ons,Fashion,1,1599.0,2026-03-08 15:21:36
CUST0179,PROD_S05,Insulated Sports Shaker Bottle,Sports & Fitness,1,499.0,2026-04-03 16:21:36
CUST0259,PROD_C05,Organic Argan Oil Hair Treatment,Beauty & Care,1,750.0,2026-02-01 21:21:36
CUST0408,PROD_F08,Athletic Workout Leggings,Fashion,1,1199.0,2026-03-13 12:21:36
CUST0082,PROD_F06,Warm Knit Winter Beanie,Fashion,1,499.0,2026-08-16 19:21:36
CUST0115,PROD_H06,Robot Vacuum Cleaner with Mop,Home & Kitchen,1,15999.0,2026-06-22 04:21:36
CUST0009,PROD_B01,Deep Learning Foundations & Applications,Books,1,899.0,2026-07-08 08:21:36
CUST0278,PROD_F08,Athletic Workout Leggings,Fashion,1,1199.0,2025-10-13 16:21:36
CUST0345,PROD_S08,Waterproof Cycling Helmet,Sports & Fitness,1,1899.0,2025-10-26 01:21:36
CUST0408,PROD_F12,Hooded Fleece Sweatshirt,Fashion,1,1899.0,2026-06-27 14:21:36
CUST0184,PROD_F10,Formal Leather Belt Black,Fashion,1,799.0,2025-12-17 16:21:36
CUST0001,PROD_C05,Organic Argan Oil Hair Treatment,Beauty & Care,1,750.0,2025-12-16 04:21:36
CUST0363,PROD_S04,High-Density Foam Muscle Roller,Sports & Fitness,1,899.0,2026-05-28 23:21:36
CUST0222,PROD_S01,Non-Slip Eco Yoga Mat 6mm,Sports & Fitness,1,1299.0,2026-05-24 15:21:36
CUST0169,PROD_C02,SPF 50 Broad Spectrum Sunscreen,Beauty & Care,1,649.0,2026-01-09 08:21:36
CUST0113,PROD_B05,System Design Interview Guide,Books,1,950.0,2026-08-21 02:21:36
CUST0410,PROD_C01,Hydrating Hyaluronic Acid Serum,Beauty & Care,1,899.0,2026-03-15 14:21:36
CUST0351,PROD_C06,Gentle Exfoliating Face Scrub,Beauty & Care,2,550.0,2026-05-16 04:21:36
CUST0239,PROD_F08,Athletic Workout Leggings,Fashion,1,1199.0,2026-02-07 05:21:36
CUST0413,PROD_E17,External Hard Drive 2TB,Electronics,1,5299.0,2025-11-03 04:21:36
CUST0120,PROD_C05,Organic Argan Oil Hair Treatment,Beauty & Care,1,750.0,2026-06-17 00:21:36
CUST0441,PROD_S06,Speed Jump Rope with Ball Bearings,Sports & Fitness,1,399.0,2025-11-09 00:21:36
CUST0248,PROD_B10,Hands-On Machine Learning with Scikit-Learn,Books,1,1450.0,2026-08-17 21:21:36
CUST0048,PROD_C07,Natural Charcoal Detox Mask,Beauty & Care,1,699.0,2026-06-01 11:21:36
CUST0068,PROD_B05,System Design Interview Guide,Books,1,950.0,2026-07-03 06:21:36
CUST0115,PROD_H10,Bamboo Cutting Board Set,Home & Kitchen,1,899.0,2026-06-11 03:21:36
CUST0034,PROD_C07,Natural Charcoal Detox Mask,Beauty & Care,1,699.0,2026-05-05 02:21:36
CUST0058,PROD_C03,Vitamin C Facial Cleanser,Beauty & Care,1,499.0,2025-12-19 04:21:36
CUST0136,PROD_S06,Speed Jump Rope with Ball Bearings,Sports & Fitness,1,399.0,2025-11-17 12:21:36
CUST0003,PROD_H13,Stainless Steel Cutlery Set 24-Piece,Home & Kitchen,1,1799.0,2025-12-14 09:21:36
CUST0142,PROD_H13,Stainless Steel Cutlery Set 24-Piece,Home & Kitchen,1,1799.0,2025-12-25 13:21:36
CUST0285,PROD_B09,Zero to One by Peter Thiel,Books,1,480.0,2025-10-30 03:21:36
CUST0069,PROD_S03,Resistance Loop Exercise Bands Set,Sports & Fitness,1,699.0,2026-01-29 21:21:36
CUST0090,PROD_B05,System Design Interview Guide,Books,1,950.0,2026-04-26 18:21:36
CUST0355,PROD_S07,Breathable Weightlifting Gloves,Sports & Fitness,1,599.0,2026-07-06 20:21:36
CUST0060,PROD_C07,Natural Charcoal Detox Mask,Beauty & Care,1,699.0,2026-04-20 05:21:36
CUST0411,PROD_B05,System Design Interview Guide,Books,1,950.0,2025-12-02 11:21:36
CUST0145,PROD_B08,"Thinking, Fast and Slow",Books,1,520.0,2026-09-05 09:21:36
CUST0353,PROD_C07,Natural Charcoal Detox Mask,Beauty & Care,1,699.0,2026-05-21 11:21:36
CUST0437,PROD_C02,SPF 50 Broad Spectrum Sunscreen,Beauty & Care,1,649.0,2026-05-19 02:21:36
CUST0257,PROD_B03,The Psychology of Money,Books,1,450.0,2025-12-13 15:21:36
CUST0224,PROD_B05,System Design Interview Guide,Books,1,950.0,2026-02-11 01:21:36
CUST0145,PROD_B07,Python for Data Analysis,Books,1,850.0,2025-10-08 16:21:36
CUST0166,PROD_S05,Insulated Sports Shaker Bottle,Sports & Fitness,1,499.0,2026-06-08 04:21:36
CUST0325,PROD_B07,Python for Data Analysis,Books,1,850.0,2026-05-11 16:21:36
CUST0303,PROD_B07,Python for Data Analysis,Books,1,850.0,2025-10-25 19:21:36
CUST0399,PROD_B07,Python for Data Analysis,Books,1,850.0,2026-08-06 20:21:36
CUST0262,PROD_F03,Slim Fit Casual Button-Up Shirt,Fashion,1,1499.0,2026-06-24 19:21:36
CUST0461,PROD_C06,Gentle Exfoliating Face Scrub,Beauty & Care,1,550.0,2026-04-22 14:21:36
CUST0387,PROD_H01,Stainless Steel Electric Kettle 1.8L,Home & Kitchen,1,1399.0,2026-03-27 08:21:36
CUST0101,PROD_F02,Breathable Running Sneakers,Fashion,1,3299.0,2025-11-03 00:21:36
CUST0123,PROD_F06,Warm Knit Winter Beanie,Fashion,1,499.0,2025-11-19 12:21:36
CUST0343,PROD_E17,External Hard Drive 2TB,Electronics,1,5299.0,2026-04-17 22:21:36
CUST0375,PROD_S08,Waterproof Cycling Helmet,Sports & Fitness,1,1899.0,2026-05-17 17:21:36
CUST0496,PROD_C04,Sonic Electric Toothbrush,Beauty & Care,1,2299.0,2026-03-26 08:21:36
CUST0186,PROD_C04,Sonic Electric Toothbrush,Beauty & Care,1,2299.0,2026-03-05 06:21:36
CUST0109,PROD_E13,Surround Sound Gaming Headset,Electronics,1,2799.0,2025-11-18 14:21:36
CUST0067,PROD_H02,Digital Air Fryer 4.5L,Home & Kitchen,2,5999.0,2025-12-04 04:21:36
CUST0049,PROD_E09,HD Web Camera with Microphone,Electronics,2,2199.0,2026-04-02 10:21:36
CUST0072,PROD_F01,Classic Cotton Denim Jacket,Fashion,1,2199.0,2026-03-13 12:21:36
CUST0268,PROD_H01,Stainless Steel Electric Kettle 1.8L,Home & Kitchen,1,1399.0,2025-10-12 11:21:36
CUST0259,PROD_C06,Gentle Exfoliating Face Scrub,Beauty & Care,1,550.0,2026-07-03 01:21:36
CUST0427,PROD_H01,Stainless Steel Electric Kettle 1.8L,Home & Kitchen,1,1399.0,2025-12-05 18:21:36
CUST0061,PROD_C03,Vitamin C Facial Cleanser,Beauty & Care,1,499.0,2026-09-14 14:21:36
CUST0136,PROD_S03,Resistance Loop Exercise Bands Set,Sports & Fitness,1,699.0,2025-11-05 17:21:36
CUST0411,PROD_S02,Adjustable Dumbbell Set 20kg,Sports & Fitness,1,4599.0,2026-09-16 06:21:36
CUST0299,PROD_F01,Classic Cotton Denim Jacket,Fashion,2,2199.0,2026-02-24 20:21:36
CUST0498,PROD_H08,Insulated Vacuum Water Bottle 1L,Home & Kitchen,1,699.0,2026-05-10 09:21:36
CUST0028,PROD_E11,Active Noise Cancelling Earbuds,Electronics,1,3199.0,2025-10-13 20:21:36
CUST0088,PROD_F01,Classic Cotton Denim Jacket,Fashion,1,2199.0,2026-08-12 00:21:36
CUST0112,PROD_E01,Wireless Noise-Canceling Headphones,Electronics,1,2499.0,2026-04-30 14:21:36
CUST0394,PROD_S07,Breathable Weightlifting Gloves,Sports & Fitness,1,599.0,2026-04-25 18:21:36
CUST0137,PROD_B05,System Design Interview Guide,Books,1,950.0,2026-02-03 02:21:36
CUST0470,PROD_F12,Hooded Fleece Sweatshirt,Fashion,1,1899.0,2025-10-15 03:21:36
CUST0318,PROD_F11,Comfortable Canvas Slip-Ons,Fashion,1,1599.0,2026-03-01 05:21:36
CUST0038,PROD_B05,System Design Interview Guide,Books,1,950.0,2026-02-15 08:21:36
CUST0053,PROD_H11,Digital Kitchen Weighing Scale,Home & Kitchen,1,599.0,2026-03-01 18:21:36
CUST0340,PROD_F04,Polarized UV Protection Sunglasses,Fashion,1,1299.0,2026-01-02 08:21:36
CUST0064,PROD_B05,System Design Interview Guide,Books,1,950.0,2026-09-12 18:21:36
CUST0059,PROD_C04,Sonic Electric Toothbrush,Beauty & Care,1,2299.0,2026-05-13 09:21:36
CUST0460,PROD_F06,Warm Knit Winter Beanie,Fashion,1,499.0,2026-05-29 03:21:36
CUST0051,PROD_F12,Hooded Fleece Sweatshirt,Fashion,1,1899.0,2026-02-05 07:21:36
CUST0228,PROD_S08,Waterproof Cycling Helmet,Sports & Fitness,1,1899.0,2026-10-04 11:21:36
CUST0251,PROD_C07,Natural Charcoal Detox Mask,Beauty & Care,2,699.0,2026-07-30 17:21:36
CUST0308,PROD_H05,Non-Stick Ceramic Cookware Set 5-Piece,Home & Kitchen,1,3999.0,2026-01-08 23:21:36
CUST0146,PROD_E02,Mechanical Gaming Keyboard,Electronics,1,3499.0,2026-01-06 21:21:36
CUST0430,PROD_B01,Deep Learning Foundations & Applications,Books,1,899.0,2025-10-27 08:21:36
CUST0496,PROD_C05,Organic Argan Oil Hair Treatment,Beauty & Care,1,750.0,2025-12-09 15:21:36
CUST0249,PROD_B01,Deep Learning Foundations & Applications,Books,1,899.0,2026-05-04 14:21:36
CUST0215,PROD_E08,Multi-Port USB Hub Type-C,Electronics,1,899.0,2026-07-03 00:21:36
CUST0407,PROD_E02,Mechanical Gaming Keyboard,Electronics,1,3499.0,2026-03-17 04:21:36
CUST0014,PROD_S06,Speed Jump Rope with Ball Bearings,Sports & Fitness,1,399.0,2025-11-07 14:21:36
CUST0257,PROD_B07,Python for Data Analysis,Books,1,850.0,2025-12-21 03:21:36
CUST0359,PROD_B03,The Psychology of Money,Books,2,450.0,2026-04-25 18:21:36
CUST0250,PROD_C06,Gentle Exfoliating Face Scrub,Beauty & Care,3,550.0,2026-09-01 04:21:36
CUST0176,PROD_H05,Non-Stick Ceramic Cookware Set 5-Piece,Home & Kitchen,1,3999.0,2026-07-18 07:21:36
CUST0236,PROD_B05,System Design Interview Guide,Books,1,950.0,2026-08-05 16:21:36
CUST0063,PROD_B05,System Design Interview Guide,Books,1,950.0,2026-08-31 12:21:36
CUST0107,PROD_B04,Designing Data-Intensive Applications,Books,1,1250.0,2025-12-30 06:21:36
CUST0082,PROD_F02,Breathable Running Sneakers,Fashion,1,3299.0,2025-11-29 04:21:36
CUST0373,PROD_E06,Smart Fitness Watch Series 5,Electronics,1,4999.0,2026-02-19 01:21:36
CUST0401,PROD_H04,Automatic Espresso Coffee Maker,Home & Kitchen,1,12499.0,2025-11-06 22:21:36
CUST0087,PROD_E09,HD Web Camera with Microphone,Electronics,2,2199.0,2026-05-24 23:21:36
CUST0076,PROD_S07,Breathable Weightlifting Gloves,Sports & Fitness,1,599.0,2026-03-24 08:21:36
CUST0437,PROD_H09,Aromatherapy Essential Oil Diffuser,Home & Kitchen,3,1299.0,2025-10-31 13:21:36
CUST0492,PROD_H06,Robot Vacuum Cleaner with Mop,Home & Kitchen,1,15999.0,2026-07-09 03:21:36
CUST0374,PROD_F08,Athletic Workout Leggings,Fashion,1,1199.0,2026-05-26 15:21:36
CUST0146,PROD_E14,Smart Plug with Voice Control,Electronics,1,799.0,2026-02-18 15:21:36
CUST0465,PROD_H01,Stainless Steel Electric Kettle 1.8L,Home & Kitchen,1,1399.0,2026-05-21 09:21:36
CUST0034,PROD_C03,Vitamin C Facial Cleanser,Beauty & Care,1,499.0,2026-08-09 01:21:36
CUST0204,PROD_F10,Formal Leather Belt Black,Fashion,1,799.0,2026-09-04 10:21:36
CUST0125,PROD_B03,The Psychology of Money,Books,1,450.0,2026-08-11 00:21:36
CUST0433,PROD_E14,Smart Plug with Voice Control,Electronics,1,799.0,2026-04-27 21:21:36
CUST0173,PROD_F02,Breathable Running Sneakers,Fashion,1,3299.0,2026-03-22 10:21:36
CUST0024,PROD_H13,Stainless Steel Cutlery Set 24-Piece,Home & Kitchen,1,1799.0,2026-04-17 14:21:36
CUST0438,PROD_H06,Robot Vacuum Cleaner with Mop,Home & Kitchen,1,15999.0,2026-02-11 00:21:36
CUST0035,PROD_S08,Waterproof Cycling Helmet,Sports & Fitness,1,1899.0,2025-10-18 21:21:36
CUST0238,PROD_C08,Rechargeable Facial Cleansing Brush,Beauty & Care,1,1499.0,2026-05-21 03:21:36
CUST0142,PROD_H08,Insulated Vacuum Water Bottle 1L,Home & Kitchen,1,699.0,2026-08-12 01:21:36
CUST0426,PROD_S05,Insulated Sports Shaker Bottle,Sports & Fitness,1,499.0,2026-05-24 14:21:36
CUST0146,PROD_H07,Smart LED Desk Lamp with Dimmer,Home & Kitchen,2,1699.0,2025-10-26 02:21:36
CUST0478,PROD_S05,Insulated Sports Shaker Bottle,Sports & Fitness,1,499.0,2026-06-07 22:21:36
CUST0454,PROD_C03,Vitamin C Facial Cleanser,Beauty & Care,1,499.0,2026-01-22 02:21:36
CUST0103,PROD_E06,Smart Fitness Watch Series 5,Electronics,1,4999.0,2026-03-09 09:21:36
CUST0436,PROD_S07,Breathable Weightlifting Gloves,Sports & Fitness,1,599.0,2025-12-31 10:21:36
CUST0241,PROD_C06,Gentle Exfoliating Face Scrub,Beauty & Care,1,550.0,2025-10-22 00:21:36
CUST0394,PROD_S03,Resistance Loop Exercise Bands Set,Sports & Fitness,1,699.0,2026-06-10 00:21:36
CUST0052,PROD_H09,Aromatherapy Essential Oil Diffuser,Home & Kitchen,1,1299.0,2026-04-07 02:21:36
CUST0007,PROD_B01,Deep Learning Foundations & Applications,Books,1,899.0,2026-10-05 09:21:36
CUST0410,PROD_E10,High-Speed Wi-Fi 6 Router,Electronics,1,3899.0,2026-02-28 17:21:36
CUST0203,PROD_B10,Hands-On Machine Learning with Scikit-Learn,Books,1,1450.0,2026-03-11 18:21:36
CUST0310,PROD_H11,Digital Kitchen Weighing Scale,Home & Kitchen,1,599.0,2025-11-18 08:21:36
CUST0038,PROD_B09,Zero to One by Peter Thiel,Books,1,480.0,2026-03-08 07:21:36
CUST0381,PROD_F06,Warm Knit Winter Beanie,Fashion,1,499.0,2026-06-21 00:21:36
CUST0142,PROD_C06,Gentle Exfoliating Face Scrub,Beauty & Care,1,550.0,2026-03-26 00:21:36
CUST0065,PROD_S08,Waterproof Cycling Helmet,Sports & Fitness,1,1899.0,2026-02-12 21:21:36
CUST0293,PROD_C05,Organic Argan Oil Hair Treatment,Beauty & Care,1,750.0,2026-03-19 19:21:36
CUST0327,PROD_F07,Stainless Steel Quartz Wristwatch,Fashion,1,4499.0,2026-03-12 05:21:36
CUST0055,PROD_E14,Smart Plug with Voice Control,Electronics,1,799.0,2025-11-15 10:21:36
CUST0268,PROD_H02,Digital Air Fryer 4.5L,Home & Kitchen,1,5999.0,2026-04-03 03:21:36
CUST0467,PROD_C01,Hydrating Hyaluronic Acid Serum,Beauty & Care,1,899.0,2025-12-29 02:21:36
CUST0010,PROD_S02,Adjustable Dumbbell Set 20kg,Sports & Fitness,1,4599.0,2026-07-06 19:21:36
CUST0068,PROD_C02,SPF 50 Broad Spectrum Sunscreen,Beauty & Care,1,649.0,2026-03-05 14:21:36
CUST0134,PROD_B10,Hands-On Machine Learning with Scikit-Learn,Books,1,1450.0,2025-10-14 04:21:36
CUST0290,PROD_F08,Athletic Workout Leggings,Fashion,1,1199.0,2026-08-07 06:21:36
CUST0223,PROD_B05,System Design Interview Guide,Books,1,950.0,2025-10-21 20:21:36
CUST0360,PROD_C07,Natural Charcoal Detox Mask,Beauty & Care,1,699.0,2026-01-25 10:21:36
CUST0081,PROD_H07,Smart LED Desk Lamp with Dimmer,Home & Kitchen,1,1699.0,2026-08-29 17:21:36
CUST0352,PROD_C02,SPF 50 Broad Spectrum Sunscreen,Beauty & Care,1,649.0,2025-12-20 09:21:36
CUST0220,PROD_C02,SPF 50 Broad Spectrum Sunscreen,Beauty & Care,1,649.0,2026-06-27 02:21:36
CUST0110,PROD_B08,"Thinking, Fast and Slow",Books,1,520.0,2025-11-05 00:21:36
CUST0259,PROD_F06,Warm Knit Winter Beanie,Fashion,1,499.0,2026-08-03 12:21:36
CUST0216,PROD_E17,External Hard Drive 2TB,Electronics,1,5299.0,2026-07-11 05:21:36
CUST0074,PROD_C04,Sonic Electric Toothbrush,Beauty & Care,1,2299.0,2026-07-17 00:21:36
CUST0461,PROD_E05,Fast Charging USB-C Power Bank 20000mAh,Electronics,1,1999.0,2026-10-05 08:21:36
CUST0136,PROD_H09,Aromatherapy Essential Oil Diffuser,Home & Kitchen,1,1299.0,2026-06-04 13:21:36
CUST0232,PROD_B05,System Design Interview Guide,Books,1,950.0,2026-08-12 17:21:36
CUST0120,PROD_C05,Organic Argan Oil Hair Treatment,Beauty & Care,1,750.0,2026-03-07 18:21:36
CUST0294,PROD_B06,Clean Code: Handbook of Software Craftsmanship,Books,1,1100.0,2025-10-08 20:21:36
CUST0221,PROD_B05,System Design Interview Guide,Books,1,950.0,2026-02-10 15:21:36
CUST0112,PROD_E01,Wireless Noise-Canceling Headphones,Electronics,1,2499.0,2026-02-02 13:21:36
CUST0386,PROD_H09,Aromatherapy Essential Oil Diffuser,Home & Kitchen,1,1299.0,2026-03-30 04:21:36
CUST0297,PROD_S05,Insulated Sports Shaker Bottle,Sports & Fitness,1,499.0,2026-07-29 21:21:36
CUST0422,PROD_H09,Aromatherapy Essential Oil Diffuser,Home & Kitchen,1,1299.0,2026-09-30 16:21:36
CUST0456,PROD_H07,Smart LED Desk Lamp with Dimmer,Home & Kitchen,1,1699.0,2026-01-19 11:21:36
CUST0193,PROD_F10,Formal Leather Belt Black,Fashion,2,799.0,2026-01-25 03:21:36
CUST0170,PROD_C02,SPF 50 Broad Spectrum Sunscreen,Beauty & Care,1,649.0,2026-05-23 02:21:36
CUST0297,PROD_S08,Waterproof Cycling Helmet,Sports & Fitness,1,1899.0,2026-07-01 13:21:36
CUST0354,PROD_F04,Polarized UV Protection Sunglasses,Fashion,1,1299.0,2026-03-11 20:21:36
CUST0461,PROD_C08,Rechargeable Facial Cleansing Brush,Beauty & Care,1,1499.0,2026-07-03 14:21:36
CUST0261,PROD_S01,Non-Slip Eco Yoga Mat 6mm,Sports & Fitness,1,1299.0,2026-09-27 07:21:36
CUST0028,PROD_E07,Portable Bluetooth Speaker 20W,Electronics,1,2999.0,2025-10-29 10:21:36
CUST0230,PROD_H13,Stainless Steel Cutlery Set 24-Piece,Home & Kitchen,1,1799.0,2025-11-09 20:21:36
CUST0383,PROD_F01,Classic Cotton Denim Jacket,Fashion,1,2199.0,2025-10-20 03:21:36
CUST0401,PROD_C06,Gentle Exfoliating Face Scrub,Beauty & Care,1,550.0,2026-08-05 20:21:36
CUST0018,PROD_E11,Active Noise Cancelling Earbuds,Electronics,1,3199.0,2025-10-22 07:21:36
CUST0308,PROD_B08,"Thinking, Fast and Slow",Books,1,520.0,2026-07-22 17:21:36
CUST0199,PROD_B01,Deep Learning Foundations & Applications,Books,2,899.0,2025-12-20 13:21:36
CUST0393,PROD_F02,Breathable Running Sneakers,Fashion,1,3299.0,2025-10-17 09:21:36
CUST0479,PROD_H04,Automatic Espresso Coffee Maker,Home & Kitchen,1,12499.0,2026-06-12 06:21:36
CUST0098,PROD_S07,Breathable Weightlifting Gloves,Sports & Fitness,1,599.0,2026-04-01 19:21:36
CUST0380,PROD_B04,Designing Data-Intensive Applications,Books,1,1250.0,2026-06-19 15:21:36
CUST0262,PROD_H09,Aromatherapy Essential Oil Diffuser,Home & Kitchen,1,1299.0,2026-02-04 23:21:36
CUST0474,PROD_E15,Wireless Phone Charging Pad,Electronics,1,999.0,2026-08-25 20:21:36
CUST0315,PROD_C08,Rechargeable Facial Cleansing Brush,Beauty & Care,1,1499.0,2026-02-23 06:21:36
CUST0386,PROD_H09,Aromatherapy Essential Oil Diffuser,Home & Kitchen,1,1299.0,2026-05-25 09:21:36
CUST0077,PROD_H05,Non-Stick Ceramic Cookware Set 5-Piece,Home & Kitchen,1,3999.0,2026-09-23 07:21:36
CUST0091,PROD_H06,Robot Vacuum Cleaner with Mop,Home & Kitchen,1,15999.0,2025-12-17 07:21:36
CUST0035,PROD_F06,Warm Knit Winter Beanie,Fashion,1,499.0,2025-11-06 02:21:36
CUST0248,PROD_S02,Adjustable Dumbbell Set 20kg,Sports & Fitness,1,4599.0,2026-05-27 15:21:36
CUST0044,PROD_B05,System Design Interview Guide,Books,1,950.0,2026-03-14 07:21:36
CUST0207,PROD_C06,Gentle Exfoliating Face Scrub,Beauty & Care,1,550.0,2026-03-14 02:21:36
CUST0148,PROD_S08,Waterproof Cycling Helmet,Sports & Fitness,2,1899.0,2026-08-25 21:21:36
CUST0239,PROD_B05,System Design Interview Guide,Books,1,950.0,2026-05-19 06:21:36
CUST0144,PROD_S02,Adjustable Dumbbell Set 20kg,Sports & Fitness,1,4599.0,2026-03-28 05:21:36
CUST0205,PROD_H06,Robot Vacuum Cleaner with Mop,Home & Kitchen,1,15999.0,2025-12-09 15:21:36
CUST0153,PROD_B05,System Design Interview Guide,Books,1,950.0,2026-05-31 02:21:36
CUST0095,PROD_C02,SPF 50 Broad Spectrum Sunscreen,Beauty & Care,1,649.0,2025-12-11 10:21:36
CUST0321,PROD_B05,System Design Interview Guide,Books,1,950.0,2026-06-08 13:21:36
CUST0329,PROD_F03,Slim Fit Casual Button-Up Shirt,Fashion,1,1499.0,2026-06-07 01:21:36
CUST0393,PROD_F01,Classic Cotton Denim Jacket,Fashion,2,2199.0,2025-12-26 02:21:36
CUST0021,PROD_B08,"Thinking, Fast and Slow",Books,1,520.0,2026-10-01 02:21:36
CUST0324,PROD_C06,Gentle Exfoliating Face Scrub,Beauty & Care,2,550.0,2026-06-16 16:21:36
CUST0423,PROD_H02,Digital Air Fryer 4.5L,Home & Kitchen,1,5999.0,2026-01-04 07:21:36
CUST0212,PROD_E09,HD Web Camera with Microphone,Electronics,1,2199.0,2026-01-11 02:21:36
CUST0019,PROD_S08,Waterproof Cycling Helmet,Sports & Fitness,1,1899.0,2025-12-24 13:21:36
CUST0458,PROD_H10,Bamboo Cutting Board Set,Home & Kitchen,1,899.0,2026-01-13 13:21:36
CUST0378,PROD_E10,High-Speed Wi-Fi 6 Router,Electronics,1,3899.0,2026-08-19 07:21:36
CUST0025,PROD_F12,Hooded Fleece Sweatshirt,Fashion,2,1899.0,2026-07-26 23:21:36
CUST0081,PROD_H05,Non-Stick Ceramic Cookware Set 5-Piece,Home & Kitchen,1,3999.0,2026-08-07 00:21:36
CUST0306,PROD_H03,Memory Foam Orthopedic Pillow,Home & Kitchen,1,1199.0,2026-07-18 05:21:36
CUST0180,PROD_E01,Wireless Noise-Canceling Headphones,Electronics,1,2499.0,2025-11-29 23:21:36
CUST0145,PROD_B10,Hands-On Machine Learning with Scikit-Learn,Books,1,1450.0,2026-07-15 17:21:36
CUST0485,PROD_E13,Surround Sound Gaming Headset,Electronics,1,2799.0,2026-03-10 18:21:36
CUST0202,PROD_C05,Organic Argan Oil Hair Treatment,Beauty & Care,1,750.0,2026-01-30 06:21:36
CUST0331,PROD_S08,Waterproof Cycling Helmet,Sports & Fitness,1,1899.0,2026-03-02 00:21:36
CUST0075,PROD_F03,Slim Fit Casual Button-Up Shirt,Fashion,1,1499.0,2025-11-25 05:21:36
CUST0144,PROD_S03,Resistance Loop Exercise Bands Set,Sports & Fitness,1,699.0,2026-07-27 21:21:36
CUST0130,PROD_B05,System Design Interview Guide,Books,1,950.0,2026-01-22 20:21:36
CUST0468,PROD_F08,Athletic Workout Leggings,Fashion,1,1199.0,2026-07-22 03:21:36
CUST0169,PROD_C03,Vitamin C Facial Cleanser,Beauty & Care,1,499.0,2026-03-25 21:21:36
CUST0318,PROD_E10,High-Speed Wi-Fi 6 Router,Electronics,1,3899.0,2026-01-31 00:21:36
CUST0331,PROD_F13,Designer Silk Scarf,Fashion,1,999.0,2025-11-25 00:21:36
CUST0129,PROD_B09,Zero to One by Peter Thiel,Books,2,480.0,2025-12-26 19:21:36
CUST0143,PROD_B05,System Design Interview Guide,Books,1,950.0,2026-07-23 03:21:36
CUST0443,PROD_F13,Designer Silk Scarf,Fashion,1,999.0,2026-06-30 06:21:36
CUST0289,PROD_B01,Deep Learning Foundations & Applications,Books,1,899.0,2025-11-26 16:21:36
CUST0423,PROD_H11,Digital Kitchen Weighing Scale,Home & Kitchen,1,599.0,2026-01-13 16:21:36
CUST0410,PROD_C08,Rechargeable Facial Cleansing Brush,Beauty & Care,1,1499.0,2026-01-01 18:21:36
CUST0040,PROD_S08,Waterproof Cycling Helmet,Sports & Fitness,1,1899.0,2026-06-21 16:21:36
CUST0021,PROD_S02,Adjustable Dumbbell Set 20kg,Sports & Fitness,1,4599.0,2025-10-21 04:21:36
CUST0363,PROD_S05,Insulated Sports Shaker Bottle,Sports & Fitness,1,499.0,2026-09-05 00:21:36
CUST0304,PROD_E02,Mechanical Gaming Keyboard,Electronics,1,3499.0,2025-10-07 06:21:36
CUST0336,PROD_B01,Deep Learning Foundations & Applications,Books,1,899.0,2025-11-02 10:21:36
CUST0096,PROD_F08,Athletic Workout Leggings,Fashion,1,1199.0,2026-09-26 18:21:36
CUST0029,PROD_H06,Robot Vacuum Cleaner with Mop,Home & Kitchen,1,15999.0,2025-10-12 11:21:36
CUST0182,PROD_E14,Smart Plug with Voice Control,Electronics,1,799.0,2026-04-10 06:21:36
CUST0482,PROD_B09,Zero to One by Peter Thiel,Books,1,480.0,2025-10-13 15:21:36
CUST0398,PROD_S02,Adjustable Dumbbell Set 20kg,Sports & Fitness,2,4599.0,2026-03-26 16:21:36
CUST0046,PROD_E13,Surround Sound Gaming Headset,Electronics,1,2799.0,2026-01-27 20:21:36
CUST0331,PROD_E10,High-Speed Wi-Fi 6 Router,Electronics,1,3899.0,2026-06-30 23:21:36
CUST0050,PROD_C08,Rechargeable Facial Cleansing Brush,Beauty & Care,1,1499.0,2026-01-25 09:21:36
CUST0072,PROD_B03,The Psychology of Money,Books,1,450.0,2026-08-19 09:21:36
CUST0238,PROD_C02,SPF 50 Broad Spectrum Sunscreen,Beauty & Care,1,649.0,2026-04-21 11:21:36
CUST0261,PROD_E15,Wireless Phone Charging Pad,Electronics,1,999.0,2026-04-19 19:21:36
CUST0395,PROD_H07,Smart LED Desk Lamp with Dimmer,Home & Kitchen,1,1699.0,2026-02-12 09:21:36
CUST0343,PROD_B04,Designing Data-Intensive Applications,Books,2,1250.0,2026-08-16 08:21:36
CUST0303,PROD_E17,External Hard Drive 2TB,Electronics,1,5299.0,2026-09-28 02:21:36
CUST0251,PROD_F09,Waterproof HIKING Boots,Fashion,1,4199.0,2025-12-02 11:21:36
CUST0288,PROD_H09,Aromatherapy Essential Oil Diffuser,Home & Kitchen,1,1299.0,2026-05-06 08:21:36
CUST0480,PROD_C04,Sonic Electric Toothbrush,Beauty & Care,1,2299.0,2026-02-03 18:21:36
CUST0217,PROD_E03,Ergonomic Wireless Mouse,Electronics,1,1299.0,2026-03-24 07:21:36
CUST0374,PROD_C06,Gentle Exfoliating Face Scrub,Beauty & Care,1,550.0,2026-04-17 05:21:36
CUST0418,PROD_B05,System Design Interview Guide,Books,1,950.0,2026-04-22 01:21:36
CUST0426,PROD_C04,Sonic Electric Toothbrush,Beauty & Care,1,2299.0,2026-05-09 05:21:36
CUST0466,PROD_H02,Digital Air Fryer 4.5L,Home & Kitchen,1,5999.0,2026-06-19 05:21:36
CUST0242,PROD_B02,Atomic Habits by James Clear,Books,1,599.0,2026-08-08 10:21:36
CUST0167,PROD_C01,Hydrating Hyaluronic Acid Serum,Beauty & Care,2,899.0,2026-05-19 11:21:36
CUST0345,PROD_B03,The Psychology of Money,Books,1,450.0,2026-07-27 23:21:36
CUST0460,PROD_F13,Designer Silk Scarf,Fashion,1,999.0,2026-04-01 04:21:36
CUST0259,PROD_S02,Adjustable Dumbbell Set 20kg,Sports & Fitness,2,4599.0,2025-10-22 02:21:36
CUST0032,PROD_F06,Warm Knit Winter Beanie,Fashion,2,499.0,2026-05-27 18:21:36
CUST0182,PROD_E14,Smart Plug with Voice Control,Electronics,1,799.0,2025-11-07 11:21:36
CUST0471,PROD_S05,Insulated Sports Shaker Bottle,Sports & Fitness,1,499.0,2026-06-03 04:21:36
CUST0223,PROD_E02,Mechanical Gaming Keyboard,Electronics,1,3499.0,2025-10-20 07:21:36
CUST0114,PROD_S06,Speed Jump Rope with Ball Bearings,Sports & Fitness,2,399.0,2026-07-21 21:21:36
CUST0357,PROD_S06,Speed Jump Rope with Ball Bearings,Sports & Fitness,1,399.0,2026-06-30 03:21:36
CUST0250,PROD_F09,Waterproof HIKING Boots,Fashion,1,4199.0,2026-03-20 04:21:36
CUST0380,PROD_E03,Ergonomic Wireless Mouse,Electronics,1,1299.0,2026-09-20 03:21:36
CUST0400,PROD_S02,Adjustable Dumbbell Set 20kg,Sports & Fitness,1,4599.0,2026-02-20 13:21:36
CUST0237,PROD_C06,Gentle Exfoliating Face Scrub,Beauty & Care,1,550.0,2025-11-03 10:21:36
CUST0348,PROD_C07,Natural Charcoal Detox Mask,Beauty & Care,1,699.0,2026-04-10 08:21:36
CUST0227,PROD_H07,Smart LED Desk Lamp with Dimmer,Home & Kitchen,1,1699.0,2025-11-04 19:21:36
CUST0215,PROD_S08,Waterproof Cycling Helmet,Sports & Fitness,1,1899.0,2026-07-30 17:21:36
CUST0368,PROD_C08,Rechargeable Facial Cleansing Brush,Beauty & Care,1,1499.0,2026-02-02 21:21:36
CUST0316,PROD_S08,Waterproof Cycling Helmet,Sports & Fitness,1,1899.0,2026-06-25 13:21:36
CUST0071,PROD_F10,Formal Leather Belt Black,Fashion,1,799.0,2026-01-25 10:21:36
CUST0435,PROD_C07,Natural Charcoal Detox Mask,Beauty & Care,1,699.0,2026-09-01 04:21:36
CUST0121,PROD_H11,Digital Kitchen Weighing Scale,Home & Kitchen,1,599.0,2026-07-21 02:21:36
CUST0483,PROD_S04,High-Density Foam Muscle Roller,Sports & Fitness,1,899.0,2026-04-20 18:21:36
CUST0010,PROD_B10,Hands-On Machine Learning with Scikit-Learn,Books,1,1450.0,2026-06-23 06:21:36
CUST0128,PROD_B06,Clean Code: Handbook of Software Craftsmanship,Books,1,1100.0,2026-04-27 19:21:36
CUST0246,PROD_H09,Aromatherapy Essential Oil Diffuser,Home & Kitchen,1,1299.0,2025-10-06 05:21:36
CUST0314,PROD_C08,Rechargeable Facial Cleansing Brush,Beauty & Care,2,1499.0,2026-06-05 06:21:36
CUST0006,PROD_E17,External Hard Drive 2TB,Electronics,1,5299.0,2026-04-05 10:21:36
CUST0492,PROD_F09,Waterproof HIKING Boots,Fashion,1,4199.0,2025-12-22 08:21:36
CUST0154,PROD_S06,Speed Jump Rope with Ball Bearings,Sports & Fitness,1,399.0,2026-09-24 10:21:36
CUST0417,PROD_E11,Active Noise Cancelling Earbuds,Electronics,1,3199.0,2026-04-15 12:21:36
CUST0047,PROD_H13,Stainless Steel Cutlery Set 24-Piece,Home & Kitchen,1,1799.0,2026-04-20 18:21:36
CUST0413,PROD_H12,Microfiber Bed Sheet Set Queen,Home & Kitchen,1,1499.0,2026-03-07 13:21:36
CUST0424,PROD_F01,Classic Cotton Denim Jacket,Fashion,1,2199.0,2026-03-27 17:21:36
CUST0256,PROD_B01,Deep Learning Foundations & Applications,Books,1,899.0,2026-02-08 15:21:36
CUST0213,PROD_F06,Warm Knit Winter Beanie,Fashion,1,499.0,2026-01-26 09:21:36
CUST0370,PROD_C06,Gentle Exfoliating Face Scrub,Beauty & Care,1,550.0,2026-08-04 23:21:36
CUST0108,PROD_B05,System Design Interview Guide,Books,1,950.0,2026-07-04 01:21:36
CUST0322,PROD_B05,System Design Interview Guide,Books,1,950.0,2026-05-27 22:21:36
CUST0144,PROD_C02,SPF 50 Broad Spectrum Sunscreen,Beauty & Care,1,649.0,2026-09-24 05:21:36
CUST0001,PROD_C05,Organic Argan Oil Hair Treatment,Beauty & Care,1,750.0,2026-02-23 01:21:36
CUST0456,PROD_H04,Automatic Espresso Coffee Maker,Home & Kitchen,1,12499.0,2026-05-28 13:21:36
CUST0155,PROD_C03,Vitamin C Facial Cleanser,Beauty & Care,2,499.0,2026-02-08 03:21:36
CUST0275,PROD_C05,Organic Argan Oil Hair Treatment,Beauty & Care,1,750.0,2026-02-02 17:21:36
CUST0459,PROD_S01,Non-Slip Eco Yoga Mat 6mm,Sports & Fitness,2,1299.0,2025-10-16 19:21:36
CUST0458,PROD_S05,Insulated Sports Shaker Bottle,Sports & Fitness,1,499.0,2025-12-13 12:21:36
CUST0220,PROD_H01,Stainless Steel Electric Kettle 1.8L,Home & Kitchen,1,1399.0,2026-02-28 03:21:36
CUST0371,PROD_S06,Speed Jump Rope with Ball Bearings,Sports & Fitness,1,399.0,2025-12-05 05:21:36
CUST0078,PROD_H10,Bamboo Cutting Board Set,Home & Kitchen,1,899.0,2026-05-06 10:21:36
CUST0200,PROD_F02,Breathable Running Sneakers,Fashion,1,3299.0,2026-02-17 13:21:36
CUST0391,PROD_E14,Smart Plug with Voice Control,Electronics,1,799.0,2025-12-20 21:21:36
CUST0437,PROD_C03,Vitamin C Facial Cleanser,Beauty & Care,1,499.0,2026-04-17 22:21:36
CUST0389,PROD_E10,High-Speed Wi-Fi 6 Router,Electronics,1,3899.0,2026-08-21 16:21:36
CUST0250,PROD_C03,Vitamin C Facial Cleanser,Beauty & Care,1,499.0,2026-07-27 19:21:36
CUST0462,PROD_C07,Natural Charcoal Detox Mask,Beauty & Care,1,699.0,2026-04-26 21:21:36
CUST0146,PROD_S05,Insulated Sports Shaker Bottle,Sports & Fitness,1,499.0,2026-03-20 03:21:36
CUST0426,PROD_C07,Natural Charcoal Detox Mask,Beauty & Care,2,699.0,2025-12-15 18:21:36
CUST0026,PROD_S06,Speed Jump Rope with Ball Bearings,Sports & Fitness,1,399.0,2026-02-15 13:21:36
CUST0243,PROD_E10,High-Speed Wi-Fi 6 Router,Electronics,1,3899.0,2026-01-25 21:21:36
CUST0476,PROD_S03,Resistance Loop Exercise Bands Set,Sports & Fitness,1,699.0,2026-09-09 04:21:36
CUST0318,PROD_F01,Classic Cotton Denim Jacket,Fashion,1,2199.0,2026-08-26 08:21:36
CUST0106,PROD_C01,Hydrating Hyaluronic Acid Serum,Beauty & Care,1,899.0,2025-11-03 16:21:36
CUST0379,PROD_E16,Internal SSD 1TB NVMe,Electronics,2,6499.0,2025-11-12 14:21:36
CUST0113,PROD_E05,Fast Charging USB-C Power Bank 20000mAh,Electronics,1,1999.0,2026-06-10 07:21:36
CUST0097,PROD_C07,Natural Charcoal Detox Mask,Beauty & Care,1,699.0,2026-05-31 09:21:36
CUST0277,PROD_H09,Aromatherapy Essential Oil Diffuser,Home & Kitchen,3,1299.0,2026-01-31 12:21:36
CUST0060,PROD_C04,Sonic Electric Toothbrush,Beauty & Care,1,2299.0,2026-03-27 12:21:36
CUST0088,PROD_F07,Stainless Steel Quartz Wristwatch,Fashion,1,4499.0,2026-04-05 02:21:36
CUST0181,PROD_E02,Mechanical Gaming Keyboard,Electronics,1,3499.0,2026-08-07 11:21:36
CUST0111,PROD_B09,Zero to One by Peter Thiel,Books,1,480.0,2026-05-04 12:21:36
CUST0084,PROD_F01,Classic Cotton Denim Jacket,Fashion,1,2199.0,2026-05-04 04:21:36
CUST0172,PROD_C05,Organic Argan Oil Hair Treatment,Beauty & Care,1,750.0,2026-10-05 11:21:36
CUST0353,PROD_C08,Rechargeable Facial Cleansing Brush,Beauty & Care,1,1499.0,2025-11-24 01:21:36
CUST0368,PROD_C06,Gentle Exfoliating Face Scrub,Beauty & Care,1,550.0,2026-06-30 07:21:36
CUST0320,PROD_H11,Digital Kitchen Weighing Scale,Home & Kitchen,1,599.0,2026-06-01 20:21:36
CUST0196,PROD_B10,Hands-On Machine Learning with Scikit-Learn,Books,1,1450.0,2026-09-12 23:21:36
CUST0242,PROD_B03,The Psychology of Money,Books,1,450.0,2026-07-31 15:21:36
CUST0420,PROD_S06,Speed Jump Rope with Ball Bearings,Sports & Fitness,1,399.0,2026-09-09 07:21:36
CUST0330,PROD_F13,Designer Silk Scarf,Fashion,1,999.0,2025-11-07 05:21:36
CUST0415,PROD_F05,Genuine Leather Crossbody Bag,Fashion,1,2799.0,2026-01-13 17:21:36
CUST0420,PROD_B06,Clean Code: Handbook of Software Craftsmanship,Books,1,1100.0,2026-05-29 22:21:36
CUST0406,PROD_C01,Hydrating Hyaluronic Acid Serum,Beauty & Care,1,899.0,2026-08-28 20:21:36
CUST0346,PROD_S06,Speed Jump Rope with Ball Bearings,Sports & Fitness,1,399.0,2025-12-24 00:21:36
CUST0408,PROD_F06,Warm Knit Winter Beanie,Fashion,1,499.0,2026-07-13 23:21:36
CUST0475,PROD_S06,Speed Jump Rope with Ball Bearings,Sports & Fitness,1,399.0,2025-12-27 05:21:36
CUST0437,PROD_H13,Stainless Steel Cutlery Set 24-Piece,Home & Kitchen,2,1799.0,2026-05-04 13:21:36
CUST0408,PROD_F07,Stainless Steel Quartz Wristwatch,Fashion,1,4499.0,2025-12-17 13:21:36
CUST0271,PROD_B10,Hands-On Machine Learning with Scikit-Learn,Books,1,1450.0,2026-01-26 14:21:36
CUST0184,PROD_F03,Slim Fit Casual Button-Up Shirt,Fashion,1,1499.0,2025-12-24 20:21:36
CUST0435,PROD_E04,4K Ultra HD Smart Monitor 27-inch,Electronics,1,18999.0,2025-12-13 18:21:36
CUST0119,PROD_S05,Insulated Sports Shaker Bottle,Sports & Fitness,1,499.0,2026-04-24 06:21:36
CUST0474,PROD_F09,Waterproof HIKING Boots,Fashion,1,4199.0,2026-06-25 17:21:36
CUST0308,PROD_H08,Insulated Vacuum Water Bottle 1L,Home & Kitchen,1,699.0,2026-07-18 04:21:36
CUST0478,PROD_C03,Vitamin C Facial Cleanser,Beauty & Care,1,499.0,2026-10-05 14:21:36
CUST0049,PROD_E07,Portable Bluetooth Speaker 20W,Electronics,1,2999.0,2026-07-13 22:21:36
CUST0171,PROD_E14,Smart Plug with Voice Control,Electronics,1,799.0,2026-09-26 08:21:36
CUST0097,PROD_B05,System Design Interview Guide,Books,1,950.0,2025-10-22 06:21:36
CUST0254,PROD_F08,Athletic Workout Leggings,Fashion,1,1199.0,2026-01-26 22:21:36
CUST0366,PROD_S05,Insulated Sports Shaker Bottle,Sports & Fitness,1,499.0,2026-08-12 12:21:36
CUST0363,PROD_S01,Non-Slip Eco Yoga Mat 6mm,Sports & Fitness,1,1299.0,2026-01-24 05:21:36
CUST0358,PROD_F03,Slim Fit Casual Button-Up Shirt,Fashion,1,1499.0,2026-09-01 18:21:36
CUST0465,PROD_H11,Digital Kitchen Weighing Scale,Home & Kitchen,1,599.0,2026-03-17 08:21:36
CUST0187,PROD_B05,System Design Interview Guide,Books,1,950.0,2026-01-26 03:21:36
CUST0406,PROD_C03,Vitamin C Facial Cleanser,Beauty & Care,1,499.0,2026-07-18 23:21:36
CUST0450,PROD_F09,Waterproof HIKING Boots,Fashion,2,4199.0,2026-06-28 02:21:36
CUST0310,PROD_F07,Stainless Steel Quartz Wristwatch,Fashion,1,4499.0,2026-04-27 10:21:36
CUST0262,PROD_H03,Memory Foam Orthopedic Pillow,Home & Kitchen,1,1199.0,2026-04-19 07:21:36
CUST0019,PROD_H10,Bamboo Cutting Board Set,Home & Kitchen,3,899.0,2026-06-11 21:21:36
CUST0127,PROD_F13,Designer Silk Scarf,Fashion,1,999.0,2026-06-05 09:21:36
CUST0424,PROD_F06,Warm Knit Winter Beanie,Fashion,2,499.0,2026-08-23 18:21:36
CUST0493,PROD_F08,Athletic Workout Leggings,Fashion,1,1199.0,2026-02-20 22:21:36
CUST0049,PROD_F06,Warm Knit Winter Beanie,Fashion,2,499.0,2026-05-12 07:21:36
CUST0179,PROD_F10,Formal Leather Belt Black,Fashion,1,799.0,2026-03-04 07:21:36
CUST0381,PROD_B08,"Thinking, Fast and Slow",Books,1,520.0,2026-06-13 09:21:36
CUST0064,PROD_F08,Athletic Workout Leggings,Fashion,1,1199.0,2026-01-28 01:21:36
CUST0001,PROD_C08,Rechargeable Facial Cleansing Brush,Beauty & Care,1,1499.0,2026-01-01 09:21:36
CUST0465,PROD_B08,"Thinking, Fast and Slow",Books,1,520.0,2026-03-05 16:21:36
CUST0175,PROD_B10,Hands-On Machine Learning with Scikit-Learn,Books,1,1450.0,2026-05-17 13:21:36
CUST0368,PROD_E02,Mechanical Gaming Keyboard,Electronics,1,3499.0,2026-08-15 15:21:36
CUST0091,PROD_H09,Aromatherapy Essential Oil Diffuser,Home & Kitchen,1,1299.0,2026-07-03 20:21:36
CUST0495,PROD_S08,Waterproof Cycling Helmet,Sports & Fitness,1,1899.0,2026-08-11 04:21:36
CUST0225,PROD_C06,Gentle Exfoliating Face Scrub,Beauty & Care,1,550.0,2025-10-23 02:21:36
CUST0471,PROD_E17,External Hard Drive 2TB,Electronics,1,5299.0,2026-09-16 04:21:36
CUST0280,PROD_F04,Polarized UV Protection Sunglasses,Fashion,1,1299.0,2026-05-18 22:21:36
CUST0071,PROD_S02,Adjustable Dumbbell Set 20kg,Sports & Fitness,1,4599.0,2026-03-06 16:21:36
CUST0375,PROD_H11,Digital Kitchen Weighing Scale,Home & Kitchen,1,599.0,2026-10-04 17:21:36
CUST0383,PROD_F03,Slim Fit Casual Button-Up Shirt,Fashion,2,1499.0,2026-04-06 00:21:36
CUST0417,PROD_E08,Multi-Port USB Hub Type-C,Electronics,1,899.0,2025-12-22 10:21:36
CUST0404,PROD_C04,Sonic Electric Toothbrush,Beauty & Care,1,2299.0,2026-05-21 18:21:36
CUST0010,PROD_S02,Adjustable Dumbbell Set 20kg,Sports & Fitness,1,4599.0,2026-08-17 22:21:36
CUST0144,PROD_S07,Breathable Weightlifting Gloves,Sports & Fitness,1,599.0,2026-07-20 05:21:36
CUST0339,PROD_S01,Non-Slip Eco Yoga Mat 6mm,Sports & Fitness,1,1299.0,2026-08-07 06:21:36
CUST0204,PROD_C06,Gentle Exfoliating Face Scrub,Beauty & Care,2,550.0,2026-01-24 22:21:36
CUST0234,PROD_B09,Zero to One by Peter Thiel,Books,1,480.0,2026-06-16 21:21:36
CUST0223,PROD_C01,Hydrating Hyaluronic Acid Serum,Beauty & Care,1,899.0,2026-01-09 05:21:36
CUST0120,PROD_C06,Gentle Exfoliating Face Scrub,Beauty & Care,2,550.0,2025-11-06 07:21:36
CUST0066,PROD_H12,Microfiber Bed Sheet Set Queen,Home & Kitchen,1,1499.0,2026-09-28 11:21:36
CUST0275,PROD_C07,Natural Charcoal Detox Mask,Beauty & Care,1,699.0,2026-07-30 18:21:36
CUST0176,PROD_C06,Gentle Exfoliating Face Scrub,Beauty & Care,1,550.0,2026-07-28 21:21:36
CUST0214,PROD_C04,Sonic Electric Toothbrush,Beauty & Care,1,2299.0,2026-06-14 01:21:36
CUST0404,PROD_C03,Vitamin C Facial Cleanser,Beauty & Care,1,499.0,2025-11-14 07:21:36
CUST0052,PROD_E10,High-Speed Wi-Fi 6 Router,Electronics,1,3899.0,2025-12-09 11:21:36
CUST0258,PROD_B05,System Design Interview Guide,Books,1,950.0,2026-05-03 02:21:36
CUST0089,PROD_S06,Speed Jump Rope with Ball Bearings,Sports & Fitness,1,399.0,2026-06-17 06:21:36
CUST0041,PROD_E16,Internal SSD 1TB NVMe,Electronics,1,6499.0,2026-01-25 03:21:36
CUST0301,PROD_F06,Warm Knit Winter Beanie,Fashion,1,499.0,2026-02-17 03:21:36
CUST0089,PROD_S05,Insulated Sports Shaker Bottle,Sports & Fitness,1,499.0,2026-01-03 15:21:36
CUST0343,PROD_B08,"Thinking, Fast and Slow",Books,1,520.0,2025-10-17 18:21:36
CUST0077,PROD_H02,Digital Air Fryer 4.5L,Home & Kitchen,1,5999.0,2026-04-27 01:21:36
CUST0371,PROD_S01,Non-Slip Eco Yoga Mat 6mm,Sports & Fitness,1,1299.0,2026-03-30 13:21:36
CUST0031,PROD_B09,Zero to One by Peter Thiel,Books,1,480.0,2026-06-30 22:21:36
CUST0447,PROD_H13,Stainless Steel Cutlery Set 24-Piece,Home & Kitchen,1,1799.0,2026-08-24 10:21:36
CUST0474,PROD_E07,Portable Bluetooth Speaker 20W,Electronics,1,2999.0,2025-11-06 11:21:36
CUST0405,PROD_S03,Resistance Loop Exercise Bands Set,Sports & Fitness,2,699.0,2026-06-30 15:21:36
CUST0500,PROD_C01,Hydrating Hyaluronic Acid Serum,Beauty & Care,1,899.0,2025-12-26 16:21:36
CUST0328,PROD_F08,Athletic Workout Leggings,Fashion,1,1199.0,2026-07-04 15:21:36
CUST0133,PROD_F05,Genuine Leather Crossbody Bag,Fashion,1,2799.0,2025-10-27 08:21:36
CUST0441,PROD_E10,High-Speed Wi-Fi 6 Router,Electronics,1,3899.0,2026-04-10 21:21:36
CUST0162,PROD_H02,Digital Air Fryer 4.5L,Home & Kitchen,2,5999.0,2026-02-25 15:21:36
CUST0448,PROD_C08,Rechargeable Facial Cleansing Brush,Beauty & Care,1,1499.0,2026-04-03 17:21:36
CUST0355,PROD_S05,Insulated Sports Shaker Bottle,Sports & Fitness,1,499.0,2026-07-13 08:21:36
CUST0037,PROD_F14,Water-Resistant Travel Backpack,Fashion,1,2399.0,2026-09-28 02:21:36
CUST0354,PROD_F09,Waterproof HIKING Boots,Fashion,1,4199.0,2026-03-11 22:21:36
CUST0304,PROD_B10,Hands-On Machine Learning with Scikit-Learn,Books,1,1450.0,2026-07-18 19:21:36
CUST0131,PROD_B05,System Design Interview Guide,Books,1,950.0,2026-08-19 01:21:36
CUST0007,PROD_B01,Deep Learning Foundations & Applications,Books,1,899.0,2026-03-31 05:21:36
CUST0486,PROD_S02,Adjustable Dumbbell Set 20kg,Sports & Fitness,1,4599.0,2026-04-19 12:21:36
CUST0348,PROD_C03,Vitamin C Facial Cleanser,Beauty & Care,2,499.0,2026-01-29 15:21:36
CUST0150,PROD_F09,Waterproof HIKING Boots,Fashion,1,4199.0,2026-04-04 07:21:36
CUST0374,PROD_B03,The Psychology of Money,Books,1,450.0,2026-06-08 05:21:36
CUST0139,PROD_H11,Digital Kitchen Weighing Scale,Home & Kitchen,1,599.0,2026-04-13 19:21:36
CUST0331,PROD_F02,Breathable Running Sneakers,Fashion,1,3299.0,2025-11-11 03:21:36
CUST0429,PROD_F14,Water-Resistant Travel Backpack,Fashion,1,2399.0,2026-06-16 10:21:36
CUST0255,PROD_H03,Memory Foam Orthopedic Pillow,Home & Kitchen,1,1199.0,2025-11-20 00:21:36
CUST0136,PROD_F09,Waterproof HIKING Boots,Fashion,1,4199.0,2026-01-22 03:21:36
CUST0063,PROD_B05,System Design Interview Guide,Books,1,950.0,2026-06-24 18:21:36
CUST0121,PROD_H08,Insulated Vacuum Water Bottle 1L,Home & Kitchen,1,699.0,2026-01-24 03:21:36
CUST0320,PROD_C02,SPF 50 Broad Spectrum Sunscreen,Beauty & Care,1,649.0,2025-12-15 03:21:36
CUST0360,PROD_C01,Hydrating Hyaluronic Acid Serum,Beauty & Care,1,899.0,2026-04-11 10:21:36
CUST0452,PROD_H01,Stainless Steel Electric Kettle 1.8L,Home & Kitchen,1,1399.0,2026-02-09 02:21:36
CUST0319,PROD_S05,Insulated Sports Shaker Bottle,Sports & Fitness,1,499.0,2026-07-06 07:21:36
CUST0470,PROD_F11,Comfortable Canvas Slip-Ons,Fashion,1,1599.0,2026-01-30 16:21:36
CUST0484,PROD_F14,Water-Resistant Travel Backpack,Fashion,1,2399.0,2026-09-19 00:21:36
CUST0114,PROD_B05,System Design Interview Guide,Books,2,950.0,2026-01-05 05:21:36
CUST0099,PROD_F06,Warm Knit Winter Beanie,Fashion,1,499.0,2026-08-22 18:21:36
CUST0158,PROD_B01,Deep Learning Foundations & Applications,Books,1,899.0,2026-05-01 03:21:36
CUST0479,PROD_B07,Python for Data Analysis,Books,1,850.0,2026-08-12 01:21:36
CUST0248,PROD_S02,Adjustable Dumbbell Set 20kg,Sports & Fitness,1,4599.0,2026-01-11 06:21:36
CUST0060,PROD_C04,Sonic Electric Toothbrush,Beauty & Care,1,2299.0,2026-02-22 07:21:36
CUST0328,PROD_F09,Waterproof HIKING Boots,Fashion,1,4199.0,2025-11-05 07:21:36
CUST0076,PROD_S02,Adjustable Dumbbell Set 20kg,Sports & Fitness,1,4599.0,2026-04-13 03:21:36
CUST0377,PROD_H05,Non-Stick Ceramic Cookware Set 5-Piece,Home & Kitchen,1,3999.0,2026-07-20 00:21:36
CUST0348,PROD_B05,System Design Interview Guide,Books,1,950.0,2026-09-02 07:21:36
CUST0039,PROD_F09,Waterproof HIKING Boots,Fashion,1,4199.0,2026-02-27 18:21:36
CUST0245,PROD_C01,Hydrating Hyaluronic Acid Serum,Beauty & Care,1,899.0,2026-02-20 16:21:36
CUST0200,PROD_B04,Designing Data-Intensive Applications,Books,1,1250.0,2026-07-17 23:21:36
CUST0416,PROD_E17,External Hard Drive 2TB,Electronics,1,5299.0,2026-07-28 07:21:36
CUST0293,PROD_C03,Vitamin C Facial Cleanser,Beauty & Care,1,499.0,2025-10-20 18:21:36
CUST0172,PROD_C03,Vitamin C Facial Cleanser,Beauty & Care,1,499.0,2026-02-01 00:21:36
CUST0234,PROD_B01,Deep Learning Foundations & Applications,Books,1,899.0,2026-06-24 13:21:36
CUST0031,PROD_B10,Hands-On Machine Learning with Scikit-Learn,Books,1,1450.0,2026-08-24 19:21:36
CUST0239,PROD_H13,Stainless Steel Cutlery Set 24-Piece,Home & Kitchen,1,1799.0,2026-04-17 14:21:36
CUST0420,PROD_S07,Breathable Weightlifting Gloves,Sports & Fitness,1,599.0,2026-06-12 04:21:36
CUST0257,PROD_B10,Hands-On Machine Learning with Scikit-Learn,Books,1,1450.0,2026-04-22 17:21:36
CUST0171,PROD_C04,Sonic Electric Toothbrush,Beauty & Care,2,2299.0,2026-04-02 08:21:36
CUST0275,PROD_C04,Sonic Electric Toothbrush,Beauty & Care,1,2299.0,2026-02-15 02:21:36
CUST0078,PROD_H07,Smart LED Desk Lamp with Dimmer,Home & Kitchen,1,1699.0,2025-11-20 02:21:36
CUST0250,PROD_C07,Natural Charcoal Detox Mask,Beauty & Care,1,699.0,2026-01-14 23:21:36
CUST0065,PROD_E17,External Hard Drive 2TB,Electronics,1,5299.0,2026-07-31 21:21:36
CUST0454,PROD_C05,Organic Argan Oil Hair Treatment,Beauty & Care,1,750.0,2026-04-24 20:21:36
CUST0344,PROD_S08,Waterproof Cycling Helmet,Sports & Fitness,1,1899.0,2026-01-11 18:21:36
CUST0247,PROD_F13,Designer Silk Scarf,Fashion,1,999.0,2026-06-11 20:21:36
CUST0272,PROD_C08,Rechargeable Facial Cleansing Brush,Beauty & Care,1,1499.0,2026-08-03 04:21:36
CUST0023,PROD_S05,Insulated Sports Shaker Bottle,Sports & Fitness,2,499.0,2026-03-14 15:21:36
CUST0285,PROD_E07,Portable Bluetooth Speaker 20W,Electronics,1,2999.0,2025-12-13 02:21:36
CUST0096,PROD_C08,Rechargeable Facial Cleansing Brush,Beauty & Care,1,1499.0,2026-03-31 03:21:36
CUST0237,PROD_S05,Insulated Sports Shaker Bottle,Sports & Fitness,1,499.0,2026-02-05 02:21:36
CUST0367,PROD_B07,Python for Data Analysis,Books,2,850.0,2025-12-08 02:21:36
CUST0232,PROD_C06,Gentle Exfoliating Face Scrub,Beauty & Care,1,550.0,2026-05-25 06:21:36
CUST0443,PROD_F06,Warm Knit Winter Beanie,Fashion,1,499.0,2026-08-18 10:21:36
CUST0474,PROD_E05,Fast Charging USB-C Power Bank 20000mAh,Electronics,1,1999.0,2026-02-08 16:21:36
CUST0219,PROD_H05,Non-Stick Ceramic Cookware Set 5-Piece,Home & Kitchen,2,3999.0,2026-02-23 08:21:36
CUST0496,PROD_B03,The Psychology of Money,Books,1,450.0,2026-01-14 08:21:36
CUST0201,PROD_E07,Portable Bluetooth Speaker 20W,Electronics,1,2999.0,2026-05-10 08:21:36
CUST0028,PROD_B10,Hands-On Machine Learning with Scikit-Learn,Books,2,1450.0,2025-12-21 12:21:36
CUST0387,PROD_S02,Adjustable Dumbbell Set 20kg,Sports & Fitness,1,4599.0,2025-11-08 20:21:36
CUST0289,PROD_S02,Adjustable Dumbbell Set 20kg,Sports & Fitness,1,4599.0,2026-07-30 23:21:36
CUST0377,PROD_H13,Stainless Steel Cutlery Set 24-Piece,Home & Kitchen,1,1799.0,2026-08-09 17:21:36
CUST0030,PROD_B04,Designing Data-Intensive Applications,Books,1,1250.0,2026-04-24 01:21:36
CUST0272,PROD_C07,Natural Charcoal Detox Mask,Beauty & Care,1,699.0,2025-12-13 00:21:36
CUST0371,PROD_E17,External Hard Drive 2TB,Electronics,1,5299.0,2026-09-02 19:21:36
CUST0394,PROD_S08,Waterproof Cycling Helmet,Sports & Fitness,1,1899.0,2025-10-21 18:21:36
CUST0116,PROD_H11,Digital Kitchen Weighing Scale,Home & Kitchen,1,599.0,2026-03-16 02:21:36
CUST0141,PROD_H12,Microfiber Bed Sheet Set Queen,Home & Kitchen,1,1499.0,2025-11-24 13:21:36
CUST0156,PROD_S01,Non-Slip Eco Yoga Mat 6mm,Sports & Fitness,1,1299.0,2025-10-21 15:21:36
CUST0438,PROD_F06,Warm Knit Winter Beanie,Fashion,1,499.0,2026-09-16 16:21:36
CUST0376,PROD_E17,External Hard Drive 2TB,Electronics,1,5299.0,2025-10-07 15:21:36
CUST0119,PROD_E04,4K Ultra HD Smart Monitor 27-inch,Electronics,1,18999.0,2025-12-18 21:21:36
CUST0187,PROD_S03,Resistance Loop Exercise Bands Set,Sports & Fitness,1,699.0,2026-07-05 10:21:36
CUST0052,PROD_H05,Non-Stick Ceramic Cookware Set 5-Piece,Home & Kitchen,1,3999.0,2026-08-11 07:21:36
CUST0016,PROD_B05,System Design Interview Guide,Books,1,950.0,2026-05-28 13:21:36
CUST0320,PROD_F06,Warm Knit Winter Beanie,Fashion,1,499.0,2026-04-04 23:21:36
CUST0145,PROD_B07,Python for Data Analysis,Books,1,850.0,2026-05-01 21:21:36
CUST0168,PROD_C08,Rechargeable Facial Cleansing Brush,Beauty & Care,1,1499.0,2025-10-15 12:21:36
CUST0227,PROD_H02,Digital Air Fryer 4.5L,Home & Kitchen,1,5999.0,2026-03-12 13:21:36
CUST0055,PROD_H08,Insulated Vacuum Water Bottle 1L,Home & Kitchen,1,699.0,2026-07-14 01:21:36
CUST0417,PROD_E10,High-Speed Wi-Fi 6 Router,Electronics,1,3899.0,2026-02-01 19:21:36
CUST0120,PROD_C05,Organic Argan Oil Hair Treatment,Beauty & Care,1,750.0,2026-02-25 18:21:36
CUST0282,PROD_H11,Digital Kitchen Weighing Scale,Home & Kitchen,1,599.0,2026-01-12 14:21:36
CUST0127,PROD_F14,Water-Resistant Travel Backpack,Fashion,1,2399.0,2026-09-22 13:21:36
CUST0414,PROD_H10,Bamboo Cutting Board Set,Home & Kitchen,1,899.0,2026-01-06 18:21:36
CUST0358,PROD_F12,Hooded Fleece Sweatshirt,Fashion,1,1899.0,2026-01-12 19:21:36
CUST0043,PROD_E07,Portable Bluetooth Speaker 20W,Electronics,1,2999.0,2026-04-19 00:21:36
CUST0158,PROD_B04,Designing Data-Intensive Applications,Books,2,1250.0,2025-12-15 01:21:36
CUST0114,PROD_S02,Adjustable Dumbbell Set 20kg,Sports & Fitness,1,4599.0,2026-01-10 15:21:36
CUST0401,PROD_C05,Organic Argan Oil Hair Treatment,Beauty & Care,1,750.0,2026-10-04 18:21:36
CUST0246,PROD_S05,Insulated Sports Shaker Bottle,Sports & Fitness,1,499.0,2025-12-21 22:21:36
CUST0277,PROD_E10,High-Speed Wi-Fi 6 Router,Electronics,1,3899.0,2025-12-19 16:21:36
CUST0157,PROD_B02,Atomic Habits by James Clear,Books,2,599.0,2026-04-18 12:21:36
CUST0054,PROD_B06,Clean Code: Handbook of Software Craftsmanship,Books,1,1100.0,2025-10-09 13:21:36
CUST0311,PROD_B01,Deep Learning Foundations & Applications,Books,2,899.0,2026-02-26 16:21:36
CUST0020,PROD_E10,High-Speed Wi-Fi 6 Router,Electronics,1,3899.0,2026-04-09 01:21:36
CUST0205,PROD_E04,4K Ultra HD Smart Monitor 27-inch,Electronics,1,18999.0,2026-08-20 15:21:36
CUST0390,PROD_S02,Adjustable Dumbbell Set 20kg,Sports & Fitness,1,4599.0,2025-12-22 12:21:36
CUST0380,PROD_B08,"Thinking, Fast and Slow",Books,1,520.0,2026-03-22 23:21:36
CUST0453,PROD_B03,The Psychology of Money,Books,1,450.0,2026-02-04 15:21:36
CUST0340,PROD_B04,Designing Data-Intensive Applications,Books,1,1250.0,2025-12-07 20:21:36
CUST0474,PROD_E05,Fast Charging USB-C Power Bank 20000mAh,Electronics,1,1999.0,2026-03-07 09:21:36
CUST0190,PROD_F05,Genuine Leather Crossbody Bag,Fashion,1,2799.0,2026-03-12 05:21:36
CUST0452,PROD_H12,Microfiber Bed Sheet Set Queen,Home & Kitchen,1,1499.0,2026-05-22 18:21:36
CUST0263,PROD_E01,Wireless Noise-Canceling Headphones,Electronics,1,2499.0,2025-11-02 05:21:36
CUST0097,PROD_C06,Gentle Exfoliating Face Scrub,Beauty & Care,3,550.0,2026-01-14 21:21:36
CUST0458,PROD_H06,Robot Vacuum Cleaner with Mop,Home & Kitchen,1,15999.0,2026-07-10 07:21:36
CUST0016,PROD_C04,Sonic Electric Toothbrush,Beauty & Care,1,2299.0,2025-12-31 08:21:36
CUST0416,PROD_B03,The Psychology of Money,Books,1,450.0,2025-11-07 13:21:36
CUST0275,PROD_F08,Athletic Workout Leggings,Fashion,1,1199.0,2026-02-01 19:21:36
CUST0024,PROD_H11,Digital Kitchen Weighing Scale,Home & Kitchen,1,599.0,2026-03-15 03:21:36
CUST0238,PROD_C05,Organic Argan Oil Hair Treatment,Beauty & Care,1,750.0,2026-01-11 12:21:36
CUST0466,PROD_H08,Insulated Vacuum Water Bottle 1L,Home & Kitchen,1,699.0,2025-11-15 22:21:36
CUST0288,PROD_B05,System Design Interview Guide,Books,1,950.0,2026-02-20 21:21:36
CUST0219,PROD_B05,System Design Interview Guide,Books,1,950.0,2026-06-26 11:21:36
CUST0408,PROD_F09,Waterproof HIKING Boots,Fashion,1,4199.0,2026-06-20 17:21:36
CUST0139,PROD_E03,Ergonomic Wireless Mouse,Electronics,1,1299.0,2026-07-23 15:21:36
CUST0217,PROD_E01,Wireless Noise-Canceling Headphones,Electronics,1,2499.0,2025-11-28 22:21:36
CUST0243,PROD_E14,Smart Plug with Voice Control,Electronics,1,799.0,2026-06-26 12:21:36
CUST0068,PROD_C03,Vitamin C Facial Cleanser,Beauty & Care,1,499.0,2025-10-06 19:21:36
CUST0442,PROD_C03,Vitamin C Facial Cleanser,Beauty & Care,1,499.0,2026-04-20 15:21:36
CUST0092,PROD_S02,Adjustable Dumbbell Set 20kg,Sports & Fitness,1,4599.0,2025-11-07 04:21:36
CUST0073,PROD_H01,Stainless Steel Electric Kettle 1.8L,Home & Kitchen,1,1399.0,2026-07-16 17:21:36
CUST0309,PROD_H07,Smart LED Desk Lamp with Dimmer,Home & Kitchen,1,1699.0,2026-09-28 22:21:36
CUST0034,PROD_C08,Rechargeable Facial Cleansing Brush,Beauty & Care,1,1499.0,2025-11-15 02:21:36
CUST0472,PROD_S06,Speed Jump Rope with Ball Bearings,Sports & Fitness,1,399.0,2026-08-25 10:21:36
CUST0228,PROD_S02,Adjustable Dumbbell Set 20kg,Sports & Fitness,1,4599.0,2025-10-23 18:21:36
CUST0407,PROD_E15,Wireless Phone Charging Pad,Electronics,2,999.0,2026-02-15 01:21:36
CUST0256,PROD_B07,Python for Data Analysis,Books,1,850.0,2025-11-09 17:21:36
CUST0141,PROD_H13,Stainless Steel Cutlery Set 24-Piece,Home & Kitchen,1,1799.0,2026-03-10 17:21:36
CUST0420,PROD_S03,Resistance Loop Exercise Bands Set,Sports & Fitness,1,699.0,2026-05-01 21:21:36
CUST0364,PROD_E05,Fast Charging USB-C Power Bank 20000mAh,Electronics,1,1999.0,2026-06-27 15:21:36
CUST0333,PROD_S03,Resistance Loop Exercise Bands Set,Sports & Fitness,1,699.0,2026-06-18 11:21:36
CUST0180,PROD_E03,Ergonomic Wireless Mouse,Electronics,1,1299.0,2026-03-15 02:21:36
CUST0160,PROD_C08,Rechargeable Facial Cleansing Brush,Beauty & Care,1,1499.0,2026-05-19 02:21:36
CUST0243,PROD_E17,External Hard Drive 2TB,Electronics,1,5299.0,2026-05-17 05:21:36
CUST0014,PROD_B08,"Thinking, Fast and Slow",Books,3,520.0,2026-09-04 10:21:36
CUST0091,PROD_F06,Warm Knit Winter Beanie,Fashion,1,499.0,2026-02-27 23:21:36
CUST0070,PROD_F10,Formal Leather Belt Black,Fashion,2,799.0,2026-09-16 13:21:36
CUST0460,PROD_F14,Water-Resistant Travel Backpack,Fashion,1,2399.0,2026-05-18 17:21:36
CUST0221,PROD_B05,System Design Interview Guide,Books,1,950.0,2025-12-21 10:21:36
CUST0450,PROD_F03,Slim Fit Casual Button-Up Shirt,Fashion,1,1499.0,2026-04-28 13:21:36
CUST0324,PROD_H06,Robot Vacuum Cleaner with Mop,Home & Kitchen,1,15999.0,2026-03-17 22:21:36
CUST0056,PROD_C04,Sonic Electric Toothbrush,Beauty & Care,2,2299.0,2026-04-09 10:21:36
CUST0315,PROD_E15,Wireless Phone Charging Pad,Electronics,1,999.0,2026-05-17 18:21:36
CUST0025,PROD_F03,Slim Fit Casual Button-Up Shirt,Fashion,1,1499.0,2026-05-26 11:21:36
CUST0066,PROD_C07,Natural Charcoal Detox Mask,Beauty & Care,1,699.0,2026-01-15 19:21:36
CUST0447,PROD_H05,Non-Stick Ceramic Cookware Set 5-Piece,Home & Kitchen,1,3999.0,2026-06-29 16:21:36
CUST0111,PROD_B09,Zero to One by Peter Thiel,Books,1,480.0,2026-05-09 07:21:36
CUST0036,PROD_F08,Athletic Workout Leggings,Fashion,1,1199.0,2025-12-12 12:21:36
CUST0359,PROD_B04,Designing Data-Intensive Applications,Books,1,1250.0,2025-12-17 17:21:36
CUST0341,PROD_E12,Aluminum Laptop Cooling Pad,Electronics,2,1499.0,2026-06-03 15:21:36
CUST0142,PROD_H08,Insulated Vacuum Water Bottle 1L,Home & Kitchen,1,699.0,2026-05-15 22:21:36
CUST0266,PROD_E12,Aluminum Laptop Cooling Pad,Electronics,2,1499.0,2026-09-05 03:21:36
CUST0071,PROD_F12,Hooded Fleece Sweatshirt,Fashion,1,1899.0,2025-12-22 16:21:36
CUST0016,PROD_S02,Adjustable Dumbbell Set 20kg,Sports & Fitness,1,4599.0,2026-09-22 17:21:36
CUST0053,PROD_H08,Insulated Vacuum Water Bottle 1L,Home & Kitchen,1,699.0,2026-02-03 21:21:36
CUST0042,PROD_C03,Vitamin C Facial Cleanser,Beauty & Care,3,499.0,2025-11-27 07:21:36
CUST0435,PROD_C03,Vitamin C Facial Cleanser,Beauty & Care,2,499.0,2025-10-20 08:21:36
CUST0167,PROD_F04,Polarized UV Protection Sunglasses,Fashion,1,1299.0,2026-06-02 11:21:36
CUST0107,PROD_B03,The Psychology of Money,Books,1,450.0,2026-05-08 07:21:36
CUST0225,PROD_B02,Atomic Habits by James Clear,Books,1,599.0,2026-02-25 12:21:36
CUST0393,PROD_F04,Polarized UV Protection Sunglasses,Fashion,1,1299.0,2025-12-06 14:21:36
CUST0084,PROD_S05,Insulated Sports Shaker Bottle,Sports & Fitness,1,499.0,2026-03-07 08:21:36
CUST0342,PROD_C03,Vitamin C Facial Cleanser,Beauty & Care,1,499.0,2025-10-24 21:21:36
CUST0214,PROD_E02,Mechanical Gaming Keyboard,Electronics,1,3499.0,2026-04-21 11:21:36
CUST0156,PROD_S04,High-Density Foam Muscle Roller,Sports & Fitness,1,899.0,2025-10-15 15:21:36
CUST0058,PROD_C05,Organic Argan Oil Hair Treatment,Beauty & Care,2,750.0,2026-07-21 08:21:36
CUST0445,PROD_H09,Aromatherapy Essential Oil Diffuser,Home & Kitchen,1,1299.0,2026-06-11 03:21:36
CUST0440,PROD_F06,Warm Knit Winter Beanie,Fashion,1,499.0,2025-12-09 13:21:36
CUST0202,PROD_C04,Sonic Electric Toothbrush,Beauty & Care,1,2299.0,2026-04-03 08:21:36
CUST0325,PROD_B09,Zero to One by Peter Thiel,Books,1,480.0,2026-09-26 03:21:36
CUST0449,PROD_F03,Slim Fit Casual Button-Up Shirt,Fashion,1,1499.0,2026-06-01 20:21:36
CUST0186,PROD_E10,High-Speed Wi-Fi 6 Router,Electronics,3,3899.0,2026-02-25 21:21:36
CUST0111,PROD_B10,Hands-On Machine Learning with Scikit-Learn,Books,1,1450.0,2026-01-25 22:21:36
CUST0435,PROD_C06,Gentle Exfoliating Face Scrub,Beauty & Care,1,550.0,2026-07-13 01:21:36
CUST0113,PROD_E10,High-Speed Wi-Fi 6 Router,Electronics,1,3899.0,2025-10-23 11:21:36
CUST0134,PROD_B06,Clean Code: Handbook of Software Craftsmanship,Books,1,1100.0,2026-03-23 12:21:36
CUST0191,PROD_B01,Deep Learning Foundations & Applications,Books,1,899.0,2026-09-13 03:21:36
CUST0006,PROD_H06,Robot Vacuum Cleaner with Mop,Home & Kitchen,1,15999.0,2026-05-09 09:21:36
CUST0349,PROD_B08,"Thinking, Fast and Slow",Books,1,520.0,2026-03-17 17:21:36
CUST0452,PROD_E14,Smart Plug with Voice Control,Electronics,3,799.0,2026-01-16 01:21:36
CUST0200,PROD_B05,System Design Interview Guide,Books,1,950.0,2026-07-30 00:21:36
CUST0141,PROD_H08,Insulated Vacuum Water Bottle 1L,Home & Kitchen,1,699.0,2026-08-27 00:21:36
CUST0097,PROD_C07,Natural Charcoal Detox Mask,Beauty & Care,1,699.0,2026-09-05 17:21:36
CUST0292,PROD_E01,Wireless Noise-Canceling Headphones,Electronics,1,2499.0,2026-07-02 11:21:36
CUST0034,PROD_F06,Warm Knit Winter Beanie,Fashion,1,499.0,2026-01-16 21:21:36
CUST0466,PROD_F08,Athletic Workout Leggings,Fashion,1,1199.0,2026-04-07 19:21:36
CUST0138,PROD_F02,Breathable Running Sneakers,Fashion,1,3299.0,2025-12-19 03:21:36
CUST0417,PROD_E16,Internal SSD 1TB NVMe,Electronics,1,6499.0,2026-08-06 06:21:36
CUST0150,PROD_F05,Genuine Leather Crossbody Bag,Fashion,1,2799.0,2026-04-07 15:21:36
CUST0296,PROD_S05,Insulated Sports Shaker Bottle,Sports & Fitness,1,499.0,2025-12-18 03:21:36
CUST0173,PROD_F11,Comfortable Canvas Slip-Ons,Fashion,1,1599.0,2026-07-20 20:21:36
CUST0075,PROD_B05,System Design Interview Guide,Books,1,950.0,2026-04-09 01:21:36
CUST0143,PROD_C08,Rechargeable Facial Cleansing Brush,Beauty & Care,1,1499.0,2026-06-08 01:21:36
CUST0135,PROD_E15,Wireless Phone Charging Pad,Electronics,1,999.0,2025-10-13 18:21:36
CUST0339,PROD_S07,Breathable Weightlifting Gloves,Sports & Fitness,1,599.0,2025-11-16 12:21:36
CUST0112,PROD_E17,External Hard Drive 2TB,Electronics,1,5299.0,2026-07-27 14:21:36
CUST0396,PROD_H12,Microfiber Bed Sheet Set Queen,Home & Kitchen,1,1499.0,2026-02-13 22:21:36
CUST0498,PROD_H01,Stainless Steel Electric Kettle 1.8L,Home & Kitchen,1,1399.0,2026-05-23 17:21:36
CUST0333,PROD_H12,Microfiber Bed Sheet Set Queen,Home & Kitchen,1,1499.0,2026-02-26 13:21:36
CUST0440,PROD_H13,Stainless Steel Cutlery Set 24-Piece,Home & Kitchen,1,1799.0,2026-05-31 06:21:36
CUST0166,PROD_S08,Waterproof Cycling Helmet,Sports & Fitness,1,1899.0,2026-09-24 16:21:36
CUST0443,PROD_F10,Formal Leather Belt Black,Fashion,1,799.0,2026-03-09 18:21:36
CUST0266,PROD_E01,Wireless Noise-Canceling Headphones,Electronics,1,2499.0,2026-07-06 03:21:36
CUST0328,PROD_F10,Formal Leather Belt Black,Fashion,2,799.0,2026-07-08 02:21:36
CUST0193,PROD_F12,Hooded Fleece Sweatshirt,Fashion,1,1899.0,2026-08-04 07:21:36
CUST0144,PROD_H04,Automatic Espresso Coffee Maker,Home & Kitchen,1,12499.0,2026-07-04 17:21:36
CUST0165,PROD_E10,High-Speed Wi-Fi 6 Router,Electronics,1,3899.0,2025-11-18 04:21:36
CUST0438,PROD_S03,Resistance Loop Exercise Bands Set,Sports & Fitness,1,699.0,2026-09-18 07:21:36
CUST0425,PROD_E08,Multi-Port USB Hub Type-C,Electronics,1,899.0,2026-06-11 17:21:36
CUST0057,PROD_H08,Insulated Vacuum Water Bottle 1L,Home & Kitchen,1,699.0,2026-02-19 18:21:36
CUST0242,PROD_B03,The Psychology of Money,Books,1,450.0,2026-07-01 03:21:36
CUST0479,PROD_B07,Python for Data Analysis,Books,1,850.0,2026-06-01 07:21:36
CUST0309,PROD_H01,Stainless Steel Electric Kettle 1.8L,Home & Kitchen,1,1399.0,2025-12-11 08:21:36
CUST0094,PROD_C06,Gentle Exfoliating Face Scrub,Beauty & Care,1,550.0,2025-11-23 17:21:36
CUST0062,PROD_C08,Rechargeable Facial Cleansing Brush,Beauty & Care,1,1499.0,2025-11-29 09:21:36
CUST0265,PROD_C01,Hydrating Hyaluronic Acid Serum,Beauty & Care,1,899.0,2025-10-13 04:21:36
CUST0217,PROD_F08,Athletic Workout Leggings,Fashion,3,1199.0,2026-05-26 02:21:36
CUST0323,PROD_E14,Smart Plug with Voice Control,Electronics,1,799.0,2026-05-21 15:21:36
CUST0412,PROD_C07,Natural Charcoal Detox Mask,Beauty & Care,1,699.0,2025-12-30 00:21:36
CUST0047,PROD_C03,Vitamin C Facial Cleanser,Beauty & Care,1,499.0,2026-04-25 20:21:36
CUST0448,PROD_F08,Athletic Workout Leggings,Fashion,1,1199.0,2026-02-02 16:21:36
CUST0202,PROD_C05,Organic Argan Oil Hair Treatment,Beauty & Care,1,750.0,2026-05-05 17:21:36
CUST0291,PROD_F09,Waterproof HIKING Boots,Fashion,1,4199.0,2026-06-17 20:21:36
CUST0464,PROD_B03,The Psychology of Money,Books,1,450.0,2026-04-24 19:21:36
CUST0444,PROD_S05,Insulated Sports Shaker Bottle,Sports & Fitness,1,499.0,2026-04-06 01:21:36
CUST0044,PROD_B06,Clean Code: Handbook of Software Craftsmanship,Books,1,1100.0,2026-06-25 08:21:36
CUST0441,PROD_S06,Speed Jump Rope with Ball Bearings,Sports & Fitness,1,399.0,2026-04-18 17:21:36
CUST0347,PROD_B10,Hands-On Machine Learning with Scikit-Learn,Books,1,1450.0,2025-11-10 21:21:36
CUST0483,PROD_S08,Waterproof Cycling Helmet,Sports & Fitness,1,1899.0,2025-12-27 03:21:36
CUST0412,PROD_B10,Hands-On Machine Learning with Scikit-Learn,Books,2,1450.0,2026-03-14 23:21:36
CUST0234,PROD_B06,Clean Code: Handbook of Software Craftsmanship,Books,3,1100.0,2026-01-10 15:21:36
CUST0354,PROD_F01,Classic Cotton Denim Jacket,Fashion,1,2199.0,2025-11-17 20:21:36
CUST0227,PROD_H13,Stainless Steel Cutlery Set 24-Piece,Home & Kitchen,1,1799.0,2025-10-24 10:21:36
CUST0235,PROD_E01,Wireless Noise-Canceling Headphones,Electronics,1,2499.0,2025-10-31 20:21:36
CUST0250,PROD_C02,SPF 50 Broad Spectrum Sunscreen,Beauty & Care,1,649.0,2026-02-23 10:21:36
CUST0256,PROD_B08,"Thinking, Fast and Slow",Books,1,520.0,2026-01-08 07:21:36
CUST0473,PROD_S04,High-Density Foam Muscle Roller,Sports & Fitness,1,899.0,2025-12-01 12:21:36
CUST0102,PROD_E06,Smart Fitness Watch Series 5,Electronics,3,4999.0,2026-09-16 23:21:36
CUST0455,PROD_H11,Digital Kitchen Weighing Scale,Home & Kitchen,1,599.0,2026-07-24 04:21:36
CUST0434,PROD_S03,Resistance Loop Exercise Bands Set,Sports & Fitness,1,699.0,2026-03-02 07:21:36
CUST0203,PROD_E06,Smart Fitness Watch Series 5,Electronics,1,4999.0,2026-08-16 22:21:36
CUST0185,PROD_E05,Fast Charging USB-C Power Bank 20000mAh,Electronics,1,1999.0,2026-09-20 22:21:36
CUST0428,PROD_F10,Formal Leather Belt Black,Fashion,1,799.0,2026-07-16 10:21:36
CUST0388,PROD_F08,Athletic Workout Leggings,Fashion,1,1199.0,2025-11-21 13:21:36
CUST0039,PROD_C06,Gentle Exfoliating Face Scrub,Beauty & Care,1,550.0,2026-07-12 21:21:36
CUST0321,PROD_B08,"Thinking, Fast and Slow",Books,1,520.0,2025-11-17 12:21:36
CUST0238,PROD_C05,Organic Argan Oil Hair Treatment,Beauty & Care,2,750.0,2026-10-03 19:21:36
CUST0350,PROD_E01,Wireless Noise-Canceling Headphones,Electronics,1,2499.0,2025-11-30 12:21:36
CUST0409,PROD_C06,Gentle Exfoliating Face Scrub,Beauty & Care,1,550.0,2025-12-10 11:21:36
CUST0010,PROD_S02,Adjustable Dumbbell Set 20kg,Sports & Fitness,1,4599.0,2025-11-28 11:21:36
CUST0393,PROD_C06,Gentle Exfoliating Face Scrub,Beauty & Care,1,550.0,2026-03-07 08:21:36
CUST0322,PROD_E02,Mechanical Gaming Keyboard,Electronics,1,3499.0,2026-02-16 00:21:36
CUST0160,PROD_C05,Organic Argan Oil Hair Treatment,Beauty & Care,2,750.0,2026-06-10 03:21:36
CUST0184,PROD_F05,Genuine Leather Crossbody Bag,Fashion,1,2799.0,2025-12-20 18:21:36
CUST0070,PROD_F11,Comfortable Canvas Slip-Ons,Fashion,1,1599.0,2026-07-06 16:21:36
CUST0055,PROD_H05,Non-Stick Ceramic Cookware Set 5-Piece,Home & Kitchen,1,3999.0,2026-02-01 19:21:36
CUST0058,PROD_C06,Gentle Exfoliating Face Scrub,Beauty & Care,2,550.0,2026-03-05 19:21:36
CUST0262,PROD_H03,Memory Foam Orthopedic Pillow,Home & Kitchen,1,1199.0,2026-04-20 14:21:36
CUST0073,PROD_H12,Microfiber Bed Sheet Set Queen,Home & Kitchen,1,1499.0,2026-02-02 18:21:36
CUST0136,PROD_S01,Non-Slip Eco Yoga Mat 6mm,Sports & Fitness,1,1299.0,2026-05-01 04:21:36
CUST0162,PROD_B08,"Thinking, Fast and Slow",Books,1,520.0,2026-01-20 03:21:36
CUST0071,PROD_F01,Classic Cotton Denim Jacket,Fashion,1,2199.0,2026-08-03 02:21:36
CUST0420,PROD_C03,Vitamin C Facial Cleanser,Beauty & Care,2,499.0,2026-09-17 04:21:36
CUST0185,PROD_E05,Fast Charging USB-C Power Bank 20000mAh,Electronics,1,1999.0,2025-11-23 20:21:36
CUST0429,PROD_F14,Water-Resistant Travel Backpack,Fashion,1,2399.0,2026-09-26 09:21:36
CUST0104,PROD_B05,System Design Interview Guide,Books,1,950.0,2025-10-14 14:21:36
CUST0227,PROD_H08,Insulated Vacuum Water Bottle 1L,Home & Kitchen,1,699.0,2026-02-25 22:21:36
CUST0331,PROD_F03,Slim Fit Casual Button-Up Shirt,Fashion,2,1499.0,2026-01-17 21:21:36
CUST0420,PROD_F08,Athletic Workout Leggings,Fashion,1,1199.0,2025-12-24 17:21:36
CUST0310,PROD_F10,Formal Leather Belt Black,Fashion,1,799.0,2026-08-05 14:21:36
CUST0214,PROD_H12,Microfiber Bed Sheet Set Queen,Home & Kitchen,1,1499.0,2026-02-14 23:21:36
CUST0128,PROD_B07,Python for Data Analysis,Books,1,850.0,2026-09-15 19:21:36
CUST0249,PROD_S08,Waterproof Cycling Helmet,Sports & Fitness,1,1899.0,2026-02-03 22:21:36
CUST0432,PROD_S06,Speed Jump Rope with Ball Bearings,Sports & Fitness,3,399.0,2025-11-24 10:21:36
CUST0240,PROD_F07,Stainless Steel Quartz Wristwatch,Fashion,1,4499.0,2026-09-05 03:21:36
CUST0327,PROD_H01,Stainless Steel Electric Kettle 1.8L,Home & Kitchen,1,1399.0,2025-12-31 02:21:36
CUST0258,PROD_C04,Sonic Electric Toothbrush,Beauty & Care,2,2299.0,2026-01-08 21:21:36
CUST0392,PROD_B03,The Psychology of Money,Books,1,450.0,2026-03-02 11:21:36
CUST0330,PROD_F05,Genuine Leather Crossbody Bag,Fashion,1,2799.0,2025-11-05 17:21:36
CUST0268,PROD_F05,Genuine Leather Crossbody Bag,Fashion,1,2799.0,2026-01-01 06:21:36
CUST0274,PROD_E16,Internal SSD 1TB NVMe,Electronics,1,6499.0,2026-05-07 12:21:36
CUST0054,PROD_E10,High-Speed Wi-Fi 6 Router,Electronics,1,3899.0,2026-09-03 20:21:36
CUST0344,PROD_B05,System Design Interview Guide,Books,1,950.0,2026-02-04 22:21:36
CUST0054,PROD_E05,Fast Charging USB-C Power Bank 20000mAh,Electronics,1,1999.0,2026-10-04 22:21:36
CUST0237,PROD_B04,Designing Data-Intensive Applications,Books,1,1250.0,2025-11-10 21:21:36
CUST0111,PROD_B01,Deep Learning Foundations & Applications,Books,1,899.0,2026-08-04 13:21:36
CUST0404,PROD_C05,Organic Argan Oil Hair Treatment,Beauty & Care,1,750.0,2026-02-07 17:21:36
CUST0233,PROD_B10,Hands-On Machine Learning with Scikit-Learn,Books,1,1450.0,2026-04-09 07:21:36
CUST0078,PROD_H02,Digital Air Fryer 4.5L,Home & Kitchen,1,5999.0,2026-07-18 22:21:36
CUST0482,PROD_B05,System Design Interview Guide,Books,1,950.0,2026-08-01 13:21:36
CUST0297,PROD_F10,Formal Leather Belt Black,Fashion,1,799.0,2025-11-14 10:21:36
CUST0113,PROD_B06,Clean Code: Handbook of Software Craftsmanship,Books,2,1100.0,2026-01-27 01:21:36
CUST0261,PROD_H01,Stainless Steel Electric Kettle 1.8L,Home & Kitchen,1,1399.0,2026-02-08 08:21:36
CUST0140,PROD_E12,Aluminum Laptop Cooling Pad,Electronics,2,1499.0,2026-02-26 14:21:36
CUST0282,PROD_S05,Insulated Sports Shaker Bottle,Sports & Fitness,1,499.0,2026-05-02 13:21:36
CUST0401,PROD_C01,Hydrating Hyaluronic Acid Serum,Beauty & Care,1,899.0,2026-03-11 08:21:36
CUST0017,PROD_F02,Breathable Running Sneakers,Fashion,1,3299.0,2026-05-30 19:21:36
CUST0285,PROD_E14,Smart Plug with Voice Control,Electronics,1,799.0,2026-05-31 23:21:36
CUST0133,PROD_F08,Athletic Workout Leggings,Fashion,1,1199.0,2026-01-08 18:21:36
CUST0256,PROD_B10,Hands-On Machine Learning with Scikit-Learn,Books,1,1450.0,2026-03-18 02:21:36
CUST0146,PROD_E17,External Hard Drive 2TB,Electronics,1,5299.0,2026-08-27 19:21:36
CUST0476,PROD_S04,High-Density Foam Muscle Roller,Sports & Fitness,1,899.0,2026-03-18 00:21:36
CUST0156,PROD_S05,Insulated Sports Shaker Bottle,Sports & Fitness,1,499.0,2025-12-04 22:21:36
CUST0321,PROD_B05,System Design Interview Guide,Books,2,950.0,2026-09-26 18:21:36
CUST0358,PROD_F13,Designer Silk Scarf,Fashion,1,999.0,2026-01-09 04:21:36
CUST0291,PROD_F11,Comfortable Canvas Slip-Ons,Fashion,1,1599.0,2026-02-05 06:21:36
CUST0004,PROD_E05,Fast Charging USB-C Power Bank 20000mAh,Electronics,1,1999.0,2025-12-09 12:21:36
CUST0105,PROD_E09,HD Web Camera with Microphone,Electronics,1,2199.0,2025-11-02 10:21:36
CUST0483,PROD_S05,Insulated Sports Shaker Bottle,Sports & Fitness,1,499.0,2025-11-28 12:21:36
CUST0038,PROD_B06,Clean Code: Handbook of Software Craftsmanship,Books,1,1100.0,2026-04-28 08:21:36
CUST0245,PROD_E17,External Hard Drive 2TB,Electronics,1,5299.0,2026-02-02 21:21:36
CUST0210,PROD_H08,Insulated Vacuum Water Bottle 1L,Home & Kitchen,1,699.0,2026-01-27 07:21:36
CUST0431,PROD_C02,SPF 50 Broad Spectrum Sunscreen,Beauty & Care,1,649.0,2026-09-27 06:21:36
CUST0215,PROD_E02,Mechanical Gaming Keyboard,Electronics,1,3499.0,2026-08-16 16:21:36
CUST0098,PROD_S02,Adjustable Dumbbell Set 20kg,Sports & Fitness,2,4599.0,2026-01-21 17:21:36
CUST0042,PROD_H13,Stainless Steel Cutlery Set 24-Piece,Home & Kitchen,1,1799.0,2025-10-11 16:21:36
CUST0032,PROD_H04,Automatic Espresso Coffee Maker,Home & Kitchen,1,12499.0,2026-03-31 07:21:36
CUST0416,PROD_B07,Python for Data Analysis,Books,1,850.0,2026-06-24 08:21:36
CUST0400,PROD_S07,Breathable Weightlifting Gloves,Sports & Fitness,1,599.0,2026-01-07 04:21:36
CUST0426,PROD_C03,Vitamin C Facial Cleanser,Beauty & Care,1,499.0,2026-06-10 23:21:36
CUST0327,PROD_E02,Mechanical Gaming Keyboard,Electronics,1,3499.0,2025-11-04 20:21:36
CUST0206,PROD_H05,Non-Stick Ceramic Cookware Set 5-Piece,Home & Kitchen,1,3999.0,2026-08-04 05:21:36
CUST0278,PROD_H01,Stainless Steel Electric Kettle 1.8L,Home & Kitchen,1,1399.0,2026-01-02 17:21:36
CUST0189,PROD_B01,Deep Learning Foundations & Applications,Books,1,899.0,2025-12-05 03:21:36
CUST0337,PROD_B06,Clean Code: Handbook of Software Craftsmanship,Books,1,1100.0,2025-11-06 02:21:36
CUST0312,PROD_S03,Resistance Loop Exercise Bands Set,Sports & Fitness,1,699.0,2026-06-09 00:21:36
CUST0235,PROD_E05,Fast Charging USB-C Power Bank 20000mAh,Electronics,1,1999.0,2026-07-22 09:21:36
CUST0240,PROD_H11,Digital Kitchen Weighing Scale,Home & Kitchen,1,599.0,2026-08-05 20:21:36
CUST0208,PROD_H06,Robot Vacuum Cleaner with Mop,Home & Kitchen,1,15999.0,2026-05-23 20:21:36
CUST0307,PROD_E08,Multi-Port USB Hub Type-C,Electronics,1,899.0,2026-01-02 01:21:36
CUST0136,PROD_S03,Resistance Loop Exercise Bands Set,Sports & Fitness,1,699.0,2026-03-02 17:21:36
CUST0292,PROD_C03,Vitamin C Facial Cleanser,Beauty & Care,1,499.0,2026-05-02 19:21:36
CUST0360,PROD_C01,Hydrating Hyaluronic Acid Serum,Beauty & Care,1,899.0,2025-10-30 04:21:36
CUST0050,PROD_C01,Hydrating Hyaluronic Acid Serum,Beauty & Care,1,899.0,2026-04-23 04:21:36
CUST0026,PROD_S05,Insulated Sports Shaker Bottle,Sports & Fitness,1,499.0,2026-02-11 21:21:36
CUST0354,PROD_F07,Stainless Steel Quartz Wristwatch,Fashion,1,4499.0,2026-04-30 13:21:36
CUST0204,PROD_S02,Adjustable Dumbbell Set 20kg,Sports & Fitness,1,4599.0,2026-04-10 18:21:36
CUST0294,PROD_B05,System Design Interview Guide,Books,1,950.0,2025-10-15 08:21:36
CUST0133,PROD_C01,Hydrating Hyaluronic Acid Serum,Beauty & Care,1,899.0,2026-07-17 12:21:36
CUST0221,PROD_B05,System Design Interview Guide,Books,2,950.0,2025-11-21 18:21:36
CUST0246,PROD_B03,The Psychology of Money,Books,1,450.0,2026-07-15 14:21:36
CUST0387,PROD_B05,System Design Interview Guide,Books,1,950.0,2026-02-01 11:21:36
CUST0449,PROD_F09,Waterproof HIKING Boots,Fashion,1,4199.0,2026-07-20 04:21:36
CUST0475,PROD_B08,"Thinking, Fast and Slow",Books,1,520.0,2026-07-24 10:21:36
CUST0312,PROD_S04,High-Density Foam Muscle Roller,Sports & Fitness,1,899.0,2026-10-05 15:21:36
CUST0465,PROD_H12,Microfiber Bed Sheet Set Queen,Home & Kitchen,1,1499.0,2026-05-16 00:21:36
CUST0227,PROD_H08,Insulated Vacuum Water Bottle 1L,Home & Kitchen,1,699.0,2026-05-25 14:21:36
CUST0233,PROD_B10,Hands-On Machine Learning with Scikit-Learn,Books,1,1450.0,2026-03-05 13:21:36
CUST0113,PROD_E10,High-Speed Wi-Fi 6 Router,Electronics,1,3899.0,2026-09-21 05:21:36
CUST0394,PROD_S02,Adjustable Dumbbell Set 20kg,Sports & Fitness,2,4599.0,2025-10-18 21:21:36
CUST0109,PROD_E03,Ergonomic Wireless Mouse,Electronics,2,1299.0,2026-09-22 00:21:36
CUST0154,PROD_B08,"Thinking, Fast and Slow",Books,1,520.0,2026-05-06 20:21:36
CUST0105,PROD_E05,Fast Charging USB-C Power Bank 20000mAh,Electronics,1,1999.0,2025-10-09 09:21:36
CUST0043,PROD_S05,Insulated Sports Shaker Bottle,Sports & Fitness,1,499.0,2025-12-31 04:21:36
CUST0056,PROD_S04,High-Density Foam Muscle Roller,Sports & Fitness,1,899.0,2026-09-22 06:21:36
CUST0143,PROD_C03,Vitamin C Facial Cleanser,Beauty & Care,1,499.0,2026-04-17 07:21:36
CUST0155,PROD_C02,SPF 50 Broad Spectrum Sunscreen,Beauty & Care,1,649.0,2026-06-15 15:21:36
CUST0277,PROD_E06,Smart Fitness Watch Series 5,Electronics,2,4999.0,2026-08-30 00:21:36
CUST0239,PROD_H04,Automatic Espresso Coffee Maker,Home & Kitchen,3,12499.0,2025-10-22 03:21:36
CUST0012,PROD_S05,Insulated Sports Shaker Bottle,Sports & Fitness,1,499.0,2025-12-14 06:21:36
CUST0201,PROD_F08,Athletic Workout Leggings,Fashion,1,1199.0,2026-08-04 03:21:36
CUST0064,PROD_F13,Designer Silk Scarf,Fashion,1,999.0,2026-09-17 03:21:36
CUST0480,PROD_B05,System Design Interview Guide,Books,1,950.0,2026-08-31 19:21:36
CUST0430,PROD_C01,Hydrating Hyaluronic Acid Serum,Beauty & Care,1,899.0,2026-02-25 02:21:36
CUST0246,PROD_B10,Hands-On Machine Learning with Scikit-Learn,Books,1,1450.0,2025-11-16 13:21:36
CUST0035,PROD_H01,Stainless Steel Electric Kettle 1.8L,Home & Kitchen,2,1399.0,2025-12-01 00:21:36
CUST0456,PROD_E17,External Hard Drive 2TB,Electronics,1,5299.0,2026-09-12 22:21:36
CUST0176,PROD_S08,Waterproof Cycling Helmet,Sports & Fitness,1,1899.0,2026-05-06 18:21:36
CUST0326,PROD_B09,Zero to One by Peter Thiel,Books,1,480.0,2026-09-12 07:21:36
CUST0401,PROD_F08,Athletic Workout Leggings,Fashion,1,1199.0,2025-10-07 20:21:36
CUST0092,PROD_S07,Breathable Weightlifting Gloves,Sports & Fitness,1,599.0,2025-11-12 01:21:36
CUST0468,PROD_B05,System Design Interview Guide,Books,1,950.0,2026-07-23 23:21:36
CUST0371,PROD_S07,Breathable Weightlifting Gloves,Sports & Fitness,1,599.0,2026-09-22 23:21:36
CUST0293,PROD_C06,Gentle Exfoliating Face Scrub,Beauty & Care,1,550.0,2025-10-20 11:21:36
CUST0051,PROD_E09,HD Web Camera with Microphone,Electronics,1,2199.0,2026-05-07 15:21:36
CUST0170,PROD_H04,Automatic Espresso Coffee Maker,Home & Kitchen,1,12499.0,2026-09-14 23:21:36
CUST0040,PROD_C01,Hydrating Hyaluronic Acid Serum,Beauty & Care,1,899.0,2025-10-28 14:21:36
CUST0415,PROD_F07,Stainless Steel Quartz Wristwatch,Fashion,1,4499.0,2025-11-09 15:21:36
CUST0179,PROD_H01,Stainless Steel Electric Kettle 1.8L,Home & Kitchen,1,1399.0,2026-08-13 13:21:36
CUST0013,PROD_F06,Warm Knit Winter Beanie,Fashion,1,499.0,2026-04-26 05:21:36
CUST0472,PROD_S06,Speed Jump Rope with Ball Bearings,Sports & Fitness,1,399.0,2025-12-13 00:21:36
CUST0258,PROD_C06,Gentle Exfoliating Face Scrub,Beauty & Care,3,550.0,2026-08-31 22:21:36
CUST0075,PROD_F08,Athletic Workout Leggings,Fashion,1,1199.0,2026-01-23 23:21:36
CUST0352,PROD_F08,Athletic Workout Leggings,Fashion,1,1199.0,2026-01-18 19:21:36
CUST0043,PROD_B05,System Design Interview Guide,Books,1,950.0,2026-05-15 12:21:36
CUST0125,PROD_B07,Python for Data Analysis,Books,1,850.0,2025-11-09 17:21:36
CUST0314,PROD_C07,Natural Charcoal Detox Mask,Beauty & Care,1,699.0,2025-12-01 17:21:36
CUST0423,PROD_E08,Multi-Port USB Hub Type-C,Electronics,1,899.0,2025-12-06 15:21:36
CUST0472,PROD_S03,Resistance Loop Exercise Bands Set,Sports & Fitness,1,699.0,2026-06-13 22:21:36
CUST0410,PROD_S08,Waterproof Cycling Helmet,Sports & Fitness,1,1899.0,2026-04-17 17:21:36
CUST0326,PROD_B04,Designing Data-Intensive Applications,Books,1,1250.0,2026-03-03 16:21:36
CUST0265,PROD_C01,Hydrating Hyaluronic Acid Serum,Beauty & Care,1,899.0,2026-01-20 23:21:36
CUST0425,PROD_E04,4K Ultra HD Smart Monitor 27-inch,Electronics,1,18999.0,2026-02-26 10:21:36
CUST0053,PROD_H08,Insulated Vacuum Water Bottle 1L,Home & Kitchen,1,699.0,2026-08-22 09:21:36
CUST0320,PROD_C07,Natural Charcoal Detox Mask,Beauty & Care,1,699.0,2026-09-07 01:21:36
CUST0370,PROD_F05,Genuine Leather Crossbody Bag,Fashion,1,2799.0,2025-12-08 20:21:36
CUST0177,PROD_E03,Ergonomic Wireless Mouse,Electronics,2,1299.0,2026-03-06 06:21:36
CUST0158,PROD_B07,Python for Data Analysis,Books,1,850.0,2026-06-17 16:21:36
CUST0358,PROD_F01,Classic Cotton Denim Jacket,Fashion,1,2199.0,2026-03-31 12:21:36
CUST0046,PROD_H06,Robot Vacuum Cleaner with Mop,Home & Kitchen,1,15999.0,2025-12-24 16:21:36
CUST0035,PROD_F05,Genuine Leather Crossbody Bag,Fashion,1,2799.0,2025-10-30 19:21:36
CUST0446,PROD_S05,Insulated Sports Shaker Bottle,Sports & Fitness,1,499.0,2026-05-18 05:21:36
CUST0437,PROD_F08,Athletic Workout Leggings,Fashion,1,1199.0,2026-03-07 06:21:36
CUST0398,PROD_H08,Insulated Vacuum Water Bottle 1L,Home & Kitchen,1,699.0,2026-08-22 22:21:36
CUST0012,PROD_B09,Zero to One by Peter Thiel,Books,1,480.0,2025-10-11 09:21:36
CUST0042,PROD_B05,System Design Interview Guide,Books,1,950.0,2025-10-26 16:21:36
CUST0184,PROD_F05,Genuine Leather Crossbody Bag,Fashion,2,2799.0,2025-11-29 16:21:36
CUST0174,PROD_H11,Digital Kitchen Weighing Scale,Home & Kitchen,1,599.0,2026-02-21 09:21:36
CUST0159,PROD_F13,Designer Silk Scarf,Fashion,1,999.0,2026-04-07 11:21:36
CUST0038,PROD_B10,Hands-On Machine Learning with Scikit-Learn,Books,1,1450.0,2026-06-29 07:21:36
CUST0097,PROD_C06,Gentle Exfoliating Face Scrub,Beauty & Care,2,550.0,2025-10-31 22:21:36
CUST0160,PROD_C07,Natural Charcoal Detox Mask,Beauty & Care,2,699.0,2026-09-15 11:21:36
CUST0436,PROD_B05,System Design Interview Guide,Books,1,950.0,2026-09-23 05:21:36
CUST0257,PROD_B09,Zero to One by Peter Thiel,Books,1,480.0,2026-01-27 03:21:36
CUST0173,PROD_F08,Athletic Workout Leggings,Fashion,1,1199.0,2026-03-24 16:21:36
CUST0103,PROD_F06,Warm Knit Winter Beanie,Fashion,1,499.0,2026-03-21 14:21:36
CUST0458,PROD_H09,Aromatherapy Essential Oil Diffuser,Home & Kitchen,1,1299.0,2026-03-10 07:21:36
CUST0399,PROD_C08,Rechargeable Facial Cleansing Brush,Beauty & Care,2,1499.0,2025-12-19 00:21:36
CUST0481,PROD_H04,Automatic Espresso Coffee Maker,Home & Kitchen,1,12499.0,2026-07-31 04:21:36
CUST0017,PROD_B10,Hands-On Machine Learning with Scikit-Learn,Books,1,1450.0,2026-08-24 13:21:36
CUST0060,PROD_B05,System Design Interview Guide,Books,1,950.0,2026-10-04 08:21:36
CUST0231,PROD_F05,Genuine Leather Crossbody Bag,Fashion,1,2799.0,2026-07-03 13:21:36
CUST0304,PROD_E07,Portable Bluetooth Speaker 20W,Electronics,1,2999.0,2026-01-07 12:21:36
CUST0088,PROD_F03,Slim Fit Casual Button-Up Shirt,Fashion,1,1499.0,2026-04-10 09:21:36
CUST0390,PROD_E06,Smart Fitness Watch Series 5,Electronics,1,4999.0,2026-09-19 14:21:36
CUST0010,PROD_S03,Resistance Loop Exercise Bands Set,Sports & Fitness,2,699.0,2026-01-13 06:21:36
CUST0372,PROD_S05,Insulated Sports Shaker Bottle,Sports & Fitness,1,499.0,2026-02-04 03:21:36
CUST0472,PROD_S01,Non-Slip Eco Yoga Mat 6mm,Sports & Fitness,2,1299.0,2026-08-24 15:21:36
CUST0313,PROD_E07,Portable Bluetooth Speaker 20W,Electronics,1,2999.0,2026-05-16 05:21:36
CUST0102,PROD_E14,Smart Plug with Voice Control,Electronics,1,799.0,2025-10-09 14:21:36
CUST0479,PROD_B02,Atomic Habits by James Clear,Books,1,599.0,2026-03-21 06:21:36
CUST0481,PROD_H04,Automatic Espresso Coffee Maker,Home & Kitchen,1,12499.0,2026-03-12 21:21:36
CUST0423,PROD_H06,Robot Vacuum Cleaner with Mop,Home & Kitchen,2,15999.0,2026-04-16 07:21:36
CUST0055,PROD_H13,Stainless Steel Cutlery Set 24-Piece,Home & Kitchen,1,1799.0,2025-12-15 06:21:36
CUST0059,PROD_C04,Sonic Electric Toothbrush,Beauty & Care,1,2299.0,2025-10-19 13:21:36
CUST0112,PROD_B10,Hands-On Machine Learning with Scikit-Learn,Books,1,1450.0,2026-07-23 16:21:36
CUST0266,PROD_E10,High-Speed Wi-Fi 6 Router,Electronics,1,3899.0,2026-08-28 12:21:36
CUST0083,PROD_C04,Sonic Electric Toothbrush,Beauty & Care,1,2299.0,2026-03-21 04:21:36
CUST0249,PROD_B04,Designing Data-Intensive Applications,Books,1,1250.0,2025-11-16 17:21:36
CUST0261,PROD_E16,Internal SSD 1TB NVMe,Electronics,1,6499.0,2026-05-12 04:21:36
CUST0421,PROD_B10,Hands-On Machine Learning with Scikit-Learn,Books,1,1450.0,2026-04-07 03:21:36
CUST0011,PROD_B05,System Design Interview Guide,Books,1,950.0,2026-01-09 04:21:36
CUST0143,PROD_S04,High-Density Foam Muscle Roller,Sports & Fitness,1,899.0,2026-07-09 21:21:36
CUST0142,PROD_H06,Robot Vacuum Cleaner with Mop,Home & Kitchen,2,15999.0,2026-03-24 00:21:36
CUST0041,PROD_E02,Mechanical Gaming Keyboard,Electronics,1,3499.0,2026-07-29 01:21:36
CUST0057,PROD_H06,Robot Vacuum Cleaner with Mop,Home & Kitchen,1,15999.0,2025-11-13 04:21:36
CUST0469,PROD_H06,Robot Vacuum Cleaner with Mop,Home & Kitchen,1,15999.0,2026-03-18 03:21:36
CUST0183,PROD_B01,Deep Learning Foundations & Applications,Books,1,899.0,2026-04-11 22:21:36
CUST0085,PROD_B05,System Design Interview Guide,Books,1,950.0,2026-04-06 21:21:36
CUST0237,PROD_S01,Non-Slip Eco Yoga Mat 6mm,Sports & Fitness,1,1299.0,2025-10-28 17:21:36
CUST0063,PROD_B06,Clean Code: Handbook of Software Craftsmanship,Books,2,1100.0,2025-12-24 04:21:36
CUST0315,PROD_E07,Portable Bluetooth Speaker 20W,Electronics,3,2999.0,2026-04-25 01:21:36
CUST0280,PROD_F01,Classic Cotton Denim Jacket,Fashion,1,2199.0,2026-07-31 22:21:36
CUST0355,PROD_S04,High-Density Foam Muscle Roller,Sports & Fitness,1,899.0,2026-05-26 05:21:36
CUST0180,PROD_E13,Surround Sound Gaming Headset,Electronics,1,2799.0,2026-08-24 06:21:36
CUST0243,PROD_E09,HD Web Camera with Microphone,Electronics,1,2199.0,2025-12-25 00:21:36
CUST0356,PROD_F12,Hooded Fleece Sweatshirt,Fashion,1,1899.0,2025-11-04 09:21:36
CUST0266,PROD_E04,4K Ultra HD Smart Monitor 27-inch,Electronics,1,18999.0,2025-10-09 17:21:36
CUST0310,PROD_B05,System Design Interview Guide,Books,1,950.0,2026-03-04 04:21:36
CUST0409,PROD_F09,Waterproof HIKING Boots,Fashion,1,4199.0,2026-04-03 06:21:36
CUST0144,PROD_S08,Waterproof Cycling Helmet,Sports & Fitness,1,1899.0,2026-04-12 09:21:36
CUST0077,PROD_H05,Non-Stick Ceramic Cookware Set 5-Piece,Home & Kitchen,1,3999.0,2026-05-27 01:21:36
CUST0266,PROD_H12,Microfiber Bed Sheet Set Queen,Home & Kitchen,1,1499.0,2025-12-07 05:21:36
CUST0451,PROD_B10,Hands-On Machine Learning with Scikit-Learn,Books,1,1450.0,2025-11-30 05:21:36
CUST0408,PROD_F11,Comfortable Canvas Slip-Ons,Fashion,1,1599.0,2026-03-05 09:21:36
CUST0118,PROD_B05,System Design Interview Guide,Books,1,950.0,2025-12-25 09:21:36
CUST0204,PROD_F07,Stainless Steel Quartz Wristwatch,Fashion,1,4499.0,2026-01-11 10:21:36
CUST0418,PROD_H07,Smart LED Desk Lamp with Dimmer,Home & Kitchen,2,1699.0,2026-03-25 14:21:36
CUST0071,PROD_F08,Athletic Workout Leggings,Fashion,1,1199.0,2026-09-01 05:21:36
CUST0148,PROD_H04,Automatic Espresso Coffee Maker,Home & Kitchen,1,12499.0,2026-06-04 10:21:36
CUST0460,PROD_F05,Genuine Leather Crossbody Bag,Fashion,1,2799.0,2026-03-05 20:21:36
CUST0095,PROD_E11,Active Noise Cancelling Earbuds,Electronics,1,3199.0,2026-01-13 03:21:36
CUST0131,PROD_B06,Clean Code: Handbook of Software Craftsmanship,Books,1,1100.0,2026-01-19 16:21:36
CUST0478,PROD_B05,System Design Interview Guide,Books,1,950.0,2025-10-20 10:21:36
CUST0139,PROD_B04,Designing Data-Intensive Applications,Books,1,1250.0,2026-05-03 13:21:36
CUST0487,PROD_F03,Slim Fit Casual Button-Up Shirt,Fashion,1,1499.0,2025-12-19 16:21:36
CUST0036,PROD_F10,Formal Leather Belt Black,Fashion,1,799.0,2026-05-15 23:21:36
CUST0438,PROD_S01,Non-Slip Eco Yoga Mat 6mm,Sports & Fitness,1,1299.0,2026-06-30 16:21:36
CUST0393,PROD_F13,Designer Silk Scarf,Fashion,2,999.0,2026-01-22 16:21:36
CUST0055,PROD_H04,Automatic Espresso Coffee Maker,Home & Kitchen,1,12499.0,2026-07-01 04:21:36
CUST0399,PROD_H11,Digital Kitchen Weighing Scale,Home & Kitchen,3,599.0,2025-11-21 16:21:36
CUST0089,PROD_S08,Waterproof Cycling Helmet,Sports & Fitness,1,1899.0,2025-10-18 03:21:36
CUST0315,PROD_E06,Smart Fitness Watch Series 5,Electronics,1,4999.0,2026-06-05 05:21:36
CUST0330,PROD_F13,Designer Silk Scarf,Fashion,1,999.0,2026-01-13 20:21:36
CUST0144,PROD_S03,Resistance Loop Exercise Bands Set,Sports & Fitness,1,699.0,2026-05-25 18:21:36
CUST0238,PROD_C06,Gentle Exfoliating Face Scrub,Beauty & Care,1,550.0,2025-11-22 12:21:36
CUST0412,PROD_B05,System Design Interview Guide,Books,1,950.0,2025-10-23 20:21:36
CUST0059,PROD_B05,System Design Interview Guide,Books,1,950.0,2025-11-08 01:21:36
CUST0495,PROD_S03,Resistance Loop Exercise Bands Set,Sports & Fitness,2,699.0,2026-04-03 08:21:36
CUST0228,PROD_S03,Resistance Loop Exercise Bands Set,Sports & Fitness,1,699.0,2026-08-28 05:21:36
CUST0146,PROD_E14,Smart Plug with Voice Control,Electronics,1,799.0,2026-01-06 03:21:36
CUST0374,PROD_S08,Waterproof Cycling Helmet,Sports & Fitness,1,1899.0,2025-11-22 18:21:36
CUST0074,PROD_C06,Gentle Exfoliating Face Scrub,Beauty & Care,1,550.0,2026-06-28 01:21:36
CUST0055,PROD_H09,Aromatherapy Essential Oil Diffuser,Home & Kitchen,1,1299.0,2026-05-02 05:21:36
CUST0065,PROD_C03,Vitamin C Facial Cleanser,Beauty & Care,1,499.0,2026-03-10 10:21:36
CUST0353,PROD_C08,Rechargeable Facial Cleansing Brush,Beauty & Care,1,1499.0,2026-04-10 14:21:36
CUST0445,PROD_C01,Hydrating Hyaluronic Acid Serum,Beauty & Care,1,899.0,2026-01-18 11:21:36
CUST0339,PROD_S08,Waterproof Cycling Helmet,Sports & Fitness,1,1899.0,2026-08-06 16:21:36
CUST0144,PROD_S04,High-Density Foam Muscle Roller,Sports & Fitness,1,899.0,2026-01-11 02:21:36
CUST0492,PROD_F08,Athletic Workout Leggings,Fashion,1,1199.0,2026-06-28 14:21:36
CUST0143,PROD_C07,Natural Charcoal Detox Mask,Beauty & Care,1,699.0,2025-12-06 05:21:36
CUST0486,PROD_E17,External Hard Drive 2TB,Electronics,1,5299.0,2026-09-27 09:21:36
CUST0137,PROD_S03,Resistance Loop Exercise Bands Set,Sports & Fitness,1,699.0,2025-12-13 04:21:36
CUST0028,PROD_E14,Smart Plug with Voice Control,Electronics,1,799.0,2025-10-21 02:21:36
CUST0456,PROD_H01,Stainless Steel Electric Kettle 1.8L,Home & Kitchen,1,1399.0,2026-06-03 18:21:36
CUST0304,PROD_B08,"Thinking, Fast and Slow",Books,3,520.0,2026-06-04 19:21:36
CUST0145,PROD_F08,Athletic Workout Leggings,Fashion,1,1199.0,2026-09-27 23:21:36
CUST0064,PROD_H07,Smart LED Desk Lamp with Dimmer,Home & Kitchen,1,1699.0,2025-11-30 17:21:36
CUST0487,PROD_F07,Stainless Steel Quartz Wristwatch,Fashion,1,4499.0,2026-01-21 09:21:36
CUST0207,PROD_B05,System Design Interview Guide,Books,1,950.0,2026-02-10 09:21:36
CUST0400,PROD_S05,Insulated Sports Shaker Bottle,Sports & Fitness,3,499.0,2026-09-10 05:21:36
CUST0049,PROD_E05,Fast Charging USB-C Power Bank 20000mAh,Electronics,1,1999.0,2025-12-31 01:21:36
CUST0252,PROD_B10,Hands-On Machine Learning with Scikit-Learn,Books,1,1450.0,2025-10-22 14:21:36
CUST0148,PROD_E10,High-Speed Wi-Fi 6 Router,Electronics,1,3899.0,2025-11-12 15:21:36
CUST0028,PROD_E08,Multi-Port USB Hub Type-C,Electronics,1,899.0,2026-03-27 12:21:36
CUST0050,PROD_S08,Waterproof Cycling Helmet,Sports & Fitness,1,1899.0,2026-02-09 15:21:36
CUST0199,PROD_B04,Designing Data-Intensive Applications,Books,1,1250.0,2026-09-17 05:21:36
CUST0366,PROD_S07,Breathable Weightlifting Gloves,Sports & Fitness,1,599.0,2026-02-21 16:21:36
CUST0291,PROD_F03,Slim Fit Casual Button-Up Shirt,Fashion,1,1499.0,2026-06-02 11:21:36
CUST0138,PROD_F08,Athletic Workout Leggings,Fashion,1,1199.0,2025-10-08 14:21:36
CUST0472,PROD_B05,System Design Interview Guide,Books,1,950.0,2026-07-24 16:21:36
CUST0479,PROD_B08,"Thinking, Fast and Slow",Books,1,520.0,2026-02-12 15:21:36
CUST0418,PROD_H07,Smart LED Desk Lamp with Dimmer,Home & Kitchen,2,1699.0,2025-10-18 20:21:36
CUST0279,PROD_E01,Wireless Noise-Canceling Headphones,Electronics,1,2499.0,2026-01-25 09:21:36
CUST0352,PROD_C05,Organic Argan Oil Hair Treatment,Beauty & Care,1,750.0,2026-06-01 01:21:36
CUST0228,PROD_S08,Waterproof Cycling Helmet,Sports & Fitness,1,1899.0,2026-07-03 11:21:36
CUST0290,PROD_C07,Natural Charcoal Detox Mask,Beauty & Care,1,699.0,2026-04-05 23:21:36
CUST0030,PROD_B05,System Design Interview Guide,Books,1,950.0,2025-12-18 17:21:36
CUST0450,PROD_B05,System Design Interview Guide,Books,1,950.0,2025-11-06 13:21:36
CUST0435,PROD_C08,Rechargeable Facial Cleansing Brush,Beauty & Care,1,1499.0,2026-01-01 07:21:36
CUST0059,PROD_C01,Hydrating Hyaluronic Acid Serum,Beauty & Care,1,899.0,2026-06-09 08:21:36
CUST0307,PROD_F10,Formal Leather Belt Black,Fashion,1,799.0,2026-02-05 20:21:36
CUST0121,PROD_H05,Non-Stick Ceramic Cookware Set 5-Piece,Home & Kitchen,1,3999.0,2026-09-28 01:21:36
CUST0429,PROD_S08,Waterproof Cycling Helmet,Sports & Fitness,1,1899.0,2026-07-23 14:21:36
CUST0114,PROD_S01,Non-Slip Eco Yoga Mat 6mm,Sports & Fitness,1,1299.0,2025-11-18 10:21:36
CUST0312,PROD_F14,Water-Resistant Travel Backpack,Fashion,1,2399.0,2026-08-12 05:21:36
CUST0050,PROD_C01,Hydrating Hyaluronic Acid Serum,Beauty & Care,1,899.0,2025-11-05 04:21:36
CUST0437,PROD_F09,Waterproof HIKING Boots,Fashion,1,4199.0,2026-09-03 21:21:36
CUST0441,PROD_S04,High-Density Foam Muscle Roller,Sports & Fitness,1,899.0,2026-06-16 04:21:36
CUST0335,PROD_F04,Polarized UV Protection Sunglasses,Fashion,1,1299.0,2026-01-31 22:21:36
CUST0411,PROD_B01,Deep Learning Foundations & Applications,Books,1,899.0,2026-09-22 14:21:36
CUST0070,PROD_F09,Waterproof HIKING Boots,Fashion,1,4199.0,2025-10-09 23:21:36
CUST0047,PROD_H10,Bamboo Cutting Board Set,Home & Kitchen,1,899.0,2026-09-20 05:21:36
CUST0077,PROD_H06,Robot Vacuum Cleaner with Mop,Home & Kitchen,1,15999.0,2025-11-01 02:21:36
CUST0390,PROD_B05,System Design Interview Guide,Books,1,950.0,2025-12-15 16:21:36
CUST0187,PROD_F06,Warm Knit Winter Beanie,Fashion,1,499.0,2026-01-21 19:21:36
CUST0001,PROD_B05,System Design Interview Guide,Books,1,950.0,2026-07-29 02:21:36
CUST0416,PROD_B05,System Design Interview Guide,Books,1,950.0,2026-08-17 19:21:36
CUST0397,PROD_B10,Hands-On Machine Learning with Scikit-Learn,Books,1,1450.0,2026-02-02 06:21:36
CUST0497,PROD_H12,Microfiber Bed Sheet Set Queen,Home & Kitchen,1,1499.0,2025-12-03 06:21:36
CUST0011,PROD_F08,Athletic Workout Leggings,Fashion,1,1199.0,2026-05-29 20:21:36
CUST0340,PROD_F14,Water-Resistant Travel Backpack,Fashion,1,2399.0,2026-01-06 14:21:36
CUST0332,PROD_F13,Designer Silk Scarf,Fashion,1,999.0,2026-07-24 19:21:36
CUST0400,PROD_S02,Adjustable Dumbbell Set 20kg,Sports & Fitness,1,4599.0,2026-08-05 14:21:36
CUST0349,PROD_E04,4K Ultra HD Smart Monitor 27-inch,Electronics,1,18999.0,2025-12-20 21:21:36
CUST0037,PROD_S08,Waterproof Cycling Helmet,Sports & Fitness,1,1899.0,2025-12-31 02:21:36
CUST0178,PROD_E10,High-Speed Wi-Fi 6 Router,Electronics,1,3899.0,2026-02-06 11:21:36
CUST0120,PROD_C04,Sonic Electric Toothbrush,Beauty & Care,1,2299.0,2026-08-09 01:21:36
CUST0060,PROD_C08,Rechargeable Facial Cleansing Brush,Beauty & Care,2,1499.0,2026-01-11 08:21:36
CUST0218,PROD_B05,System Design Interview Guide,Books,1,950.0,2026-06-18 05:21:36
CUST0073,PROD_F08,Athletic Workout Leggings,Fashion,1,1199.0,2026-03-07 21:21:36
CUST0323,PROD_E06,Smart Fitness Watch Series 5,Electronics,3,4999.0,2026-07-12 00:21:36
CUST0418,PROD_F09,Waterproof HIKING Boots,Fashion,1,4199.0,2026-03-02 10:21:36
CUST0191,PROD_B07,Python for Data Analysis,Books,1,850.0,2026-05-21 19:21:36
CUST0084,PROD_F09,Waterproof HIKING Boots,Fashion,1,4199.0,2025-10-25 23:21:36
CUST0246,PROD_S08,Waterproof Cycling Helmet,Sports & Fitness,1,1899.0,2026-08-27 10:21:36
CUST0476,PROD_B10,Hands-On Machine Learning with Scikit-Learn,Books,1,1450.0,2026-09-28 00:21:36
CUST0286,PROD_E15,Wireless Phone Charging Pad,Electronics,1,999.0,2025-11-14 01:21:36
CUST0091,PROD_H06,Robot Vacuum Cleaner with Mop,Home & Kitchen,1,15999.0,2026-02-22 09:21:36
CUST0078,PROD_H10,Bamboo Cutting Board Set,Home & Kitchen,1,899.0,2026-02-20 13:21:36
CUST0210,PROD_S02,Adjustable Dumbbell Set 20kg,Sports & Fitness,2,4599.0,2026-09-27 21:21:36
CUST0307,PROD_B05,System Design Interview Guide,Books,1,950.0,2026-04-06 01:21:36
CUST0134,PROD_B02,Atomic Habits by James Clear,Books,1,599.0,2026-03-01 12:21:36
CUST0377,PROD_S08,Waterproof Cycling Helmet,Sports & Fitness,1,1899.0,2026-07-08 17:21:36
CUST0310,PROD_F12,Hooded Fleece Sweatshirt,Fashion,1,1899.0,2026-02-18 16:21:36
CUST0434,PROD_S03,Resistance Loop Exercise Bands Set,Sports & Fitness,1,699.0,2026-03-03 11:21:36
CUST0123,PROD_F05,Genuine Leather Crossbody Bag,Fashion,1,2799.0,2026-05-14 10:21:36
CUST0390,PROD_E02,Mechanical Gaming Keyboard,Electronics,1,3499.0,2026-01-27 12:21:36
CUST0461,PROD_H11,Digital Kitchen Weighing Scale,Home & Kitchen,1,599.0,2025-12-30 01:21:36
CUST0129,PROD_B05,System Design Interview Guide,Books,1,950.0,2025-12-01 19:21:36
CUST0141,PROD_H01,Stainless Steel Electric Kettle 1.8L,Home & Kitchen,1,1399.0,2025-10-12 17:21:36
CUST0051,PROD_F02,Breathable Running Sneakers,Fashion,1,3299.0,2026-09-25 21:21:36
CUST0364,PROD_E12,Aluminum Laptop Cooling Pad,Electronics,1,1499.0,2025-11-03 20:21:36
CUST0136,PROD_E17,External Hard Drive 2TB,Electronics,1,5299.0,2025-12-19 09:21:36
CUST0194,PROD_S08,Waterproof Cycling Helmet,Sports & Fitness,1,1899.0,2026-01-20 11:21:36
CUST0015,PROD_H03,Memory Foam Orthopedic Pillow,Home & Kitchen,1,1199.0,2026-05-07 17:21:36
CUST0292,PROD_S08,Waterproof Cycling Helmet,Sports & Fitness,1,1899.0,2026-02-23 08:21:36
CUST0030,PROD_B03,The Psychology of Money,Books,1,450.0,2026-05-04 01:21:36
CUST0037,PROD_F09,Waterproof HIKING Boots,Fashion,2,4199.0,2026-06-17 16:21:36
CUST0422,PROD_H07,Smart LED Desk Lamp with Dimmer,Home & Kitchen,1,1699.0,2026-05-17 05:21:36
CUST0181,PROD_E08,Multi-Port USB Hub Type-C,Electronics,1,899.0,2026-04-26 12:21:36
CUST0447,PROD_H06,Robot Vacuum Cleaner with Mop,Home & Kitchen,1,15999.0,2026-09-01 12:21:36
CUST0151,PROD_B05,System Design Interview Guide,Books,1,950.0,2025-10-27 14:21:36
CUST0347,PROD_B08,"Thinking, Fast and Slow",Books,1,520.0,2026-07-29 20:21:36
CUST0295,PROD_E16,Internal SSD 1TB NVMe,Electronics,1,6499.0,2025-10-20 01:21:36
CUST0365,PROD_B10,Hands-On Machine Learning with Scikit-Learn,Books,1,1450.0,2025-12-20 17:21:36
CUST0340,PROD_F06,Warm Knit Winter Beanie,Fashion,1,499.0,2026-09-10 01:21:36
CUST0424,PROD_F09,Waterproof HIKING Boots,Fashion,1,4199.0,2026-08-07 12:21:36
CUST0018,PROD_B05,System Design Interview Guide,Books,1,950.0,2026-09-10 17:21:36
CUST0352,PROD_E17,External Hard Drive 2TB,Electronics,1,5299.0,2026-05-02 09:21:36
CUST0346,PROD_S02,Adjustable Dumbbell Set 20kg,Sports & Fitness,1,4599.0,2026-01-19 21:21:36
CUST0278,PROD_E01,Wireless Noise-Canceling Headphones,Electronics,1,2499.0,2026-04-14 23:21:36
CUST0007,PROD_B05,System Design Interview Guide,Books,1,950.0,2025-10-06 17:21:36
CUST0089,PROD_S07,Breathable Weightlifting Gloves,Sports & Fitness,1,599.0,2025-12-11 04:21:36
CUST0189,PROD_B05,System Design Interview Guide,Books,1,950.0,2025-10-13 08:21:36
CUST0488,PROD_B05,System Design Interview Guide,Books,1,950.0,2026-01-27 18:21:36
CUST0138,PROD_F07,Stainless Steel Quartz Wristwatch,Fashion,1,4499.0,2026-02-26 18:21:36
CUST0108,PROD_B05,System Design Interview Guide,Books,1,950.0,2026-10-02 08:21:36
CUST0121,PROD_H06,Robot Vacuum Cleaner with Mop,Home & Kitchen,1,15999.0,2026-06-03 12:21:36
CUST0268,PROD_H09,Aromatherapy Essential Oil Diffuser,Home & Kitchen,1,1299.0,2026-06-26 21:21:36
CUST0193,PROD_F10,Formal Leather Belt Black,Fashion,1,799.0,2026-05-20 23:21:36
CUST0052,PROD_H01,Stainless Steel Electric Kettle 1.8L,Home & Kitchen,1,1399.0,2026-09-27 10:21:36
CUST0416,PROD_E09,HD Web Camera with Microphone,Electronics,1,2199.0,2026-05-15 15:21:36
CUST0298,PROD_C03,Vitamin C Facial Cleanser,Beauty & Care,2,499.0,2026-09-19 11:21:36
CUST0228,PROD_F06,Warm Knit Winter Beanie,Fashion,1,499.0,2026-06-18 22:21:36
CUST0103,PROD_B05,System Design Interview Guide,Books,1,950.0,2026-07-10 10:21:36
CUST0189,PROD_F08,Athletic Workout Leggings,Fashion,1,1199.0,2025-12-30 18:21:36
CUST0454,PROD_C02,SPF 50 Broad Spectrum Sunscreen,Beauty & Care,1,649.0,2026-03-17 14:21:36
CUST0364,PROD_E17,External Hard Drive 2TB,Electronics,1,5299.0,2026-06-27 08:21:36
CUST0386,PROD_C02,SPF 50 Broad Spectrum Sunscreen,Beauty & Care,1,649.0,2026-09-12 11:21:36
CUST0130,PROD_E08,Multi-Port USB Hub Type-C,Electronics,1,899.0,2026-05-23 06:21:36
CUST0473,PROD_H12,Microfiber Bed Sheet Set Queen,Home & Kitchen,1,1499.0,2025-11-25 18:21:36
CUST0170,PROD_F08,Athletic Workout Leggings,Fashion,1,1199.0,2026-09-18 06:21:36
CUST0026,PROD_S08,Waterproof Cycling Helmet,Sports & Fitness,1,1899.0,2025-11-15 21:21:36
CUST0475,PROD_S04,High-Density Foam Muscle Roller,Sports & Fitness,2,899.0,2026-03-30 15:21:36
CUST0439,PROD_H03,Memory Foam Orthopedic Pillow,Home & Kitchen,1,1199.0,2025-12-18 12:21:36
CUST0140,PROD_H04,Automatic Espresso Coffee Maker,Home & Kitchen,1,12499.0,2026-04-28 20:21:36
CUST0009,PROD_E11,Active Noise Cancelling Earbuds,Electronics,1,3199.0,2025-11-13 04:21:36
CUST0401,PROD_C06,Gentle Exfoliating Face Scrub,Beauty & Care,3,550.0,2026-01-09 13:21:36
CUST0032,PROD_H08,Insulated Vacuum Water Bottle 1L,Home & Kitchen,1,699.0,2026-05-02 18:21:36
CUST0120,PROD_E17,External Hard Drive 2TB,Electronics,1,5299.0,2025-12-26 10:21:36
CUST0208,PROD_C06,Gentle Exfoliating Face Scrub,Beauty & Care,1,550.0,2025-10-29 17:21:36
CUST0189,PROD_B08,"Thinking, Fast and Slow",Books,1,520.0,2025-12-16 04:21:36
CUST0385,PROD_H06,Robot Vacuum Cleaner with Mop,Home & Kitchen,1,15999.0,2026-01-23 04:21:36
CUST0316,PROD_C05,Organic Argan Oil Hair Treatment,Beauty & Care,1,750.0,2026-05-05 10:21:36
CUST0212,PROD_H06,Robot Vacuum Cleaner with Mop,Home & Kitchen,2,15999.0,2026-06-01 13:21:36
CUST0494,PROD_C05,Organic Argan Oil Hair Treatment,Beauty & Care,1,750.0,2026-03-28 10:21:36
CUST0109,PROD_E03,Ergonomic Wireless Mouse,Electronics,1,1299.0,2026-06-20 20:21:36
CUST0437,PROD_C05,Organic Argan Oil Hair Treatment,Beauty & Care,1,750.0,2026-08-03 21:21:36
CUST0449,PROD_B04,Designing Data-Intensive Applications,Books,1,1250.0,2026-08-29 21:21:36
CUST0258,PROD_C06,Gentle Exfoliating Face Scrub,Beauty & Care,1,550.0,2026-08-14 02:21:36
CUST0486,PROD_E03,Ergonomic Wireless Mouse,Electronics,2,1299.0,2026-03-17 21:21:36
CUST0015,PROD_H01,Stainless Steel Electric Kettle 1.8L,Home & Kitchen,1,1399.0,2026-05-27 21:21:36
CUST0158,PROD_S02,Adjustable Dumbbell Set 20kg,Sports & Fitness,1,4599.0,2026-04-08 01:21:36
CUST0423,PROD_B04,Designing Data-Intensive Applications,Books,1,1250.0,2025-10-13 10:21:36
CUST0297,PROD_F08,Athletic Workout Leggings,Fashion,1,1199.0,2026-07-03 23:21:36
CUST0005,PROD_S05,Insulated Sports Shaker Bottle,Sports & Fitness,2,499.0,2026-06-23 05:21:36
CUST0141,PROD_H09,Aromatherapy Essential Oil Diffuser,Home & Kitchen,1,1299.0,2026-01-21 08:21:36
CUST0474,PROD_E02,Mechanical Gaming Keyboard,Electronics,1,3499.0,2026-08-17 04:21:36
CUST0463,PROD_S03,Resistance Loop Exercise Bands Set,Sports & Fitness,1,699.0,2026-06-10 22:21:36
CUST0169,PROD_C01,Hydrating Hyaluronic Acid Serum,Beauty & Care,1,899.0,2026-04-13 10:21:36
CUST0340,PROD_E17,External Hard Drive 2TB,Electronics,1,5299.0,2026-08-14 09:21:36
CUST0041,PROD_E13,Surround Sound Gaming Headset,Electronics,1,2799.0,2026-07-10 05:21:36
CUST0160,PROD_C02,SPF 50 Broad Spectrum Sunscreen,Beauty & Care,1,649.0,2026-02-15 11:21:36
CUST0097,PROD_C05,Organic Argan Oil Hair Treatment,Beauty & Care,1,750.0,2026-07-06 00:21:36
CUST0066,PROD_S05,Insulated Sports Shaker Bottle,Sports & Fitness,1,499.0,2026-07-14 15:21:36
CUST0194,PROD_B05,System Design Interview Guide,Books,1,950.0,2025-12-01 04:21:36
CUST0005,PROD_B05,System Design Interview Guide,Books,1,950.0,2026-05-09 09:21:36
CUST0316,PROD_C02,SPF 50 Broad Spectrum Sunscreen,Beauty & Care,1,649.0,2025-12-27 18:21:36
CUST0132,PROD_S01,Non-Slip Eco Yoga Mat 6mm,Sports & Fitness,1,1299.0,2026-04-25 06:21:36
CUST0146,PROD_E10,High-Speed Wi-Fi 6 Router,Electronics,1,3899.0,2026-05-15 09:21:36
CUST0200,PROD_F02,Breathable Running Sneakers,Fashion,1,3299.0,2026-05-06 09:21:36
CUST0190,PROD_F06,Warm Knit Winter Beanie,Fashion,1,499.0,2026-01-25 01:21:36
CUST0411,PROD_S01,Non-Slip Eco Yoga Mat 6mm,Sports & Fitness,1,1299.0,2025-11-18 07:21:36
CUST0474,PROD_E07,Portable Bluetooth Speaker 20W,Electronics,1,2999.0,2025-12-12 10:21:36
CUST0485,PROD_C01,Hydrating Hyaluronic Acid Serum,Beauty & Care,1,899.0,2025-10-30 02:21:36
CUST0081,PROD_H02,Digital Air Fryer 4.5L,Home & Kitchen,1,5999.0,2026-09-01 19:21:36
CUST0215,PROD_B05,System Design Interview Guide,Books,1,950.0,2026-05-10 02:21:36
CUST0323,PROD_H04,Automatic Espresso Coffee Maker,Home & Kitchen,1,12499.0,2025-12-11 07:21:36
CUST0406,PROD_C03,Vitamin C Facial Cleanser,Beauty & Care,2,499.0,2026-08-05 12:21:36
CUST0384,PROD_H06,Robot Vacuum Cleaner with Mop,Home & Kitchen,2,15999.0,2026-05-14 00:21:36
CUST0039,PROD_C01,Hydrating Hyaluronic Acid Serum,Beauty & Care,1,899.0,2026-01-07 17:21:36
CUST0084,PROD_F13,Designer Silk Scarf,Fashion,1,999.0,2026-03-19 15:21:36
CUST0215,PROD_E12,Aluminum Laptop Cooling Pad,Electronics,1,1499.0,2026-02-20 06:21:36
CUST0302,PROD_F08,Athletic Workout Leggings,Fashion,1,1199.0,2026-08-02 15:21:36
CUST0162,PROD_H01,Stainless Steel Electric Kettle 1.8L,Home & Kitchen,1,1399.0,2026-02-06 10:21:36
CUST0350,PROD_F09,Waterproof HIKING Boots,Fashion,1,4199.0,2026-02-10 00:21:36
CUST0018,PROD_F10,Formal Leather Belt Black,Fashion,3,799.0,2026-03-19 22:21:36
CUST0364,PROD_E10,High-Speed Wi-Fi 6 Router,Electronics,1,3899.0,2026-09-30 16:21:36
CUST0279,PROD_F05,Genuine Leather Crossbody Bag,Fashion,1,2799.0,2026-04-04 14:21:36
CUST0273,PROD_H13,Stainless Steel Cutlery Set 24-Piece,Home & Kitchen,1,1799.0,2026-03-07 04:21:36
CUST0429,PROD_B05,System Design Interview Guide,Books,1,950.0,2026-01-05 15:21:36
CUST0030,PROD_F06,Warm Knit Winter Beanie,Fashion,1,499.0,2026-06-20 19:21:36
CUST0075,PROD_F02,Breathable Running Sneakers,Fashion,1,3299.0,2026-05-03 09:21:36
CUST0340,PROD_B08,"Thinking, Fast and Slow",Books,1,520.0,2026-05-13 07:21:36
CUST0474,PROD_E10,High-Speed Wi-Fi 6 Router,Electronics,2,3899.0,2026-05-05 16:21:36
CUST0154,PROD_S08,Waterproof Cycling Helmet,Sports & Fitness,1,1899.0,2026-05-25 06:21:36
CUST0186,PROD_C02,SPF 50 Broad Spectrum Sunscreen,Beauty & Care,1,649.0,2026-06-07 02:21:36
CUST0259,PROD_E04,4K Ultra HD Smart Monitor 27-inch,Electronics,1,18999.0,2026-04-30 01:21:36
CUST0447,PROD_H03,Memory Foam Orthopedic Pillow,Home & Kitchen,1,1199.0,2026-01-28 22:21:36
CUST0036,PROD_F09,Waterproof HIKING Boots,Fashion,1,4199.0,2026-05-10 20:21:36
CUST0156,PROD_S04,High-Density Foam Muscle Roller,Sports & Fitness,1,899.0,2026-03-20 23:21:36
CUST0319,PROD_S05,Insulated Sports Shaker Bottle,Sports & Fitness,1,499.0,2026-07-21 05:21:36
CUST0045,PROD_S05,Insulated Sports Shaker Bottle,Sports & Fitness,1,499.0,2025-12-11 09:21:36
CUST0361,PROD_H11,Digital Kitchen Weighing Scale,Home & Kitchen,1,599.0,2026-04-04 22:21:36
CUST0212,PROD_E06,Smart Fitness Watch Series 5,Electronics,1,4999.0,2026-04-01 00:21:36
CUST0414,PROD_H04,Automatic Espresso Coffee Maker,Home & Kitchen,1,12499.0,2026-08-28 08:21:36
CUST0156,PROD_F08,Athletic Workout Leggings,Fashion,1,1199.0,2026-08-16 23:21:36
CUST0453,PROD_B07,Python for Data Analysis,Books,1,850.0,2026-02-27 03:21:36
CUST0223,PROD_E09,HD Web Camera with Microphone,Electronics,1,2199.0,2026-05-30 07:21:36
CUST0339,PROD_S02,Adjustable Dumbbell Set 20kg,Sports & Fitness,1,4599.0,2026-06-10 13:21:36
CUST0360,PROD_C06,Gentle Exfoliating Face Scrub,Beauty & Care,1,550.0,2026-07-15 07:21:36
CUST0213,PROD_S05,Insulated Sports Shaker Bottle,Sports & Fitness,1,499.0,2026-08-04 14:21:36
CUST0405,PROD_S08,Waterproof Cycling Helmet,Sports & Fitness,1,1899.0,2026-08-06 23:21:36
CUST0013,PROD_F11,Comfortable Canvas Slip-Ons,Fashion,1,1599.0,2026-02-03 21:21:36
CUST0083,PROD_C06,Gentle Exfoliating Face Scrub,Beauty & Care,1,550.0,2026-05-25 09:21:36
CUST0043,PROD_S05,Insulated Sports Shaker Bottle,Sports & Fitness,1,499.0,2025-12-22 01:21:36
CUST0070,PROD_F06,Warm Knit Winter Beanie,Fashion,1,499.0,2026-02-28 21:21:36
CUST0484,PROD_F11,Comfortable Canvas Slip-Ons,Fashion,1,1599.0,2026-08-05 04:21:36
CUST0175,PROD_B02,Atomic Habits by James Clear,Books,1,599.0,2025-11-19 20:21:36
CUST0362,PROD_B05,System Design Interview Guide,Books,1,950.0,2026-07-21 04:21:36
CUST0062,PROD_S04,High-Density Foam Muscle Roller,Sports & Fitness,1,899.0,2026-09-03 23:21:36
CUST0179,PROD_F13,Designer Silk Scarf,Fashion,1,999.0,2025-12-04 08:21:36
CUST0452,PROD_F08,Athletic Workout Leggings,Fashion,1,1199.0,2026-10-04 10:21:36
CUST0100,PROD_S03,Resistance Loop Exercise Bands Set,Sports & Fitness,1,699.0,2026-08-08 16:21:36
CUST0036,PROD_F02,Breathable Running Sneakers,Fashion,1,3299.0,2026-08-05 02:21:36
CUST0347,PROD_B10,Hands-On Machine Learning with Scikit-Learn,Books,2,1450.0,2026-09-06 17:21:36
CUST0057,PROD_H13,Stainless Steel Cutlery Set 24-Piece,Home & Kitchen,1,1799.0,2026-07-17 12:21:36
CUST0494,PROD_H01,Stainless Steel Electric Kettle 1.8L,Home & Kitchen,3,1399.0,2026-08-29 05:21:36
CUST0460,PROD_F09,Waterproof HIKING Boots,Fashion,1,4199.0,2026-04-07 10:21:36
CUST0465,PROD_H10,Bamboo Cutting Board Set,Home & Kitchen,1,899.0,2025-10-14 22:21:36
CUST0024,PROD_B05,System Design Interview Guide,Books,1,950.0,2026-05-31 16:21:36
CUST0180,PROD_B05,System Design Interview Guide,Books,1,950.0,2026-05-30 06:21:36
CUST0339,PROD_S02,Adjustable Dumbbell Set 20kg,Sports & Fitness,1,4599.0,2025-12-28 21:21:36
CUST0490,PROD_E07,Portable Bluetooth Speaker 20W,Electronics,2,2999.0,2026-02-20 00:21:36
CUST0300,PROD_B05,System Design Interview Guide,Books,1,950.0,2026-04-24 14:21:36
CUST0229,PROD_C08,Rechargeable Facial Cleansing Brush,Beauty & Care,1,1499.0,2026-02-02 16:21:36
CUST0351,PROD_E17,External Hard Drive 2TB,Electronics,1,5299.0,2026-07-16 00:21:36
CUST0416,PROD_B10,Hands-On Machine Learning with Scikit-Learn,Books,1,1450.0,2026-06-27 18:21:36
CUST0315,PROD_E15,Wireless Phone Charging Pad,Electronics,1,999.0,2026-03-15 09:21:36
CUST0098,PROD_H07,Smart LED Desk Lamp with Dimmer,Home & Kitchen,1,1699.0,2026-08-04 04:21:36
CUST0051,PROD_F12,Hooded Fleece Sweatshirt,Fashion,1,1899.0,2026-02-02 05:21:36
CUST0162,PROD_H13,Stainless Steel Cutlery Set 24-Piece,Home & Kitchen,1,1799.0,2026-07-08 19:21:36
CUST0442,PROD_C06,Gentle Exfoliating Face Scrub,Beauty & Care,1,550.0,2026-04-03 17:21:36
CUST0149,PROD_C04,Sonic Electric Toothbrush,Beauty & Care,1,2299.0,2026-04-01 05:21:36
CUST0116,PROD_E17,External Hard Drive 2TB,Electronics,1,5299.0,2025-11-09 11:21:36
CUST0281,PROD_H04,Automatic Espresso Coffee Maker,Home & Kitchen,1,12499.0,2025-11-24 17:21:36
CUST0191,PROD_B10,Hands-On Machine Learning with Scikit-Learn,Books,1,1450.0,2026-10-01 20:21:36
CUST0019,PROD_H03,Memory Foam Orthopedic Pillow,Home & Kitchen,1,1199.0,2026-07-12 09:21:36
CUST0084,PROD_S02,Adjustable Dumbbell Set 20kg,Sports & Fitness,1,4599.0,2026-01-18 23:21:36
CUST0011,PROD_C07,Natural Charcoal Detox Mask,Beauty & Care,1,699.0,2026-05-31 11:21:36
CUST0471,PROD_E01,Wireless Noise-Canceling Headphones,Electronics,1,2499.0,2026-10-04 19:21:36
CUST0484,PROD_F04,Polarized UV Protection Sunglasses,Fashion,1,1299.0,2026-01-26 15:21:36
CUST0279,PROD_E17,External Hard Drive 2TB,Electronics,1,5299.0,2026-06-24 22:21:36
CUST0300,PROD_B04,Designing Data-Intensive Applications,Books,1,1250.0,2025-10-28 03:21:36
CUST0090,PROD_E17,External Hard Drive 2TB,Electronics,1,5299.0,2026-08-08 13:21:36
CUST0207,PROD_C07,Natural Charcoal Detox Mask,Beauty & Care,1,699.0,2025-12-24 17:21:36
CUST0103,PROD_E01,Wireless Noise-Canceling Headphones,Electronics,1,2499.0,2025-11-24 18:21:36
CUST0472,PROD_S03,Resistance Loop Exercise Bands Set,Sports & Fitness,1,699.0,2025-10-30 14:21:36
CUST0223,PROD_E11,Active Noise Cancelling Earbuds,Electronics,1,3199.0,2025-11-07 13:21:36
CUST0363,PROD_S08,Waterproof Cycling Helmet,Sports & Fitness,1,1899.0,2026-04-26 04:21:36
CUST0098,PROD_B05,System Design Interview Guide,Books,1,950.0,2026-05-25 07:21:36
CUST0111,PROD_B08,"Thinking, Fast and Slow",Books,1,520.0,2026-02-09 13:21:36
CUST0121,PROD_F12,Hooded Fleece Sweatshirt,Fashion,2,1899.0,2026-07-29 04:21:36
CUST0063,PROD_B03,The Psychology of Money,Books,1,450.0,2026-01-07 11:21:36
CUST0229,PROD_C01,Hydrating Hyaluronic Acid Serum,Beauty & Care,1,899.0,2026-06-29 06:21:36
CUST0281,PROD_C02,SPF 50 Broad Spectrum Sunscreen,Beauty & Care,1,649.0,2026-04-08 23:21:36
CUST0139,PROD_S05,Insulated Sports Shaker Bottle,Sports & Fitness,1,499.0,2026-06-29 08:21:36
CUST0316,PROD_F08,Athletic Workout Leggings,Fashion,1,1199.0,2026-10-03 14:21:36
CUST0022,PROD_E07,Portable Bluetooth Speaker 20W,Electronics,1,2999.0,2026-05-14 08:21:36
CUST0058,PROD_C08,Rechargeable Facial Cleansing Brush,Beauty & Care,1,1499.0,2025-12-20 13:21:36
CUST0384,PROD_S05,Insulated Sports Shaker Bottle,Sports & Fitness,1,499.0,2025-12-23 14:21:36
CUST0172,PROD_S05,Insulated Sports Shaker Bottle,Sports & Fitness,1,499.0,2025-11-04 18:21:36
CUST0432,PROD_E17,External Hard Drive 2TB,Electronics,1,5299.0,2026-01-06 02:21:36
CUST0413,PROD_E17,External Hard Drive 2TB,Electronics,1,5299.0,2026-03-17 12:21:36
CUST0040,PROD_B10,Hands-On Machine Learning with Scikit-Learn,Books,1,1450.0,2026-05-06 10:21:36
CUST0255,PROD_H01,Stainless Steel Electric Kettle 1.8L,Home & Kitchen,2,1399.0,2026-07-10 09:21:36
CUST0244,PROD_C08,Rechargeable Facial Cleansing Brush,Beauty & Care,1,1499.0,2026-01-10 22:21:36
CUST0033,PROD_S08,Waterproof Cycling Helmet,Sports & Fitness,1,1899.0,2026-01-26 12:21:36
CUST0373,PROD_E09,HD Web Camera with Microphone,Electronics,2,2199.0,2026-09-20 21:21:36
CUST0488,PROD_C04,Sonic Electric Toothbrush,Beauty & Care,1,2299.0,2026-08-20 23:21:36
CUST0208,PROD_H06,Robot Vacuum Cleaner with Mop,Home & Kitchen,1,15999.0,2026-02-14 03:21:36
CUST0368,PROD_C05,Organic Argan Oil Hair Treatment,Beauty & Care,2,750.0,2026-09-15 13:21:36
CUST0425,PROD_E08,Multi-Port USB Hub Type-C,Electronics,1,899.0,2025-11-10 09:21:36
CUST0109,PROD_E05,Fast Charging USB-C Power Bank 20000mAh,Electronics,1,1999.0,2026-03-21 19:21:36
CUST0275,PROD_C01,Hydrating Hyaluronic Acid Serum,Beauty & Care,1,899.0,2026-08-19 20:21:36
CUST0211,PROD_S05,Insulated Sports Shaker Bottle,Sports & Fitness,1,499.0,2026-07-15 00:21:36
CUST0487,PROD_B10,Hands-On Machine Learning with Scikit-Learn,Books,1,1450.0,2026-09-20 18:21:36
CUST0438,PROD_S04,High-Density Foam Muscle Roller,Sports & Fitness,1,899.0,2026-05-23 17:21:36
CUST0476,PROD_S07,Breathable Weightlifting Gloves,Sports & Fitness,3,599.0,2026-02-15 12:21:36
CUST0106,PROD_C07,Natural Charcoal Detox Mask,Beauty & Care,1,699.0,2026-01-22 19:21:36
CUST0063,PROD_B07,Python for Data Analysis,Books,1,850.0,2026-10-04 02:21:36
CUST0104,PROD_E16,Internal SSD 1TB NVMe,Electronics,1,6499.0,2026-01-14 22:21:36
CUST0293,PROD_C01,Hydrating Hyaluronic Acid Serum,Beauty & Care,1,899.0,2026-07-29 18:21:36
CUST0472,PROD_S02,Adjustable Dumbbell Set 20kg,Sports & Fitness,1,4599.0,2026-03-12 10:21:36
CUST0472,PROD_H11,Digital Kitchen Weighing Scale,Home & Kitchen,1,599.0,2026-08-10 18:21:36
CUST0145,PROD_E04,4K Ultra HD Smart Monitor 27-inch,Electronics,1,18999.0,2026-10-04 00:21:36
CUST0150,PROD_B10,Hands-On Machine Learning with Scikit-Learn,Books,1,1450.0,2026-04-29 12:21:36
CUST0068,PROD_C04,Sonic Electric Toothbrush,Beauty & Care,2,2299.0,2026-05-29 22:21:36
CUST0291,PROD_F08,Athletic Workout Leggings,Fashion,1,1199.0,2025-11-10 00:21:36
CUST0248,PROD_S04,High-Density Foam Muscle Roller,Sports & Fitness,2,899.0,2026-08-30 10:21:36
CUST0487,PROD_F10,Formal Leather Belt Black,Fashion,1,799.0,2026-08-11 09:21:36
CUST0001,PROD_B05,System Design Interview Guide,Books,1,950.0,2026-01-05 21:21:36
CUST0396,PROD_H07,Smart LED Desk Lamp with Dimmer,Home & Kitchen,1,1699.0,2026-08-16 19:21:36
CUST0353,PROD_C08,Rechargeable Facial Cleansing Brush,Beauty & Care,1,1499.0,2025-11-03 17:21:36
CUST0397,PROD_B06,Clean Code: Handbook of Software Craftsmanship,Books,1,1100.0,2025-11-09 22:21:36
CUST0387,PROD_C06,Gentle Exfoliating Face Scrub,Beauty & Care,1,550.0,2026-07-23 03:21:36
CUST0221,PROD_B05,System Design Interview Guide,Books,1,950.0,2026-06-11 12:21:36
CUST0356,PROD_F14,Water-Resistant Travel Backpack,Fashion,1,2399.0,2025-12-21 00:21:36
CUST0310,PROD_F05,Genuine Leather Crossbody Bag,Fashion,1,2799.0,2026-06-03 13:21:36
CUST0028,PROD_E12,Aluminum Laptop Cooling Pad,Electronics,1,1499.0,2026-03-09 07:21:36
CUST0306,PROD_H09,Aromatherapy Essential Oil Diffuser,Home & Kitchen,1,1299.0,2026-03-19 10:21:36
CUST0150,PROD_E05,Fast Charging USB-C Power Bank 20000mAh,Electronics,1,1999.0,2026-06-17 22:21:36
CUST0321,PROD_H04,Automatic Espresso Coffee Maker,Home & Kitchen,3,12499.0,2026-09-19 03:21:36
CUST0031,PROD_B06,Clean Code: Handbook of Software Craftsmanship,Books,2,1100.0,2025-11-24 01:21:36
CUST0146,PROD_E12,Aluminum Laptop Cooling Pad,Electronics,1,1499.0,2025-11-04 03:21:36
CUST0476,PROD_S01,Non-Slip Eco Yoga Mat 6mm,Sports & Fitness,1,1299.0,2026-07-11 12:21:36
CUST0278,PROD_H12,Microfiber Bed Sheet Set Queen,Home & Kitchen,1,1499.0,2026-05-27 23:21:36
CUST0346,PROD_S01,Non-Slip Eco Yoga Mat 6mm,Sports & Fitness,1,1299.0,2026-01-07 23:21:36
CUST0294,PROD_B08,"Thinking, Fast and Slow",Books,1,520.0,2025-11-16 02:21:36
CUST0066,PROD_C05,Organic Argan Oil Hair Treatment,Beauty & Care,1,750.0,2026-06-07 21:21:36
CUST0235,PROD_E03,Ergonomic Wireless Mouse,Electronics,1,1299.0,2026-09-09 05:21:36
CUST0110,PROD_S08,Waterproof Cycling Helmet,Sports & Fitness,1,1899.0,2026-06-24 15:21:36
CUST0430,PROD_B06,Clean Code: Handbook of Software Craftsmanship,Books,1,1100.0,2026-01-13 07:21:36
CUST0035,PROD_C06,Gentle Exfoliating Face Scrub,Beauty & Care,1,550.0,2025-10-21 23:21:36
CUST0213,PROD_S08,Waterproof Cycling Helmet,Sports & Fitness,1,1899.0,2026-07-18 04:21:36
CUST0007,PROD_E04,4K Ultra HD Smart Monitor 27-inch,Electronics,1,18999.0,2026-03-04 14:21:36
CUST0243,PROD_E10,High-Speed Wi-Fi 6 Router,Electronics,1,3899.0,2025-12-10 04:21:36
CUST0202,PROD_B03,The Psychology of Money,Books,1,450.0,2026-08-28 12:21:36
CUST0017,PROD_F02,Breathable Running Sneakers,Fashion,1,3299.0,2026-02-06 06:21:36
CUST0225,PROD_B09,Zero to One by Peter Thiel,Books,1,480.0,2026-09-16 00:21:36
CUST0483,PROD_C02,SPF 50 Broad Spectrum Sunscreen,Beauty & Care,1,649.0,2025-12-03 09:21:36
CUST0326,PROD_B02,Atomic Habits by James Clear,Books,1,599.0,2026-08-14 15:21:36
CUST0320,PROD_C01,Hydrating Hyaluronic Acid Serum,Beauty & Care,1,899.0,2026-02-27 11:21:36
CUST0063,PROD_B07,Python for Data Analysis,Books,1,850.0,2026-01-27 20:21:36
CUST0438,PROD_B08,"Thinking, Fast and Slow",Books,1,520.0,2026-03-31 05:21:36
CUST0265,PROD_C01,Hydrating Hyaluronic Acid Serum,Beauty & Care,1,899.0,2026-08-02 05:21:36
CUST0108,PROD_H11,Digital Kitchen Weighing Scale,Home & Kitchen,1,599.0,2025-12-27 07:21:36
CUST0487,PROD_E10,High-Speed Wi-Fi 6 Router,Electronics,1,3899.0,2026-04-18 07:21:36
CUST0063,PROD_B09,Zero to One by Peter Thiel,Books,1,480.0,2026-06-15 02:21:36
CUST0165,PROD_E17,External Hard Drive 2TB,Electronics,1,5299.0,2026-08-21 07:21:36
CUST0165,PROD_F09,Waterproof HIKING Boots,Fashion,1,4199.0,2026-08-14 01:21:36
CUST0088,PROD_F10,Formal Leather Belt Black,Fashion,1,799.0,2026-06-01 06:21:36
CUST0346,PROD_S01,Non-Slip Eco Yoga Mat 6mm,Sports & Fitness,1,1299.0,2026-02-17 06:21:36
CUST0244,PROD_E03,Ergonomic Wireless Mouse,Electronics,1,1299.0,2025-11-27 16:21:36
CUST0478,PROD_S05,Insulated Sports Shaker Bottle,Sports & Fitness,1,499.0,2025-12-03 16:21:36
CUST0402,PROD_B05,System Design Interview Guide,Books,1,950.0,2026-03-30 16:21:36
CUST0467,PROD_E10,High-Speed Wi-Fi 6 Router,Electronics,1,3899.0,2026-05-25 00:21:36
CUST0092,PROD_S08,Waterproof Cycling Helmet,Sports & Fitness,1,1899.0,2026-03-09 13:21:36
CUST0024,PROD_H03,Memory Foam Orthopedic Pillow,Home & Kitchen,1,1199.0,2026-03-25 14:21:36
CUST0123,PROD_F04,Polarized UV Protection Sunglasses,Fashion,1,1299.0,2026-09-16 22:21:36
CUST0380,PROD_S05,Insulated Sports Shaker Bottle,Sports & Fitness,1,499.0,2026-01-31 06:21:36
CUST0230,PROD_H09,Aromatherapy Essential Oil Diffuser,Home & Kitchen,1,1299.0,2026-10-05 02:21:36
CUST0224,PROD_F06,Warm Knit Winter Beanie,Fashion,1,499.0,2026-07-17 15:21:36
CUST0218,PROD_H01,Stainless Steel Electric Kettle 1.8L,Home & Kitchen,1,1399.0,2026-06-03 20:21:36
CUST0331,PROD_F01,Classic Cotton Denim Jacket,Fashion,1,2199.0,2026-01-16 10:21:36
CUST0319,PROD_S01,Non-Slip Eco Yoga Mat 6mm,Sports & Fitness,1,1299.0,2026-08-16 16:21:36
CUST0200,PROD_F14,Water-Resistant Travel Backpack,Fashion,1,2399.0,2026-03-30 03:21:36
CUST0372,PROD_S03,Resistance Loop Exercise Bands Set,Sports & Fitness,1,699.0,2025-11-19 15:21:36
CUST0092,PROD_S06,Speed Jump Rope with Ball Bearings,Sports & Fitness,1,399.0,2026-04-18 23:21:36
CUST0247,PROD_F06,Warm Knit Winter Beanie,Fashion,1,499.0,2025-10-28 02:21:36
CUST0275,PROD_F09,Waterproof HIKING Boots,Fashion,1,4199.0,2025-10-25 06:21:36
CUST0116,PROD_H08,Insulated Vacuum Water Bottle 1L,Home & Kitchen,1,699.0,2026-02-05 15:21:36
CUST0338,PROD_F08,Athletic Workout Leggings,Fashion,1,1199.0,2026-02-19 12:21:36
CUST0256,PROD_H11,Digital Kitchen Weighing Scale,Home & Kitchen,1,599.0,2026-06-25 09:21:36
CUST0038,PROD_B04,Designing Data-Intensive Applications,Books,1,1250.0,2026-05-04 01:21:36
CUST0363,PROD_B05,System Design Interview Guide,Books,1,950.0,2026-02-23 20:21:36
CUST0285,PROD_E13,Surround Sound Gaming Headset,Electronics,1,2799.0,2026-02-02 08:21:36
CUST0140,PROD_F01,Classic Cotton Denim Jacket,Fashion,1,2199.0,2026-07-11 16:21:36
CUST0458,PROD_S08,Waterproof Cycling Helmet,Sports & Fitness,1,1899.0,2026-09-24 02:21:36
CUST0464,PROD_H04,Automatic Espresso Coffee Maker,Home & Kitchen,1,12499.0,2026-01-15 22:21:36
CUST0393,PROD_F01,Classic Cotton Denim Jacket,Fashion,1,2199.0,2025-12-22 08:21:36
CUST0093,PROD_F08,Athletic Workout Leggings,Fashion,1,1199.0,2026-08-04 12:21:36
CUST0043,PROD_H11,Digital Kitchen Weighing Scale,Home & Kitchen,3,599.0,2026-01-22 16:21:36
CUST0456,PROD_H09,Aromatherapy Essential Oil Diffuser,Home & Kitchen,1,1299.0,2026-05-18 09:21:36
CUST0118,PROD_C04,Sonic Electric Toothbrush,Beauty & Care,1,2299.0,2025-10-24 09:21:36
CUST0469,PROD_F08,Athletic Workout Leggings,Fashion,1,1199.0,2026-07-30 16:21:36
CUST0193,PROD_F03,Slim Fit Casual Button-Up Shirt,Fashion,2,1499.0,2026-09-02 13:21:36
CUST0208,PROD_F08,Athletic Workout Leggings,Fashion,1,1199.0,2026-08-11 19:21:36
CUST0354,PROD_F01,Classic Cotton Denim Jacket,Fashion,1,2199.0,2026-01-26 15:21:36
CUST0199,PROD_E09,HD Web Camera with Microphone,Electronics,1,2199.0,2025-11-12 21:21:36
CUST0441,PROD_E14,Smart Plug with Voice Control,Electronics,1,799.0,2026-04-15 19:21:36
CUST0019,PROD_H02,Digital Air Fryer 4.5L,Home & Kitchen,2,5999.0,2026-01-20 18:21:36
CUST0460,PROD_B05,System Design Interview Guide,Books,1,950.0,2026-05-05 03:21:36
CUST0304,PROD_B10,Hands-On Machine Learning with Scikit-Learn,Books,1,1450.0,2026-01-16 20:21:36
CUST0231,PROD_F08,Athletic Workout Leggings,Fashion,1,1199.0,2026-02-08 07:21:36
CUST0047,PROD_H05,Non-Stick Ceramic Cookware Set 5-Piece,Home & Kitchen,1,3999.0,2026-06-21 07:21:36
CUST0095,PROD_B05,System Design Interview Guide,Books,1,950.0,2026-08-12 14:21:36
CUST0469,PROD_F11,Comfortable Canvas Slip-Ons,Fashion,1,1599.0,2025-11-26 02:21:36
CUST0019,PROD_H11,Digital Kitchen Weighing Scale,Home & Kitchen,1,599.0,2026-05-12 21:21:36
CUST0236,PROD_F13,Designer Silk Scarf,Fashion,1,999.0,2026-08-24 06:21:36
CUST0264,PROD_B02,Atomic Habits by James Clear,Books,1,599.0,2026-04-12 17:21:36
CUST0469,PROD_F02,Breathable Running Sneakers,Fashion,1,3299.0,2026-06-22 11:21:36
CUST0239,PROD_H08,Insulated Vacuum Water Bottle 1L,Home & Kitchen,1,699.0,2026-03-05 09:21:36
CUST0337,PROD_B03,The Psychology of Money,Books,1,450.0,2026-01-23 23:21:36
CUST0370,PROD_C06,Gentle Exfoliating Face Scrub,Beauty & Care,1,550.0,2026-03-29 22:21:36
CUST0347,PROD_B05,System Design Interview Guide,Books,1,950.0,2026-01-13 10:21:36
CUST0350,PROD_E12,Aluminum Laptop Cooling Pad,Electronics,1,1499.0,2026-10-01 02:21:36
CUST0087,PROD_B10,Hands-On Machine Learning with Scikit-Learn,Books,2,1450.0,2026-07-26 09:21:36
CUST0158,PROD_F08,Athletic Workout Leggings,Fashion,1,1199.0,2026-04-17 22:21:36
CUST0090,PROD_S07,Breathable Weightlifting Gloves,Sports & Fitness,1,599.0,2026-07-28 04:21:36
CUST0201,PROD_E11,Active Noise Cancelling Earbuds,Electronics,1,3199.0,2026-09-25 22:21:36
CUST0460,PROD_F08,Athletic Workout Leggings,Fashion,1,1199.0,2026-06-24 19:21:36
CUST0095,PROD_C06,Gentle Exfoliating Face Scrub,Beauty & Care,1,550.0,2026-06-20 21:21:36
CUST0271,PROD_B03,The Psychology of Money,Books,1,450.0,2026-05-30 07:21:36
CUST0463,PROD_S07,Breathable Weightlifting Gloves,Sports & Fitness,1,599.0,2026-09-20 14:21:36
CUST0130,PROD_E11,Active Noise Cancelling Earbuds,Electronics,1,3199.0,2025-12-24 21:21:36
CUST0370,PROD_H02,Digital Air Fryer 4.5L,Home & Kitchen,3,5999.0,2026-09-02 05:21:36
CUST0255,PROD_H11,Digital Kitchen Weighing Scale,Home & Kitchen,1,599.0,2025-12-30 05:21:36
CUST0448,PROD_B10,Hands-On Machine Learning with Scikit-Learn,Books,1,1450.0,2025-10-24 13:21:36
CUST0119,PROD_E03,Ergonomic Wireless Mouse,Electronics,1,1299.0,2026-05-04 22:21:36
CUST0189,PROD_B07,Python for Data Analysis,Books,1,850.0,2026-06-10 13:21:36
CUST0191,PROD_B06,Clean Code: Handbook of Software Craftsmanship,Books,1,1100.0,2025-11-07 07:21:36
CUST0356,PROD_F11,Comfortable Canvas Slip-Ons,Fashion,1,1599.0,2026-08-22 08:21:36
CUST0286,PROD_E01,Wireless Noise-Canceling Headphones,Electronics,1,2499.0,2025-12-19 01:21:36
CUST0412,PROD_S08,Waterproof Cycling Helmet,Sports & Fitness,1,1899.0,2026-01-10 13:21:36
CUST0314,PROD_C05,Organic Argan Oil Hair Treatment,Beauty & Care,1,750.0,2025-12-08 11:21:36
CUST0403,PROD_E14,Smart Plug with Voice Control,Electronics,1,799.0,2026-04-22 02:21:36
CUST0190,PROD_B10,Hands-On Machine Learning with Scikit-Learn,Books,1,1450.0,2026-02-12 11:21:36
CUST0134,PROD_B03,The Psychology of Money,Books,1,450.0,2026-08-19 01:21:36
CUST0190,PROD_B05,System Design Interview Guide,Books,2,950.0,2026-01-13 16:21:36
CUST0464,PROD_E05,Fast Charging USB-C Power Bank 20000mAh,Electronics,1,1999.0,2026-09-23 22:21:36
CUST0479,PROD_B10,Hands-On Machine Learning with Scikit-Learn,Books,1,1450.0,2025-12-26 21:21:36
CUST0414,PROD_H06,Robot Vacuum Cleaner with Mop,Home & Kitchen,1,15999.0,2026-07-30 18:21:36
CUST0300,PROD_B03,The Psychology of Money,Books,1,450.0,2026-07-24 09:21:36
CUST0489,PROD_S02,Adjustable Dumbbell Set 20kg,Sports & Fitness,1,4599.0,2025-11-03 13:21:36
CUST0041,PROD_E04,4K Ultra HD Smart Monitor 27-inch,Electronics,1,18999.0,2026-05-18 12:21:36
CUST0278,PROD_H06,Robot Vacuum Cleaner with Mop,Home & Kitchen,1,15999.0,2026-09-15 00:21:36
CUST0181,PROD_E17,External Hard Drive 2TB,Electronics,1,5299.0,2025-11-28 10:21:36
CUST0421,PROD_S05,Insulated Sports Shaker Bottle,Sports & Fitness,1,499.0,2025-11-01 18:21:36
CUST0155,PROD_C04,Sonic Electric Toothbrush,Beauty & Care,1,2299.0,2026-09-29 15:21:36
CUST0371,PROD_S03,Resistance Loop Exercise Bands Set,Sports & Fitness,1,699.0,2026-03-24 08:21:36
CUST0432,PROD_C01,Hydrating Hyaluronic Acid Serum,Beauty & Care,1,899.0,2026-09-24 10:21:36
CUST0292,PROD_E17,External Hard Drive 2TB,Electronics,1,5299.0,2026-01-07 04:21:36
CUST0084,PROD_F09,Waterproof HIKING Boots,Fashion,1,4199.0,2026-02-06 20:21:36
CUST0332,PROD_B05,System Design Interview Guide,Books,1,950.0,2026-07-14 09:21:36
CUST0030,PROD_B10,Hands-On Machine Learning with Scikit-Learn,Books,1,1450.0,2026-03-06 16:21:36
CUST0470,PROD_F10,Formal Leather Belt Black,Fashion,1,799.0,2025-10-25 23:21:36
CUST0455,PROD_S02,Adjustable Dumbbell Set 20kg,Sports & Fitness,1,4599.0,2026-01-13 16:21:36
CUST0349,PROD_B10,Hands-On Machine Learning with Scikit-Learn,Books,1,1450.0,2026-04-22 19:21:36
CUST0448,PROD_C04,Sonic Electric Toothbrush,Beauty & Care,1,2299.0,2026-01-06 08:21:36
CUST0009,PROD_B01,Deep Learning Foundations & Applications,Books,1,899.0,2026-02-27 03:21:36
CUST0068,PROD_C06,Gentle Exfoliating Face Scrub,Beauty & Care,1,550.0,2026-07-13 15:21:36
CUST0140,PROD_F08,Athletic Workout Leggings,Fashion,1,1199.0,2026-06-28 09:21:36
CUST0296,PROD_S08,Waterproof Cycling Helmet,Sports & Fitness,1,1899.0,2026-02-23 03:21:36
CUST0209,PROD_C01,Hydrating Hyaluronic Acid Serum,Beauty & Care,1,899.0,2025-12-29 14:21:36
CUST0276,PROD_C08,Rechargeable Facial Cleansing Brush,Beauty & Care,1,1499.0,2025-11-07 04:21:36
CUST0143,PROD_C08,Rechargeable Facial Cleansing Brush,Beauty & Care,1,1499.0,2025-11-11 13:21:36
CUST0435,PROD_C07,Natural Charcoal Detox Mask,Beauty & Care,1,699.0,2026-05-05 15:21:36
CUST0140,PROD_E02,Mechanical Gaming Keyboard,Electronics,1,3499.0,2026-08-05 02:21:36
CUST0152,PROD_S04,High-Density Foam Muscle Roller,Sports & Fitness,1,899.0,2025-10-22 02:21:36
CUST0211,PROD_B07,Python for Data Analysis,Books,1,850.0,2025-12-14 13:21:36
CUST0484,PROD_F09,Waterproof HIKING Boots,Fashion,1,4199.0,2025-10-21 12:21:36
CUST0402,PROD_F06,Warm Knit Winter Beanie,Fashion,1,499.0,2025-11-20 12:21:36
CUST0071,PROD_B10,Hands-On Machine Learning with Scikit-Learn,Books,1,1450.0,2026-04-05 16:21:36
CUST0442,PROD_C02,SPF 50 Broad Spectrum Sunscreen,Beauty & Care,1,649.0,2026-05-27 17:21:36
CUST0433,PROD_E04,4K Ultra HD Smart Monitor 27-inch,Electronics,1,18999.0,2026-09-23 21:21:36
CUST0444,PROD_B07,Python for Data Analysis,Books,1,850.0,2026-02-07 12:21:36
CUST0079,PROD_C01,Hydrating Hyaluronic Acid Serum,Beauty & Care,1,899.0,2026-03-17 09:21:36
CUST0191,PROD_B05,System Design Interview Guide,Books,1,950.0,2026-06-12 16:21:36
CUST0193,PROD_B05,System Design Interview Guide,Books,1,950.0,2026-01-03 13:21:36
CUST0475,PROD_S07,Breathable Weightlifting Gloves,Sports & Fitness,1,599.0,2026-08-08 13:21:36
CUST0151,PROD_B05,System Design Interview Guide,Books,1,950.0,2026-07-26 09:21:36
CUST0013,PROD_F10,Formal Leather Belt Black,Fashion,1,799.0,2026-04-01 17:21:36
CUST0067,PROD_H05,Non-Stick Ceramic Cookware Set 5-Piece,Home & Kitchen,1,3999.0,2026-05-01 10:21:36
CUST0300,PROD_B01,Deep Learning Foundations & Applications,Books,1,899.0,2026-05-23 00:21:36
CUST0018,PROD_S05,Insulated Sports Shaker Bottle,Sports & Fitness,2,499.0,2026-06-07 22:21:36
CUST0310,PROD_F06,Warm Knit Winter Beanie,Fashion,1,499.0,2026-06-05 03:21:36
CUST0292,PROD_E11,Active Noise Cancelling Earbuds,Electronics,1,3199.0,2025-12-30 20:21:36
CUST0138,PROD_F13,Designer Silk Scarf,Fashion,1,999.0,2026-09-18 16:21:36
CUST0482,PROD_H11,Digital Kitchen Weighing Scale,Home & Kitchen,1,599.0,2025-11-24 04:21:36
CUST0079,PROD_C08,Rechargeable Facial Cleansing Brush,Beauty & Care,1,1499.0,2026-08-20 15:21:36
CUST0104,PROD_E15,Wireless Phone Charging Pad,Electronics,1,999.0,2026-08-02 08:21:36
CUST0043,PROD_H06,Robot Vacuum Cleaner with Mop,Home & Kitchen,3,15999.0,2026-09-30 17:21:36
CUST0428,PROD_B08,"Thinking, Fast and Slow",Books,1,520.0,2026-06-17 16:21:36
CUST0136,PROD_B04,Designing Data-Intensive Applications,Books,1,1250.0,2026-01-05 05:21:36
CUST0396,PROD_H02,Digital Air Fryer 4.5L,Home & Kitchen,1,5999.0,2026-02-05 22:21:36
CUST0169,PROD_F06,Warm Knit Winter Beanie,Fashion,2,499.0,2026-06-25 17:21:36
CUST0433,PROD_E15,Wireless Phone Charging Pad,Electronics,1,999.0,2026-05-19 10:21:36
CUST0029,PROD_C08,Rechargeable Facial Cleansing Brush,Beauty & Care,1,1499.0,2026-06-23 14:21:36
CUST0296,PROD_H06,Robot Vacuum Cleaner with Mop,Home & Kitchen,1,15999.0,2026-03-27 11:21:36
CUST0123,PROD_H12,Microfiber Bed Sheet Set Queen,Home & Kitchen,1,1499.0,2026-01-22 01:21:36
CUST0295,PROD_E05,Fast Charging USB-C Power Bank 20000mAh,Electronics,1,1999.0,2026-09-07 04:21:36
CUST0388,PROD_H05,Non-Stick Ceramic Cookware Set 5-Piece,Home & Kitchen,3,3999.0,2026-03-06 12:21:36
CUST0027,PROD_C03,Vitamin C Facial Cleanser,Beauty & Care,1,499.0,2026-02-05 10:21:36
CUST0117,PROD_E17,External Hard Drive 2TB,Electronics,1,5299.0,2026-03-14 13:21:36
CUST0125,PROD_B05,System Design Interview Guide,Books,1,950.0,2026-08-25 09:21:36
CUST0203,PROD_E04,4K Ultra HD Smart Monitor 27-inch,Electronics,1,18999.0,2025-10-08 23:21:36
CUST0426,PROD_C01,Hydrating Hyaluronic Acid Serum,Beauty & Care,1,899.0,2025-11-15 23:21:36
CUST0403,PROD_E12,Aluminum Laptop Cooling Pad,Electronics,1,1499.0,2026-03-27 15:21:36
CUST0334,PROD_E03,Ergonomic Wireless Mouse,Electronics,1,1299.0,2026-05-14 12:21:36
CUST0494,PROD_C04,Sonic Electric Toothbrush,Beauty & Care,1,2299.0,2026-06-21 04:21:36
CUST0327,PROD_B05,System Design Interview Guide,Books,1,950.0,2025-12-16 00:21:36
CUST0220,PROD_C03,Vitamin C Facial Cleanser,Beauty & Care,1,499.0,2026-07-23 21:21:36
CUST0231,PROD_F02,Breathable Running Sneakers,Fashion,1,3299.0,2026-04-14 10:21:36
CUST0449,PROD_H07,Smart LED Desk Lamp with Dimmer,Home & Kitchen,2,1699.0,2026-09-02 11:21:36
CUST0237,PROD_B05,System Design Interview Guide,Books,1,950.0,2026-01-28 08:21:36
CUST0114,PROD_S05,Insulated Sports Shaker Bottle,Sports & Fitness,1,499.0,2026-08-18 00:21:36
CUST0114,PROD_F08,Athletic Workout Leggings,Fashion,1,1199.0,2026-10-02 21:21:36
CUST0305,PROD_S02,Adjustable Dumbbell Set 20kg,Sports & Fitness,1,4599.0,2026-02-23 14:21:36
CUST0108,PROD_B05,System Design Interview Guide,Books,1,950.0,2025-12-24 06:21:36
CUST0276,PROD_H11,Digital Kitchen Weighing Scale,Home & Kitchen,2,599.0,2025-12-19 16:21:36
CUST0500,PROD_H11,Digital Kitchen Weighing Scale,Home & Kitchen,1,599.0,2026-05-23 22:21:36
CUST0028,PROD_E13,Surround Sound Gaming Headset,Electronics,1,2799.0,2026-01-04 13:21:36
CUST0159,PROD_F02,Breathable Running Sneakers,Fashion,1,3299.0,2026-07-30 00:21:36
CUST0312,PROD_F01,Classic Cotton Denim Jacket,Fashion,1,2199.0,2026-05-02 12:21:36
CUST0306,PROD_S02,Adjustable Dumbbell Set 20kg,Sports & Fitness,1,4599.0,2026-08-28 05:21:36
CUST0270,PROD_H08,Insulated Vacuum Water Bottle 1L,Home & Kitchen,1,699.0,2026-06-26 12:21:36
CUST0485,PROD_B05,System Design Interview Guide,Books,1,950.0,2026-05-22 10:21:36
CUST0058,PROD_S02,Adjustable Dumbbell Set 20kg,Sports & Fitness,2,4599.0,2026-07-31 19:21:36
CUST0103,PROD_E01,Wireless Noise-Canceling Headphones,Electronics,1,2499.0,2026-06-28 22:21:36
CUST0143,PROD_F09,Waterproof HIKING Boots,Fashion,1,4199.0,2026-09-13 05:21:36
CUST0306,PROD_H11,Digital Kitchen Weighing Scale,Home & Kitchen,1,599.0,2026-04-26 07:21:36
CUST0466,PROD_E11,Active Noise Cancelling Earbuds,Electronics,1,3199.0,2026-05-18 05:21:36
CUST0231,PROD_F09,Waterproof HIKING Boots,Fashion,1,4199.0,2026-07-12 03:21:36
CUST0305,PROD_B10,Hands-On Machine Learning with Scikit-Learn,Books,2,1450.0,2025-12-22 01:21:36
CUST0140,PROD_B10,Hands-On Machine Learning with Scikit-Learn,Books,1,1450.0,2025-12-04 07:21:36
CUST0352,PROD_C07,Natural Charcoal Detox Mask,Beauty & Care,1,699.0,2025-12-02 11:21:36
CUST0342,PROD_C04,Sonic Electric Toothbrush,Beauty & Care,2,2299.0,2025-10-26 20:21:36
CUST0405,PROD_S06,Speed Jump Rope with Ball Bearings,Sports & Fitness,1,399.0,2026-02-28 23:21:36
CUST0279,PROD_B05,System Design Interview Guide,Books,1,950.0,2026-07-25 01:21:36
CUST0394,PROD_S03,Resistance Loop Exercise Bands Set,Sports & Fitness,2,699.0,2026-07-23 09:21:36
CUST0068,PROD_C04,Sonic Electric Toothbrush,Beauty & Care,1,2299.0,2026-06-24 17:21:36
CUST0412,PROD_S08,Waterproof Cycling Helmet,Sports & Fitness,3,1899.0,2026-09-29 06:21:36
CUST0143,PROD_E17,External Hard Drive 2TB,Electronics,1,5299.0,2025-10-10 21:21:36
CUST0284,PROD_B08,"Thinking, Fast and Slow",Books,1,520.0,2026-09-06 03:21:36
CUST0018,PROD_F09,Waterproof HIKING Boots,Fashion,3,4199.0,2026-06-28 00:21:36
CUST0464,PROD_F06,Warm Knit Winter Beanie,Fashion,1,499.0,2026-02-14 06:21:36
CUST0354,PROD_F02,Breathable Running Sneakers,Fashion,1,3299.0,2026-08-16 20:21:36
CUST0292,PROD_E07,Portable Bluetooth Speaker 20W,Electronics,1,2999.0,2026-09-27 08:21:36
CUST0080,PROD_B05,System Design Interview Guide,Books,1,950.0,2025-12-02 01:21:36
CUST0350,PROD_S08,Waterproof Cycling Helmet,Sports & Fitness,1,1899.0,2025-12-20 15:21:36
CUST0477,PROD_F09,Waterproof HIKING Boots,Fashion,1,4199.0,2026-01-06 19:21:36
CUST0316,PROD_C06,Gentle Exfoliating Face Scrub,Beauty & Care,1,550.0,2025-10-14 07:21:36
CUST0407,PROD_E03,Ergonomic Wireless Mouse,Electronics,1,1299.0,2026-03-07 09:21:36
CUST0472,PROD_S04,High-Density Foam Muscle Roller,Sports & Fitness,1,899.0,2025-12-25 16:21:36
CUST0228,PROD_B05,System Design Interview Guide,Books,1,950.0,2026-01-20 16:21:36
CUST0239,PROD_H08,Insulated Vacuum Water Bottle 1L,Home & Kitchen,1,699.0,2026-04-20 23:21:36
CUST0287,PROD_B02,Atomic Habits by James Clear,Books,1,599.0,2025-10-11 01:21:36
CUST0049,PROD_E01,Wireless Noise-Canceling Headphones,Electronics,1,2499.0,2026-06-06 06:21:36
CUST0207,PROD_C03,Vitamin C Facial Cleanser,Beauty & Care,1,499.0,2026-03-11 20:21:36
CUST0143,PROD_S08,Waterproof Cycling Helmet,Sports & Fitness,1,1899.0,2026-02-27 05:21:36
CUST0187,PROD_S01,Non-Slip Eco Yoga Mat 6mm,Sports & Fitness,1,1299.0,2026-06-25 19:21:36
CUST0391,PROD_E07,Portable Bluetooth Speaker 20W,Electronics,1,2999.0,2026-08-12 01:21:36
CUST0084,PROD_F11,Comfortable Canvas Slip-Ons,Fashion,1,1599.0,2026-08-10 08:21:36
CUST0149,PROD_S08,Waterproof Cycling Helmet,Sports & Fitness,1,1899.0,2026-09-17 18:21:36
CUST0133,PROD_F12,Hooded Fleece Sweatshirt,Fashion,1,1899.0,2026-02-10 18:21:36
CUST0262,PROD_H08,Insulated Vacuum Water Bottle 1L,Home & Kitchen,1,699.0,2026-07-22 01:21:36
CUST0337,PROD_B05,System Design Interview Guide,Books,1,950.0,2025-11-19 09:21:36
CUST0333,PROD_S01,Non-Slip Eco Yoga Mat 6mm,Sports & Fitness,1,1299.0,2026-06-02 14:21:36
CUST0286,PROD_E17,External Hard Drive 2TB,Electronics,2,5299.0,2026-05-02 02:21:36
CUST0378,PROD_F01,Classic Cotton Denim Jacket,Fashion,1,2199.0,2026-03-17 07:21:36
CUST0072,PROD_C03,Vitamin C Facial Cleanser,Beauty & Care,1,499.0,2025-10-20 18:21:36
CUST0482,PROD_B02,Atomic Habits by James Clear,Books,1,599.0,2026-06-22 22:21:36
CUST0239,PROD_H05,Non-Stick Ceramic Cookware Set 5-Piece,Home & Kitchen,1,3999.0,2026-04-24 06:21:36
CUST0293,PROD_C07,Natural Charcoal Detox Mask,Beauty & Care,1,699.0,2026-04-06 01:21:36
CUST0373,PROD_E17,External Hard Drive 2TB,Electronics,1,5299.0,2026-05-11 19:21:36
CUST0160,PROD_C05,Organic Argan Oil Hair Treatment,Beauty & Care,1,750.0,2025-12-10 22:21:36
CUST0049,PROD_B08,"Thinking, Fast and Slow",Books,1,520.0,2026-06-04 03:21:36
CUST0357,PROD_F01,Classic Cotton Denim Jacket,Fashion,1,2199.0,2026-09-12 08:21:36
CUST0207,PROD_B05,System Design Interview Guide,Books,1,950.0,2026-02-22 16:21:36
CUST0425,PROD_F09,Waterproof HIKING Boots,Fashion,1,4199.0,2026-08-05 01:21:36
CUST0073,PROD_C04,Sonic Electric Toothbrush,Beauty & Care,1,2299.0,2026-05-02 06:21:36
CUST0110,PROD_C01,Hydrating Hyaluronic Acid Serum,Beauty & Care,1,899.0,2025-11-01 08:21:36
CUST0135,PROD_E13,Surround Sound Gaming Headset,Electronics,1,2799.0,2025-11-22 21:21:36
CUST0094,PROD_E08,Multi-Port USB Hub Type-C,Electronics,1,899.0,2025-10-14 20:21:36
CUST0214,PROD_E14,Smart Plug with Voice Control,Electronics,1,799.0,2025-12-20 22:21:36
CUST0322,PROD_S05,Insulated Sports Shaker Bottle,Sports & Fitness,2,499.0,2026-03-03 11:21:36
CUST0012,PROD_B03,The Psychology of Money,Books,1,450.0,2025-11-27 14:21:36
CUST0206,PROD_C03,Vitamin C Facial Cleanser,Beauty & Care,1,499.0,2025-12-12 04:21:36
CUST0291,PROD_E14,Smart Plug with Voice Control,Electronics,1,799.0,2025-10-20 05:21:36
CUST0412,PROD_H12,Microfiber Bed Sheet Set Queen,Home & Kitchen,1,1499.0,2026-06-15 17:21:36
CUST0080,PROD_B04,Designing Data-Intensive Applications,Books,1,1250.0,2026-07-16 08:21:36
CUST0036,PROD_F07,Stainless Steel Quartz Wristwatch,Fashion,1,4499.0,2026-08-16 05:21:36
CUST0220,PROD_C01,Hydrating Hyaluronic Acid Serum,Beauty & Care,1,899.0,2026-02-03 19:21:36
CUST0387,PROD_H05,Non-Stick Ceramic Cookware Set 5-Piece,Home & Kitchen,1,3999.0,2025-12-30 19:21:36
CUST0137,PROD_H12,Microfiber Bed Sheet Set Queen,Home & Kitchen,1,1499.0,2025-11-14 13:21:36
CUST0039,PROD_C04,Sonic Electric Toothbrush,Beauty & Care,1,2299.0,2026-04-16 11:21:36
CUST0085,PROD_F10,Formal Leather Belt Black,Fashion,1,799.0,2025-11-11 17:21:36
CUST0129,PROD_E17,External Hard Drive 2TB,Electronics,1,5299.0,2026-01-17 23:21:36
CUST0229,PROD_B10,Hands-On Machine Learning with Scikit-Learn,Books,2,1450.0,2026-02-05 05:21:36
CUST0303,PROD_B02,Atomic Habits by James Clear,Books,3,599.0,2026-01-11 20:21:36
CUST0485,PROD_F05,Genuine Leather Crossbody Bag,Fashion,1,2799.0,2026-05-01 12:21:36
CUST0025,PROD_F01,Classic Cotton Denim Jacket,Fashion,1,2199.0,2026-03-02 20:21:36
CUST0216,PROD_B10,Hands-On Machine Learning with Scikit-Learn,Books,1,1450.0,2026-06-21 01:21:36
CUST0356,PROD_H04,Automatic Espresso Coffee Maker,Home & Kitchen,1,12499.0,2025-11-12 18:21:36
CUST0065,PROD_E07,Portable Bluetooth Speaker 20W,Electronics,1,2999.0,2026-07-28 16:21:36
CUST0159,PROD_F14,Water-Resistant Travel Backpack,Fashion,1,2399.0,2026-06-25 10:21:36
CUST0406,PROD_E03,Ergonomic Wireless Mouse,Electronics,1,1299.0,2026-09-25 03:21:36
CUST0214,PROD_E03,Ergonomic Wireless Mouse,Electronics,1,1299.0,2026-08-18 14:21:36
CUST0232,PROD_C05,Organic Argan Oil Hair Treatment,Beauty & Care,1,750.0,2025-11-23 15:21:36
CUST0248,PROD_E10,High-Speed Wi-Fi 6 Router,Electronics,1,3899.0,2025-10-23 10:21:36
CUST0163,PROD_S01,Non-Slip Eco Yoga Mat 6mm,Sports & Fitness,1,1299.0,2026-04-01 23:21:36
CUST0371,PROD_S04,High-Density Foam Muscle Roller,Sports & Fitness,1,899.0,2025-12-27 05:21:36
CUST0136,PROD_S02,Adjustable Dumbbell Set 20kg,Sports & Fitness,1,4599.0,2025-10-23 06:21:36
CUST0423,PROD_B05,System Design Interview Guide,Books,1,950.0,2025-12-04 22:21:36
CUST0061,PROD_E09,HD Web Camera with Microphone,Electronics,1,2199.0,2025-11-25 05:21:36
CUST0228,PROD_S07,Breathable Weightlifting Gloves,Sports & Fitness,1,599.0,2025-11-13 10:21:36
CUST0453,PROD_B03,The Psychology of Money,Books,1,450.0,2026-01-11 17:21:36
CUST0170,PROD_C08,Rechargeable Facial Cleansing Brush,Beauty & Care,1,1499.0,2026-06-21 19:21:36
CUST0050,PROD_C04,Sonic Electric Toothbrush,Beauty & Care,1,2299.0,2026-07-15 04:21:36
CUST0082,PROD_F12,Hooded Fleece Sweatshirt,Fashion,1,1899.0,2025-10-29 15:21:36
CUST0435,PROD_B05,System Design Interview Guide,Books,1,950.0,2026-03-13 18:21:36
CUST0272,PROD_B05,System Design Interview Guide,Books,1,950.0,2025-12-19 20:21:36
CUST0328,PROD_B05,System Design Interview Guide,Books,1,950.0,2026-10-01 07:21:36
CUST0032,PROD_H11,Digital Kitchen Weighing Scale,Home & Kitchen,1,599.0,2026-02-21 05:21:36
CUST0343,PROD_E13,Surround Sound Gaming Headset,Electronics,1,2799.0,2026-03-14 10:21:36
CUST0149,PROD_C05,Organic Argan Oil Hair Treatment,Beauty & Care,3,750.0,2026-08-24 22:21:36
CUST0335,PROD_F08,Athletic Workout Leggings,Fashion,1,1199.0,2026-06-24 16:21:36
CUST0344,PROD_S05,Insulated Sports Shaker Bottle,Sports & Fitness,1,499.0,2025-10-16 23:21:36
CUST0362,PROD_S04,High-Density Foam Muscle Roller,Sports & Fitness,1,899.0,2026-08-13 00:21:36
CUST0312,PROD_S03,Resistance Loop Exercise Bands Set,Sports & Fitness,1,699.0,2026-10-03 18:21:36
CUST0133,PROD_B05,System Design Interview Guide,Books,1,950.0,2026-05-23 03:21:36
CUST0295,PROD_B04,Designing Data-Intensive Applications,Books,1,1250.0,2026-01-19 20:21:36
CUST0033,PROD_F09,Waterproof HIKING Boots,Fashion,1,4199.0,2025-10-28 23:21:36
CUST0034,PROD_C03,Vitamin C Facial Cleanser,Beauty & Care,1,499.0,2026-04-03 12:21:36
CUST0372,PROD_S01,Non-Slip Eco Yoga Mat 6mm,Sports & Fitness,1,1299.0,2026-04-29 21:21:36
CUST0250,PROD_C04,Sonic Electric Toothbrush,Beauty & Care,1,2299.0,2026-07-11 18:21:36
CUST0227,PROD_C08,Rechargeable Facial Cleansing Brush,Beauty & Care,1,1499.0,2026-04-27 17:21:36
CUST0026,PROD_S04,High-Density Foam Muscle Roller,Sports & Fitness,1,899.0,2026-06-24 02:21:36
CUST0017,PROD_F06,Warm Knit Winter Beanie,Fashion,1,499.0,2025-11-08 13:21:36
CUST0326,PROD_B05,System Design Interview Guide,Books,1,950.0,2026-09-28 02:21:36
CUST0137,PROD_H06,Robot Vacuum Cleaner with Mop,Home & Kitchen,1,15999.0,2025-12-24 14:21:36
CUST0129,PROD_B01,Deep Learning Foundations & Applications,Books,1,899.0,2025-10-21 11:21:36
CUST0112,PROD_E03,Ergonomic Wireless Mouse,Electronics,1,1299.0,2026-03-08 22:21:36
CUST0381,PROD_F04,Polarized UV Protection Sunglasses,Fashion,2,1299.0,2026-09-21 08:21:36
CUST0414,PROD_H12,Microfiber Bed Sheet Set Queen,Home & Kitchen,1,1499.0,2026-05-09 17:21:36
CUST0414,PROD_H08,Insulated Vacuum Water Bottle 1L,Home & Kitchen,1,699.0,2026-07-14 01:21:36
CUST0348,PROD_C04,Sonic Electric Toothbrush,Beauty & Care,1,2299.0,2025-12-22 10:21:36
CUST0023,PROD_B05,System Design Interview Guide,Books,1,950.0,2025-11-02 05:21:36
CUST0076,PROD_S07,Breathable Weightlifting Gloves,Sports & Fitness,3,599.0,2026-02-06 07:21:36
CUST0292,PROD_E07,Portable Bluetooth Speaker 20W,Electronics,2,2999.0,2026-01-30 12:21:36
CUST0352,PROD_C06,Gentle Exfoliating Face Scrub,Beauty & Care,1,550.0,2026-08-10 14:21:36
CUST0362,PROD_S08,Waterproof Cycling Helmet,Sports & Fitness,1,1899.0,2026-09-14 06:21:36
CUST0103,PROD_E17,External Hard Drive 2TB,Electronics,1,5299.0,2026-09-12 17:21:36
CUST0237,PROD_S05,Insulated Sports Shaker Bottle,Sports & Fitness,1,499.0,2026-03-09 19:21:36
CUST0053,PROD_H01,Stainless Steel Electric Kettle 1.8L,Home & Kitchen,1,1399.0,2025-11-21 15:21:36
CUST0287,PROD_B08,"Thinking, Fast and Slow",Books,1,520.0,2026-01-14 10:21:36
CUST0281,PROD_C05,Organic Argan Oil Hair Treatment,Beauty & Care,2,750.0,2026-01-09 20:21:36
CUST0368,PROD_C05,Organic Argan Oil Hair Treatment,Beauty & Care,3,750.0,2026-07-05 06:21:36
CUST0052,PROD_H03,Memory Foam Orthopedic Pillow,Home & Kitchen,1,1199.0,2025-12-28 20:21:36
CUST0181,PROD_F08,Athletic Workout Leggings,Fashion,1,1199.0,2026-03-05 16:21:36
CUST0439,PROD_C05,Organic Argan Oil Hair Treatment,Beauty & Care,1,750.0,2026-06-25 18:21:36
CUST0167,PROD_E05,Fast Charging USB-C Power Bank 20000mAh,Electronics,3,1999.0,2026-04-06 20:21:36
CUST0002,PROD_S07,Breathable Weightlifting Gloves,Sports & Fitness,1,599.0,2026-02-09 04:21:36
CUST0483,PROD_S08,Waterproof Cycling Helmet,Sports & Fitness,1,1899.0,2026-08-19 08:21:36
CUST0243,PROD_E17,External Hard Drive 2TB,Electronics,1,5299.0,2025-10-13 01:21:36
CUST0287,PROD_B10,Hands-On Machine Learning with Scikit-Learn,Books,1,1450.0,2026-08-05 12:21:36
CUST0083,PROD_C05,Organic Argan Oil Hair Treatment,Beauty & Care,1,750.0,2025-11-24 23:21:36
CUST0494,PROD_C04,Sonic Electric Toothbrush,Beauty & Care,1,2299.0,2025-12-06 11:21:36
CUST0171,PROD_C05,Organic Argan Oil Hair Treatment,Beauty & Care,1,750.0,2025-12-04 03:21:36
CUST0287,PROD_B04,Designing Data-Intensive Applications,Books,3,1250.0,2026-03-06 18:21:36
CUST0221,PROD_F08,Athletic Workout Leggings,Fashion,1,1199.0,2026-05-04 17:21:36
CUST0419,PROD_F08,Athletic Workout Leggings,Fashion,1,1199.0,2026-05-21 19:21:36
CUST0063,PROD_B09,Zero to One by Peter Thiel,Books,1,480.0,2026-06-14 00:21:36
CUST0308,PROD_S05,Insulated Sports Shaker Bottle,Sports & Fitness,1,499.0,2026-06-25 00:21:36
CUST0323,PROD_E11,Active Noise Cancelling Earbuds,Electronics,1,3199.0,2026-03-01 02:21:36
CUST0251,PROD_C03,Vitamin C Facial Cleanser,Beauty & Care,1,499.0,2026-02-02 17:21:36
CUST0259,PROD_C05,Organic Argan Oil Hair Treatment,Beauty & Care,1,750.0,2026-01-04 22:21:36
CUST0144,PROD_S03,Resistance Loop Exercise Bands Set,Sports & Fitness,1,699.0,2026-05-31 08:21:36
CUST0083,PROD_C05,Organic Argan Oil Hair Treatment,Beauty & Care,1,750.0,2026-06-15 17:21:36
CUST0155,PROD_C03,Vitamin C Facial Cleanser,Beauty & Care,1,499.0,2026-03-23 05:21:36
CUST0005,PROD_S08,Waterproof Cycling Helmet,Sports & Fitness,1,1899.0,2026-06-06 05:21:36
CUST0138,PROD_F14,Water-Resistant Travel Backpack,Fashion,3,2399.0,2026-08-18 13:21:36
CUST0426,PROD_E17,External Hard Drive 2TB,Electronics,1,5299.0,2026-01-20 10:21:36
CUST0138,PROD_E13,Surround Sound Gaming Headset,Electronics,1,2799.0,2025-10-11 05:21:36
CUST0017,PROD_F08,Athletic Workout Leggings,Fashion,1,1199.0,2026-09-09 00:21:36
CUST0498,PROD_B09,Zero to One by Peter Thiel,Books,1,480.0,2025-10-23 09:21:36
CUST0089,PROD_F08,Athletic Workout Leggings,Fashion,1,1199.0,2026-05-16 12:21:36
CUST0363,PROD_E09,HD Web Camera with Microphone,Electronics,1,2199.0,2026-04-09 22:21:36
CUST0274,PROD_E12,Aluminum Laptop Cooling Pad,Electronics,1,1499.0,2026-01-17 15:21:36
CUST0309,PROD_H06,Robot Vacuum Cleaner with Mop,Home & Kitchen,1,15999.0,2026-07-31 12:21:36
CUST0199,PROD_B07,Python for Data Analysis,Books,2,850.0,2026-08-07 17:21:36
CUST0496,PROD_S01,Non-Slip Eco Yoga Mat 6mm,Sports & Fitness,1,1299.0,2026-05-25 13:21:36
CUST0201,PROD_E17,External Hard Drive 2TB,Electronics,1,5299.0,2026-04-18 22:21:36
CUST0244,PROD_E11,Active Noise Cancelling Earbuds,Electronics,1,3199.0,2026-09-19 02:21:36
CUST0119,PROD_F08,Athletic Workout Leggings,Fashion,2,1199.0,2026-05-11 23:21:36
CUST0399,PROD_E17,External Hard Drive 2TB,Electronics,1,5299.0,2025-10-11 06:21:36
CUST0058,PROD_H04,Automatic Espresso Coffee Maker,Home & Kitchen,1,12499.0,2026-07-08 00:21:36
CUST0371,PROD_S08,Waterproof Cycling Helmet,Sports & Fitness,1,1899.0,2026-04-19 14:21:36
CUST0365,PROD_F07,Stainless Steel Quartz Wristwatch,Fashion,1,4499.0,2025-12-10 10:21:36
CUST0391,PROD_B05,System Design Interview Guide,Books,1,950.0,2026-07-04 19:21:36
CUST0113,PROD_S02,Adjustable Dumbbell Set 20kg,Sports & Fitness,1,4599.0,2026-03-13 07:21:36
CUST0230,PROD_H06,Robot Vacuum Cleaner with Mop,Home & Kitchen,2,15999.0,2026-06-28 13:21:36
CUST0419,PROD_F08,Athletic Workout Leggings,Fashion,1,1199.0,2026-02-08 13:21:36
CUST0092,PROD_B05,System Design Interview Guide,Books,1,950.0,2026-05-12 11:21:36
CUST0243,PROD_S02,Adjustable Dumbbell Set 20kg,Sports & Fitness,1,4599.0,2025-12-20 11:21:36
CUST0314,PROD_C02,SPF 50 Broad Spectrum Sunscreen,Beauty & Care,1,649.0,2026-02-10 03:21:36
CUST0334,PROD_B06,Clean Code: Handbook of Software Craftsmanship,Books,1,1100.0,2026-02-06 18:21:36
CUST0337,PROD_F06,Warm Knit Winter Beanie,Fashion,1,499.0,2026-09-07 16:21:36
CUST0153,PROD_B06,Clean Code: Handbook of Software Craftsmanship,Books,3,1100.0,2026-06-19 22:21:36
CUST0045,PROD_S08,Waterproof Cycling Helmet,Sports & Fitness,1,1899.0,2026-09-15 17:21:36
CUST0145,PROD_B03,The Psychology of Money,Books,1,450.0,2026-09-23 04:21:36
CUST0482,PROD_B03,The Psychology of Money,Books,1,450.0,2025-12-07 03:21:36
CUST0215,PROD_S08,Waterproof Cycling Helmet,Sports & Fitness,1,1899.0,2026-09-25 17:21:36
CUST0210,PROD_H02,Digital Air Fryer 4.5L,Home & Kitchen,1,5999.0,2026-04-13 16:21:36
CUST0348,PROD_C02,SPF 50 Broad Spectrum Sunscreen,Beauty & Care,1,649.0,2026-06-13 02:21:36
CUST0231,PROD_F06,Warm Knit Winter Beanie,Fashion,1,499.0,2026-07-29 03:21:36
CUST0275,PROD_B09,Zero to One by Peter Thiel,Books,1,480.0,2025-10-21 16:21:36
CUST0142,PROD_H01,Stainless Steel Electric Kettle 1.8L,Home & Kitchen,1,1399.0,2026-04-17 16:21:36
CUST0430,PROD_B02,Atomic Habits by James Clear,Books,1,599.0,2026-07-28 01:21:36
CUST0361,PROD_E04,4K Ultra HD Smart Monitor 27-inch,Electronics,1,18999.0,2026-04-21 22:21:36
CUST0076,PROD_S03,Resistance Loop Exercise Bands Set,Sports & Fitness,1,699.0,2026-05-15 21:21:36
CUST0201,PROD_C01,Hydrating Hyaluronic Acid Serum,Beauty & Care,1,899.0,2025-10-21 13:21:36
CUST0016,PROD_C01,Hydrating Hyaluronic Acid Serum,Beauty & Care,2,899.0,2026-06-01 23:21:36
CUST0232,PROD_C01,Hydrating Hyaluronic Acid Serum,Beauty & Care,1,899.0,2026-06-29 05:21:36
CUST0322,PROD_E10,High-Speed Wi-Fi 6 Router,Electronics,1,3899.0,2026-09-16 17:21:36
CUST0094,PROD_E13,Surround Sound Gaming Headset,Electronics,1,2799.0,2026-09-22 23:21:36
CUST0117,PROD_F11,Comfortable Canvas Slip-Ons,Fashion,1,1599.0,2026-09-24 08:21:36
CUST0029,PROD_E10,High-Speed Wi-Fi 6 Router,Electronics,1,3899.0,2026-06-22 06:21:36
CUST0298,PROD_E10,High-Speed Wi-Fi 6 Router,Electronics,1,3899.0,2026-06-08 21:21:36
CUST0175,PROD_B03,The Psychology of Money,Books,2,450.0,2025-10-18 02:21:36
CUST0018,PROD_B05,System Design Interview Guide,Books,1,950.0,2026-05-26 00:21:36
CUST0468,PROD_H09,Aromatherapy Essential Oil Diffuser,Home & Kitchen,1,1299.0,2026-07-13 12:21:36
CUST0391,PROD_C06,Gentle Exfoliating Face Scrub,Beauty & Care,1,550.0,2026-05-09 14:21:36
CUST0500,PROD_C03,Vitamin C Facial Cleanser,Beauty & Care,1,499.0,2026-06-26 05:21:36
CUST0170,PROD_S08,Waterproof Cycling Helmet,Sports & Fitness,2,1899.0,2026-03-03 23:21:36
CUST0143,PROD_C07,Natural Charcoal Detox Mask,Beauty & Care,1,699.0,2026-08-12 02:21:36
CUST0060,PROD_C06,Gentle Exfoliating Face Scrub,Beauty & Care,1,550.0,2026-09-27 04:21:36
CUST0246,PROD_B09,Zero to One by Peter Thiel,Books,1,480.0,2026-08-25 15:21:36
CUST0453,PROD_F09,Waterproof HIKING Boots,Fashion,1,4199.0,2026-01-31 12:21:36
CUST0396,PROD_E13,Surround Sound Gaming Headset,Electronics,1,2799.0,2026-06-09 09:21:36
CUST0234,PROD_B02,Atomic Habits by James Clear,Books,1,599.0,2026-07-04 02:21:36
CUST0035,PROD_F14,Water-Resistant Travel Backpack,Fashion,1,2399.0,2026-08-01 05:21:36
CUST0252,PROD_B05,System Design Interview Guide,Books,1,950.0,2026-04-13 04:21:36
CUST0176,PROD_H03,Memory Foam Orthopedic Pillow,Home & Kitchen,1,1199.0,2026-05-29 19:21:36
CUST0213,PROD_S02,Adjustable Dumbbell Set 20kg,Sports & Fitness,1,4599.0,2025-12-01 05:21:36
CUST0301,PROD_S08,Waterproof Cycling Helmet,Sports & Fitness,1,1899.0,2025-11-05 08:21:36
CUST0458,PROD_H07,Smart LED Desk Lamp with Dimmer,Home & Kitchen,1,1699.0,2026-02-12 16:21:36
CUST0072,PROD_F11,Comfortable Canvas Slip-Ons,Fashion,1,1599.0,2025-10-26 23:21:36
CUST0135,PROD_H04,Automatic Espresso Coffee Maker,Home & Kitchen,1,12499.0,2026-06-21 03:21:36
CUST0298,PROD_C01,Hydrating Hyaluronic Acid Serum,Beauty & Care,1,899.0,2026-09-27 17:21:36
CUST0455,PROD_H05,Non-Stick Ceramic Cookware Set 5-Piece,Home & Kitchen,1,3999.0,2025-11-08 18:21:36
CUST0434,PROD_S03,Resistance Loop Exercise Bands Set,Sports & Fitness,2,699.0,2025-12-03 13:21:36
CUST0496,PROD_C04,Sonic Electric Toothbrush,Beauty & Care,1,2299.0,2026-02-10 18:21:36
CUST0483,PROD_F08,Athletic Workout Leggings,Fashion,1,1199.0,2025-12-27 17:21:36
CUST0011,PROD_C04,Sonic Electric Toothbrush,Beauty & Care,1,2299.0,2026-06-05 01:21:36
CUST0362,PROD_H04,Automatic Espresso Coffee Maker,Home & Kitchen,1,12499.0,2025-10-28 00:21:36
CUST0314,PROD_C05,Organic Argan Oil Hair Treatment,Beauty & Care,1,750.0,2026-09-26 21:21:36
CUST0258,PROD_C07,Natural Charcoal Detox Mask,Beauty & Care,1,699.0,2026-01-21 18:21:36
CUST0140,PROD_E09,HD Web Camera with Microphone,Electronics,3,2199.0,2026-05-17 15:21:36
CUST0223,PROD_C08,Rechargeable Facial Cleansing Brush,Beauty & Care,1,1499.0,2026-07-14 05:21:36
CUST0276,PROD_C06,Gentle Exfoliating Face Scrub,Beauty & Care,1,550.0,2026-09-15 18:21:36
CUST0314,PROD_C07,Natural Charcoal Detox Mask,Beauty & Care,1,699.0,2026-01-09 15:21:36
CUST0445,PROD_C05,Organic Argan Oil Hair Treatment,Beauty & Care,1,750.0,2025-11-12 15:21:36
CUST0392,PROD_F09,Waterproof HIKING Boots,Fashion,1,4199.0,2026-05-21 14:21:36
CUST0376,PROD_E06,Smart Fitness Watch Series 5,Electronics,2,4999.0,2025-11-10 23:21:36
CUST0031,PROD_B02,Atomic Habits by James Clear,Books,1,599.0,2026-02-21 17:21:36
CUST0366,PROD_B05,System Design Interview Guide,Books,1,950.0,2026-04-02 04:21:36
CUST0325,PROD_B04,Designing Data-Intensive Applications,Books,1,1250.0,2026-08-13 07:21:36
CUST0234,PROD_B04,Designing Data-Intensive Applications,Books,1,1250.0,2026-08-10 05:21:36
CUST0467,PROD_B05,System Design Interview Guide,Books,1,950.0,2026-01-05 23:21:36
CUST0378,PROD_F03,Slim Fit Casual Button-Up Shirt,Fashion,1,1499.0,2025-11-01 03:21:36
CUST0149,PROD_C05,Organic Argan Oil Hair Treatment,Beauty & Care,1,750.0,2025-12-29 17:21:36
CUST0395,PROD_H04,Automatic Espresso Coffee Maker,Home & Kitchen,1,12499.0,2026-01-01 23:21:36
CUST0342,PROD_B05,System Design Interview Guide,Books,1,950.0,2026-01-08 05:21:36
CUST0448,PROD_C06,Gentle Exfoliating Face Scrub,Beauty & Care,1,550.0,2026-08-29 06:21:36
CUST0286,PROD_E15,Wireless Phone Charging Pad,Electronics,1,999.0,2026-09-18 01:21:36
CUST0145,PROD_F09,Waterproof HIKING Boots,Fashion,1,4199.0,2026-01-04 21:21:36
CUST0115,PROD_H06,Robot Vacuum Cleaner with Mop,Home & Kitchen,1,15999.0,2026-01-07 19:21:36
CUST0331,PROD_F09,Waterproof HIKING Boots,Fashion,1,4199.0,2026-08-19 00:21:36
CUST0108,PROD_B04,Designing Data-Intensive Applications,Books,1,1250.0,2026-05-31 11:21:36
CUST0165,PROD_E02,Mechanical Gaming Keyboard,Electronics,1,3499.0,2025-11-16 20:21:36
CUST0257,PROD_B03,The Psychology of Money,Books,1,450.0,2026-07-21 03:21:36
CUST0030,PROD_F08,Athletic Workout Leggings,Fashion,1,1199.0,2026-07-19 02:21:36
CUST0191,PROD_B09,Zero to One by Peter Thiel,Books,1,480.0,2026-01-23 12:21:36
CUST0275,PROD_C02,SPF 50 Broad Spectrum Sunscreen,Beauty & Care,1,649.0,2025-11-27 00:21:36
CUST0017,PROD_F08,Athletic Workout Leggings,Fashion,1,1199.0,2025-12-16 23:21:36
CUST0439,PROD_H11,Digital Kitchen Weighing Scale,Home & Kitchen,1,599.0,2026-07-27 23:21:36
CUST0322,PROD_E17,External Hard Drive 2TB,Electronics,1,5299.0,2025-12-02 08:21:36
CUST0410,PROD_C04,Sonic Electric Toothbrush,Beauty & Care,1,2299.0,2026-04-06 00:21:36
CUST0131,PROD_B10,Hands-On Machine Learning with Scikit-Learn,Books,1,1450.0,2026-07-06 17:21:36
CUST0352,PROD_C08,Rechargeable Facial Cleansing Brush,Beauty & Care,1,1499.0,2026-01-08 00:21:36
CUST0162,PROD_H04,Automatic Espresso Coffee Maker,Home & Kitchen,1,12499.0,2026-07-13 04:21:36
CUST0295,PROD_B05,System Design Interview Guide,Books,2,950.0,2025-10-08 13:21:36
CUST0278,PROD_H04,Automatic Espresso Coffee Maker,Home & Kitchen,1,12499.0,2025-10-21 09:21:36
CUST0460,PROD_F03,Slim Fit Casual Button-Up Shirt,Fashion,1,1499.0,2026-01-05 23:21:36
CUST0298,PROD_C07,Natural Charcoal Detox Mask,Beauty & Care,1,699.0,2026-01-07 04:21:36
CUST0212,PROD_B05,System Design Interview Guide,Books,1,950.0,2025-10-08 17:21:36
CUST0470,PROD_F08,Athletic Workout Leggings,Fashion,1,1199.0,2025-10-29 13:21:36
CUST0075,PROD_F08,Athletic Workout Leggings,Fashion,2,1199.0,2026-06-07 12:21:36
CUST0140,PROD_E12,Aluminum Laptop Cooling Pad,Electronics,1,1499.0,2026-01-17 00:21:36
CUST0344,PROD_S05,Insulated Sports Shaker Bottle,Sports & Fitness,1,499.0,2026-04-01 06:21:36
CUST0351,PROD_H10,Bamboo Cutting Board Set,Home & Kitchen,1,899.0,2026-09-27 21:21:36
CUST0249,PROD_B04,Designing Data-Intensive Applications,Books,1,1250.0,2026-05-29 07:21:36
CUST0322,PROD_E13,Surround Sound Gaming Headset,Electronics,1,2799.0,2026-08-29 10:21:36
CUST0058,PROD_F06,Warm Knit Winter Beanie,Fashion,1,499.0,2025-12-08 08:21:36
CUST0420,PROD_S08,Waterproof Cycling Helmet,Sports & Fitness,1,1899.0,2026-01-10 22:21:36
CUST0227,PROD_B05,System Design Interview Guide,Books,1,950.0,2026-04-01 23:21:36
CUST0270,PROD_B05,System Design Interview Guide,Books,1,950.0,2026-09-08 15:21:36
CUST0245,PROD_B05,System Design Interview Guide,Books,1,950.0,2025-11-23 10:21:36
CUST0346,PROD_S01,Non-Slip Eco Yoga Mat 6mm,Sports & Fitness,1,1299.0,2026-03-04 00:21:36
CUST0033,PROD_C06,Gentle Exfoliating Face Scrub,Beauty & Care,1,550.0,2025-12-21 08:21:36
CUST0305,PROD_S03,Resistance Loop Exercise Bands Set,Sports & Fitness,1,699.0,2026-05-28 04:21:36
CUST0200,PROD_E14,Smart Plug with Voice Control,Electronics,1,799.0,2025-11-06 10:21:36
CUST0324,PROD_C04,Sonic Electric Toothbrush,Beauty & Care,1,2299.0,2026-08-17 08:21:36
CUST0076,PROD_S05,Insulated Sports Shaker Bottle,Sports & Fitness,1,499.0,2026-06-20 17:21:36
CUST0221,PROD_C02,SPF 50 Broad Spectrum Sunscreen,Beauty & Care,1,649.0,2026-09-07 03:21:36
CUST0326,PROD_B10,Hands-On Machine Learning with Scikit-Learn,Books,2,1450.0,2025-11-05 20:21:36
CUST0339,PROD_E12,Aluminum Laptop Cooling Pad,Electronics,1,1499.0,2025-10-31 07:21:36
CUST0310,PROD_F14,Water-Resistant Travel Backpack,Fashion,1,2399.0,2025-10-18 10:21:36
CUST0316,PROD_B05,System Design Interview Guide,Books,1,950.0,2026-02-12 13:21:36
CUST0299,PROD_F11,Comfortable Canvas Slip-Ons,Fashion,3,1599.0,2026-05-10 01:21:36
CUST0463,PROD_S07,Breathable Weightlifting Gloves,Sports & Fitness,2,599.0,2026-03-07 02:21:36
CUST0286,PROD_E14,Smart Plug with Voice Control,Electronics,1,799.0,2026-06-18 12:21:36
CUST0036,PROD_F02,Breathable Running Sneakers,Fashion,1,3299.0,2025-12-18 19:21:36
CUST0207,PROD_C02,SPF 50 Broad Spectrum Sunscreen,Beauty & Care,1,649.0,2025-11-11 05:21:36
CUST0120,PROD_C06,Gentle Exfoliating Face Scrub,Beauty & Care,1,550.0,2026-08-12 10:21:36
CUST0154,PROD_E08,Multi-Port USB Hub Type-C,Electronics,1,899.0,2026-02-25 02:21:36
CUST0094,PROD_E10,High-Speed Wi-Fi 6 Router,Electronics,1,3899.0,2025-10-16 20:21:36
CUST0434,PROD_S07,Breathable Weightlifting Gloves,Sports & Fitness,1,599.0,2025-10-17 14:21:36
CUST0057,PROD_H09,Aromatherapy Essential Oil Diffuser,Home & Kitchen,1,1299.0,2026-08-15 14:21:36
CUST0056,PROD_B05,System Design Interview Guide,Books,1,950.0,2026-04-10 06:21:36
CUST0233,PROD_B04,Designing Data-Intensive Applications,Books,1,1250.0,2026-01-24 19:21:36
CUST0141,PROD_H12,Microfiber Bed Sheet Set Queen,Home & Kitchen,1,1499.0,2026-01-08 03:21:36
CUST0420,PROD_S06,Speed Jump Rope with Ball Bearings,Sports & Fitness,1,399.0,2026-01-29 18:21:36
CUST0237,PROD_S03,Resistance Loop Exercise Bands Set,Sports & Fitness,1,699.0,2026-06-01 16:21:36
CUST0352,PROD_F02,Breathable Running Sneakers,Fashion,1,3299.0,2026-03-26 19:21:36
CUST0011,PROD_C07,Natural Charcoal Detox Mask,Beauty & Care,1,699.0,2025-12-27 14:21:36
CUST0370,PROD_E14,Smart Plug with Voice Control,Electronics,1,799.0,2026-05-11 23:21:36
CUST0015,PROD_S08,Waterproof Cycling Helmet,Sports & Fitness,1,1899.0,2025-10-26 10:21:36
CUST0474,PROD_H07,Smart LED Desk Lamp with Dimmer,Home & Kitchen,1,1699.0,2026-01-30 13:21:36
CUST0246,PROD_B05,System Design Interview Guide,Books,1,950.0,2025-12-26 16:21:36
CUST0338,PROD_S05,Insulated Sports Shaker Bottle,Sports & Fitness,1,499.0,2025-10-14 07:21:36
CUST0484,PROD_H11,Digital Kitchen Weighing Scale,Home & Kitchen,1,599.0,2026-06-04 04:21:36
CUST0345,PROD_C02,SPF 50 Broad Spectrum Sunscreen,Beauty & Care,1,649.0,2026-09-03 11:21:36
CUST0424,PROD_F03,Slim Fit Casual Button-Up Shirt,Fashion,2,1499.0,2025-10-14 09:21:36
CUST0045,PROD_S03,Resistance Loop Exercise Bands Set,Sports & Fitness,1,699.0,2025-11-01 07:21:36
CUST0441,PROD_S01,Non-Slip Eco Yoga Mat 6mm,Sports & Fitness,1,1299.0,2025-12-21 14:21:36
CUST0244,PROD_E10,High-Speed Wi-Fi 6 Router,Electronics,1,3899.0,2026-03-04 03:21:36
CUST0088,PROD_F06,Warm Knit Winter Beanie,Fashion,1,499.0,2025-11-13 09:21:36
CUST0255,PROD_H03,Memory Foam Orthopedic Pillow,Home & Kitchen,1,1199.0,2026-01-25 08:21:36
CUST0189,PROD_B04,Designing Data-Intensive Applications,Books,1,1250.0,2025-11-09 00:21:36
CUST0037,PROD_F02,Breathable Running Sneakers,Fashion,1,3299.0,2026-07-07 17:21:36
CUST0121,PROD_H10,Bamboo Cutting Board Set,Home & Kitchen,1,899.0,2025-10-29 21:21:36
CUST0374,PROD_S02,Adjustable Dumbbell Set 20kg,Sports & Fitness,1,4599.0,2026-08-21 15:21:36
CUST0452,PROD_E16,Internal SSD 1TB NVMe,Electronics,1,6499.0,2026-09-22 22:21:36
CUST0362,PROD_S08,Waterproof Cycling Helmet,Sports & Fitness,1,1899.0,2025-10-30 19:21:36
CUST0465,PROD_H05,Non-Stick Ceramic Cookware Set 5-Piece,Home & Kitchen,1,3999.0,2025-10-30 02:21:36
CUST0482,PROD_B10,Hands-On Machine Learning with Scikit-Learn,Books,2,1450.0,2026-09-27 06:21:36
CUST0315,PROD_E13,Surround Sound Gaming Headset,Electronics,1,2799.0,2026-08-06 22:21:36
CUST0228,PROD_S04,High-Density Foam Muscle Roller,Sports & Fitness,1,899.0,2026-05-20 22:21:36
CUST0252,PROD_H06,Robot Vacuum Cleaner with Mop,Home & Kitchen,1,15999.0,2026-03-20 07:21:36
CUST0153,PROD_B07,Python for Data Analysis,Books,1,850.0,2026-09-12 08:21:36
CUST0253,PROD_C07,Natural Charcoal Detox Mask,Beauty & Care,1,699.0,2026-05-20 00:21:36
CUST0233,PROD_B06,Clean Code: Handbook of Software Craftsmanship,Books,1,1100.0,2026-02-04 02:21:36
CUST0264,PROD_B03,The Psychology of Money,Books,1,450.0,2026-03-04 22:21:36
CUST0234,PROD_B04,Designing Data-Intensive Applications,Books,1,1250.0,2026-01-19 01:21:36
CUST0133,PROD_F12,Hooded Fleece Sweatshirt,Fashion,1,1899.0,2026-05-06 20:21:36
CUST0285,PROD_B04,Designing Data-Intensive Applications,Books,2,1250.0,2026-04-24 22:21:36
CUST0187,PROD_S04,High-Density Foam Muscle Roller,Sports & Fitness,1,899.0,2026-06-24 03:21:36
CUST0412,PROD_C07,Natural Charcoal Detox Mask,Beauty & Care,1,699.0,2026-05-06 23:21:36
CUST0246,PROD_B05,System Design Interview Guide,Books,1,950.0,2026-04-21 17:21:36
CUST0153,PROD_B07,Python for Data Analysis,Books,1,850.0,2025-12-21 11:21:36
CUST0435,PROD_C01,Hydrating Hyaluronic Acid Serum,Beauty & Care,1,899.0,2025-10-22 22:21:36
CUST0287,PROD_B01,Deep Learning Foundations & Applications,Books,1,899.0,2025-10-14 16:21:36
CUST0120,PROD_C04,Sonic Electric Toothbrush,Beauty & Care,1,2299.0,2026-03-28 21:21:36
CUST0130,PROD_E01,Wireless Noise-Canceling Headphones,Electronics,1,2499.0,2025-10-16 21:21:36
CUST0247,PROD_F10,Formal Leather Belt Black,Fashion,1,799.0,2026-01-03 10:21:36
CUST0437,PROD_H04,Automatic Espresso Coffee Maker,Home & Kitchen,1,12499.0,2026-01-17 22:21:36
CUST0072,PROD_H09,Aromatherapy Essential Oil Diffuser,Home & Kitchen,1,1299.0,2026-05-22 03:21:36
CUST0109,PROD_E11,Active Noise Cancelling Earbuds,Electronics,1,3199.0,2026-04-17 17:21:36
CUST0214,PROD_F08,Athletic Workout Leggings,Fashion,1,1199.0,2026-01-25 09:21:36
CUST0347,PROD_C02,SPF 50 Broad Spectrum Sunscreen,Beauty & Care,2,649.0,2026-07-13 16:21:36
CUST0248,PROD_B05,System Design Interview Guide,Books,1,950.0,2026-04-10 09:21:36
CUST0338,PROD_E17,External Hard Drive 2TB,Electronics,1,5299.0,2026-07-24 11:21:36
CUST0082,PROD_F06,Warm Knit Winter Beanie,Fashion,1,499.0,2025-12-12 08:21:36
CUST0030,PROD_B08,"Thinking, Fast and Slow",Books,1,520.0,2026-04-25 14:21:36
CUST0444,PROD_B05,System Design Interview Guide,Books,1,950.0,2026-05-13 09:21:36
CUST0100,PROD_B05,System Design Interview Guide,Books,1,950.0,2025-10-27 12:21:36
CUST0048,PROD_C01,Hydrating Hyaluronic Acid Serum,Beauty & Care,1,899.0,2026-07-05 04:21:36
CUST0339,PROD_S03,Resistance Loop Exercise Bands Set,Sports & Fitness,1,699.0,2025-11-23 04:21:36
CUST0255,PROD_H05,Non-Stick Ceramic Cookware Set 5-Piece,Home & Kitchen,1,3999.0,2026-08-29 20:21:36
CUST0434,PROD_S05,Insulated Sports Shaker Bottle,Sports & Fitness,1,499.0,2026-02-16 12:21:36
CUST0365,PROD_C04,Sonic Electric Toothbrush,Beauty & Care,1,2299.0,2026-02-25 19:21:36
CUST0388,PROD_H01,Stainless Steel Electric Kettle 1.8L,Home & Kitchen,1,1399.0,2026-01-12 07:21:36
CUST0306,PROD_H06,Robot Vacuum Cleaner with Mop,Home & Kitchen,1,15999.0,2025-12-01 02:21:36
CUST0033,PROD_F14,Water-Resistant Travel Backpack,Fashion,1,2399.0,2025-11-18 14:21:36
CUST0352,PROD_F05,Genuine Leather Crossbody Bag,Fashion,1,2799.0,2025-12-23 11:21:36
CUST0083,PROD_B05,System Design Interview Guide,Books,1,950.0,2026-08-07 17:21:36
CUST0388,PROD_H02,Digital Air Fryer 4.5L,Home & Kitchen,2,5999.0,2025-11-10 22:21:36
CUST0293,PROD_C05,Organic Argan Oil Hair Treatment,Beauty & Care,1,750.0,2026-03-23 18:21:36
CUST0080,PROD_H01,Stainless Steel Electric Kettle 1.8L,Home & Kitchen,1,1399.0,2025-12-02 15:21:36
CUST0260,PROD_E14,Smart Plug with Voice Control,Electronics,1,799.0,2026-02-09 22:21:36
CUST0071,PROD_F14,Water-Resistant Travel Backpack,Fashion,1,2399.0,2026-01-21 00:21:36
CUST0410,PROD_C05,Organic Argan Oil Hair Treatment,Beauty & Care,1,750.0,2026-06-25 10:21:36
CUST0247,PROD_S05,Insulated Sports Shaker Bottle,Sports & Fitness,1,499.0,2026-07-18 18:21:36
CUST0455,PROD_F06,Warm Knit Winter Beanie,Fashion,1,499.0,2026-05-22 17:21:36
CUST0301,PROD_F07,Stainless Steel Quartz Wristwatch,Fashion,1,4499.0,2025-11-06 02:21:36
CUST0113,PROD_B05,System Design Interview Guide,Books,1,950.0,2025-10-11 14:21:36
CUST0480,PROD_C05,Organic Argan Oil Hair Treatment,Beauty & Care,1,750.0,2026-09-09 20:21:36
CUST0100,PROD_S07,Breathable Weightlifting Gloves,Sports & Fitness,1,599.0,2026-05-07 18:21:36
CUST0168,PROD_C05,Organic Argan Oil Hair Treatment,Beauty & Care,1,750.0,2026-09-24 20:21:36
CUST0217,PROD_E14,Smart Plug with Voice Control,Electronics,1,799.0,2026-03-05 17:21:36
CUST0005,PROD_B05,System Design Interview Guide,Books,3,950.0,2025-11-27 21:21:36
CUST0262,PROD_F08,Athletic Workout Leggings,Fashion,3,1199.0,2025-10-10 08:21:36
CUST0497,PROD_C06,Gentle Exfoliating Face Scrub,Beauty & Care,1,550.0,2026-09-15 19:21:36
CUST0219,PROD_H12,Microfiber Bed Sheet Set Queen,Home & Kitchen,1,1499.0,2026-07-21 16:21:36
CUST0460,PROD_F05,Genuine Leather Crossbody Bag,Fashion,1,2799.0,2025-10-31 09:21:36
CUST0223,PROD_S08,Waterproof Cycling Helmet,Sports & Fitness,2,1899.0,2026-02-17 17:21:36
CUST0056,PROD_S04,High-Density Foam Muscle Roller,Sports & Fitness,1,899.0,2026-09-09 03:21:36
CUST0355,PROD_S02,Adjustable Dumbbell Set 20kg,Sports & Fitness,1,4599.0,2025-12-14 02:21:36
CUST0179,PROD_F06,Warm Knit Winter Beanie,Fashion,1,499.0,2026-01-14 03:21:36
CUST0061,PROD_C01,Hydrating Hyaluronic Acid Serum,Beauty & Care,1,899.0,2026-04-29 00:21:36
CUST0318,PROD_B05,System Design Interview Guide,Books,1,950.0,2026-07-30 08:21:36
CUST0466,PROD_H02,Digital Air Fryer 4.5L,Home & Kitchen,1,5999.0,2025-12-31 04:21:36
CUST0401,PROD_C08,Rechargeable Facial Cleansing Brush,Beauty & Care,1,1499.0,2025-11-13 04:21:36
CUST0215,PROD_F06,Warm Knit Winter Beanie,Fashion,2,499.0,2026-08-21 13:21:36
CUST0357,PROD_S07,Breathable Weightlifting Gloves,Sports & Fitness,1,599.0,2026-01-14 12:21:36
CUST0088,PROD_B08,"Thinking, Fast and Slow",Books,1,520.0,2025-12-04 00:21:36
CUST0227,PROD_H06,Robot Vacuum Cleaner with Mop,Home & Kitchen,1,15999.0,2025-12-08 00:21:36
CUST0444,PROD_B05,System Design Interview Guide,Books,1,950.0,2026-09-02 00:21:36
CUST0149,PROD_E17,External Hard Drive 2TB,Electronics,1,5299.0,2026-08-14 22:21:36
CUST0197,PROD_C01,Hydrating Hyaluronic Acid Serum,Beauty & Care,1,899.0,2026-04-07 23:21:36
CUST0071,PROD_F08,Athletic Workout Leggings,Fashion,1,1199.0,2026-08-31 19:21:36
CUST0495,PROD_C08,Rechargeable Facial Cleansing Brush,Beauty & Care,1,1499.0,2026-03-19 18:21:36
CUST0071,PROD_E05,Fast Charging USB-C Power Bank 20000mAh,Electronics,1,1999.0,2026-01-18 09:21:36
CUST0294,PROD_B07,Python for Data Analysis,Books,1,850.0,2025-12-04 02:21:36
CUST0300,PROD_B04,Designing Data-Intensive Applications,Books,1,1250.0,2025-10-28 10:21:36
CUST0488,PROD_C05,Organic Argan Oil Hair Treatment,Beauty & Care,1,750.0,2026-09-10 04:21:36
CUST0320,PROD_H09,Aromatherapy Essential Oil Diffuser,Home & Kitchen,2,1299.0,2025-10-22 02:21:36
CUST0331,PROD_F05,Genuine Leather Crossbody Bag,Fashion,1,2799.0,2025-11-14 15:21:36
CUST0496,PROD_C01,Hydrating Hyaluronic Acid Serum,Beauty & Care,1,899.0,2025-12-17 07:21:36
CUST0273,PROD_H09,Aromatherapy Essential Oil Diffuser,Home & Kitchen,1,1299.0,2026-01-18 23:21:36
CUST0359,PROD_B09,Zero to One by Peter Thiel,Books,1,480.0,2025-11-09 02:21:36
CUST0273,PROD_H13,Stainless Steel Cutlery Set 24-Piece,Home & Kitchen,1,1799.0,2026-01-22 12:21:36
CUST0114,PROD_S06,Speed Jump Rope with Ball Bearings,Sports & Fitness,1,399.0,2026-09-25 11:21:36
CUST0443,PROD_B05,System Design Interview Guide,Books,1,950.0,2025-10-06 22:21:36
CUST0402,PROD_E10,High-Speed Wi-Fi 6 Router,Electronics,1,3899.0,2025-12-27 04:21:36
CUST0156,PROD_S03,Resistance Loop Exercise Bands Set,Sports & Fitness,1,699.0,2026-01-18 10:21:36
CUST0474,PROD_E15,Wireless Phone Charging Pad,Electronics,1,999.0,2026-09-15 23:21:36
CUST0143,PROD_C05,Organic Argan Oil Hair Treatment,Beauty & Care,1,750.0,2026-09-10 15:21:36
CUST0060,PROD_C07,Natural Charcoal Detox Mask,Beauty & Care,1,699.0,2026-07-19 11:21:36
CUST0255,PROD_H03,Memory Foam Orthopedic Pillow,Home & Kitchen,1,1199.0,2026-07-15 07:21:36
CUST0450,PROD_F06,Warm Knit Winter Beanie,Fashion,1,499.0,2025-12-13 00:21:36
CUST0099,PROD_E03,Ergonomic Wireless Mouse,Electronics,1,1299.0,2026-08-28 09:21:36
CUST0203,PROD_E04,4K Ultra HD Smart Monitor 27-inch,Electronics,1,18999.0,2026-02-16 13:21:36
CUST0186,PROD_C07,Natural Charcoal Detox Mask,Beauty & Care,1,699.0,2026-01-09 20:21:36
CUST0414,PROD_H07,Smart LED Desk Lamp with Dimmer,Home & Kitchen,1,1699.0,2026-04-10 09:21:36
CUST0409,PROD_S05,Insulated Sports Shaker Bottle,Sports & Fitness,1,499.0,2026-08-10 06:21:36
CUST0177,PROD_B05,System Design Interview Guide,Books,1,950.0,2026-05-02 18:21:36
CUST0201,PROD_E10,High-Speed Wi-Fi 6 Router,Electronics,1,3899.0,2026-07-03 15:21:36
CUST0271,PROD_B05,System Design Interview Guide,Books,1,950.0,2026-05-21 12:21:36
CUST0137,PROD_B05,System Design Interview Guide,Books,2,950.0,2026-09-23 20:21:36
CUST0453,PROD_B04,Designing Data-Intensive Applications,Books,1,1250.0,2026-05-24 22:21:36
CUST0382,PROD_B08,"Thinking, Fast and Slow",Books,1,520.0,2026-02-03 13:21:36
CUST0482,PROD_B05,System Design Interview Guide,Books,1,950.0,2025-11-18 20:21:36
CUST0205,PROD_F09,Waterproof HIKING Boots,Fashion,1,4199.0,2025-11-15 05:21:36
CUST0278,PROD_H03,Memory Foam Orthopedic Pillow,Home & Kitchen,1,1199.0,2026-09-05 03:21:36
CUST0308,PROD_H12,Microfiber Bed Sheet Set Queen,Home & Kitchen,1,1499.0,2026-02-28 07:21:36
CUST0363,PROD_S05,Insulated Sports Shaker Bottle,Sports & Fitness,1,499.0,2026-10-05 13:21:36
CUST0489,PROD_S01,Non-Slip Eco Yoga Mat 6mm,Sports & Fitness,1,1299.0,2026-02-05 02:21:36
CUST0183,PROD_B08,"Thinking, Fast and Slow",Books,1,520.0,2025-12-12 12:21:36
CUST0142,PROD_H09,Aromatherapy Essential Oil Diffuser,Home & Kitchen,1,1299.0,2026-01-06 22:21:36
CUST0407,PROD_E15,Wireless Phone Charging Pad,Electronics,1,999.0,2025-12-18 18:21:36
CUST0332,PROD_F08,Athletic Workout Leggings,Fashion,2,1199.0,2026-03-23 07:21:36
CUST0206,PROD_H09,Aromatherapy Essential Oil Diffuser,Home & Kitchen,1,1299.0,2026-08-05 13:21:36
CUST0152,PROD_C04,Sonic Electric Toothbrush,Beauty & Care,1,2299.0,2026-01-27 12:21:36
CUST0464,PROD_E02,Mechanical Gaming Keyboard,Electronics,1,3499.0,2026-05-23 20:21:36
CUST0117,PROD_C01,Hydrating Hyaluronic Acid Serum,Beauty & Care,1,899.0,2026-09-07 17:21:36
CUST0493,PROD_F06,Warm Knit Winter Beanie,Fashion,1,499.0,2026-08-24 22:21:36
CUST0278,PROD_H09,Aromatherapy Essential Oil Diffuser,Home & Kitchen,1,1299.0,2025-12-24 04:21:36
CUST0055,PROD_F04,Polarized UV Protection Sunglasses,Fashion,1,1299.0,2026-06-14 08:21:36
CUST0476,PROD_S02,Adjustable Dumbbell Set 20kg,Sports & Fitness,1,4599.0,2025-11-08 23:21:36
CUST0313,PROD_E14,Smart Plug with Voice Control,Electronics,1,799.0,2025-12-20 22:21:36
CUST0206,PROD_B08,"Thinking, Fast and Slow",Books,1,520.0,2026-06-05 07:21:36
CUST0277,PROD_E05,Fast Charging USB-C Power Bank 20000mAh,Electronics,1,1999.0,2026-02-04 05:21:36
CUST0331,PROD_E03,Ergonomic Wireless Mouse,Electronics,1,1299.0,2026-09-04 13:21:36
CUST0421,PROD_C01,Hydrating Hyaluronic Acid Serum,Beauty & Care,1,899.0,2025-12-27 09:21:36
CUST0113,PROD_B03,The Psychology of Money,Books,1,450.0,2026-02-06 07:21:36
CUST0208,PROD_C08,Rechargeable Facial Cleansing Brush,Beauty & Care,1,1499.0,2026-07-19 21:21:36
CUST0343,PROD_E16,Internal SSD 1TB NVMe,Electronics,1,6499.0,2025-10-29 11:21:36
CUST0500,PROD_C05,Organic Argan Oil Hair Treatment,Beauty & Care,1,750.0,2025-12-12 08:21:36
CUST0389,PROD_B05,System Design Interview Guide,Books,1,950.0,2025-12-17 20:21:36
CUST0394,PROD_S08,Waterproof Cycling Helmet,Sports & Fitness,1,1899.0,2026-08-03 12:21:36
CUST0073,PROD_H04,Automatic Espresso Coffee Maker,Home & Kitchen,1,12499.0,2025-11-27 10:21:36
CUST0229,PROD_C05,Organic Argan Oil Hair Treatment,Beauty & Care,1,750.0,2026-09-11 03:21:36
CUST0071,PROD_H09,Aromatherapy Essential Oil Diffuser,Home & Kitchen,1,1299.0,2025-10-21 00:21:36
CUST0037,PROD_B05,System Design Interview Guide,Books,1,950.0,2026-09-21 10:21:36
CUST0360,PROD_F11,Comfortable Canvas Slip-Ons,Fashion,1,1599.0,2026-08-17 15:21:36
CUST0225,PROD_B07,Python for Data Analysis,Books,1,850.0,2026-02-04 01:21:36
CUST0170,PROD_C04,Sonic Electric Toothbrush,Beauty & Care,1,2299.0,2026-05-05 19:21:36
CUST0232,PROD_C08,Rechargeable Facial Cleansing Brush,Beauty & Care,1,1499.0,2026-06-23 01:21:36
CUST0255,PROD_E04,4K Ultra HD Smart Monitor 27-inch,Electronics,1,18999.0,2026-09-10 17:21:36
CUST0478,PROD_S01,Non-Slip Eco Yoga Mat 6mm,Sports & Fitness,1,1299.0,2026-03-02 00:21:36
CUST0378,PROD_F08,Athletic Workout Leggings,Fashion,1,1199.0,2025-10-08 06:21:36
CUST0171,PROD_F08,Athletic Workout Leggings,Fashion,2,1199.0,2025-12-30 03:21:36
CUST0353,PROD_B05,System Design Interview Guide,Books,2,950.0,2026-07-27 00:21:36
CUST0079,PROD_B05,System Design Interview Guide,Books,1,950.0,2026-03-11 07:21:36
CUST0322,PROD_E09,HD Web Camera with Microphone,Electronics,1,2199.0,2026-06-03 23:21:36
CUST0394,PROD_S01,Non-Slip Eco Yoga Mat 6mm,Sports & Fitness,1,1299.0,2026-05-25 23:21:36
CUST0292,PROD_E13,Surround Sound Gaming Headset,Electronics,1,2799.0,2025-12-31 01:21:36
CUST0222,PROD_F08,Athletic Workout Leggings,Fashion,2,1199.0,2026-05-14 15:21:36
CUST0213,PROD_S02,Adjustable Dumbbell Set 20kg,Sports & Fitness,1,4599.0,2026-10-05 08:21:36
CUST0421,PROD_F09,Waterproof HIKING Boots,Fashion,1,4199.0,2026-07-25 19:21:36
CUST0041,PROD_E09,HD Web Camera with Microphone,Electronics,1,2199.0,2026-10-05 17:21:36
CUST0287,PROD_B01,Deep Learning Foundations & Applications,Books,1,899.0,2026-04-09 00:21:36
CUST0276,PROD_C06,Gentle Exfoliating Face Scrub,Beauty & Care,1,550.0,2025-10-28 09:21:36
CUST0494,PROD_S02,Adjustable Dumbbell Set 20kg,Sports & Fitness,1,4599.0,2026-07-19 10:21:36
CUST0123,PROD_F12,Hooded Fleece Sweatshirt,Fashion,1,1899.0,2026-08-05 10:21:36
CUST0487,PROD_F13,Designer Silk Scarf,Fashion,1,999.0,2025-12-08 23:21:36
CUST0270,PROD_H08,Insulated Vacuum Water Bottle 1L,Home & Kitchen,1,699.0,2026-09-05 08:21:36
CUST0153,PROD_B02,Atomic Habits by James Clear,Books,1,599.0,2026-05-12 16:21:36
CUST0497,PROD_H04,Automatic Espresso Coffee Maker,Home & Kitchen,1,12499.0,2026-05-11 21:21:36
CUST0305,PROD_S01,Non-Slip Eco Yoga Mat 6mm,Sports & Fitness,1,1299.0,2026-03-21 17:21:36
CUST0453,PROD_B05,System Design Interview Guide,Books,1,950.0,2026-04-24 15:21:36
CUST0299,PROD_F12,Hooded Fleece Sweatshirt,Fashion,1,1899.0,2025-12-05 03:21:36
CUST0360,PROD_C08,Rechargeable Facial Cleansing Brush,Beauty & Care,1,1499.0,2025-12-27 08:21:36
CUST0005,PROD_S06,Speed Jump Rope with Ball Bearings,Sports & Fitness,1,399.0,2026-01-01 11:21:36
CUST0180,PROD_E01,Wireless Noise-Canceling Headphones,Electronics,1,2499.0,2026-03-31 05:21:36
CUST0022,PROD_B05,System Design Interview Guide,Books,1,950.0,2025-12-17 10:21:36
CUST0126,PROD_C01,Hydrating Hyaluronic Acid Serum,Beauty & Care,1,899.0,2025-11-18 07:21:36
CUST0097,PROD_F08,Athletic Workout Leggings,Fashion,2,1199.0,2025-12-28 23:21:36
CUST0491,PROD_F08,Athletic Workout Leggings,Fashion,1,1199.0,2026-07-05 11:21:36
CUST0354,PROD_F08,Athletic Workout Leggings,Fashion,1,1199.0,2026-02-05 00:21:36
CUST0173,PROD_F10,Formal Leather Belt Black,Fashion,1,799.0,2026-03-23 04:21:36
CUST0309,PROD_H08,Insulated Vacuum Water Bottle 1L,Home & Kitchen,1,699.0,2026-09-02 02:21:36
CUST0437,PROD_C08,Rechargeable Facial Cleansing Brush,Beauty & Care,2,1499.0,2026-03-19 18:21:36
CUST0264,PROD_B06,Clean Code: Handbook of Software Craftsmanship,Books,1,1100.0,2026-02-20 09:21:36
CUST0454,PROD_C07,Natural Charcoal Detox Mask,Beauty & Care,1,699.0,2026-01-05 10:21:36
CUST0204,PROD_F11,Comfortable Canvas Slip-Ons,Fashion,1,1599.0,2026-07-25 15:21:36
CUST0161,PROD_H07,Smart LED Desk Lamp with Dimmer,Home & Kitchen,1,1699.0,2026-02-24 19:21:36
CUST0107,PROD_B03,The Psychology of Money,Books,1,450.0,2026-04-13 22:21:36
CUST0184,PROD_B08,"Thinking, Fast and Slow",Books,1,520.0,2025-12-02 01:21:36
CUST0241,PROD_F05,Genuine Leather Crossbody Bag,Fashion,1,2799.0,2026-06-02 09:21:36
CUST0482,PROD_B04,Designing Data-Intensive Applications,Books,2,1250.0,2026-06-15 09:21:36
CUST0241,PROD_F05,Genuine Leather Crossbody Bag,Fashion,1,2799.0,2026-07-20 18:21:36
CUST0387,PROD_H09,Aromatherapy Essential Oil Diffuser,Home & Kitchen,1,1299.0,2026-02-17 11:21:36
CUST0127,PROD_F14,Water-Resistant Travel Backpack,Fashion,1,2399.0,2026-09-21 16:21:36
CUST0334,PROD_B01,Deep Learning Foundations & Applications,Books,2,899.0,2026-07-27 15:21:36
CUST0292,PROD_C01,Hydrating Hyaluronic Acid Serum,Beauty & Care,1,899.0,2026-02-25 19:21:36
CUST0089,PROD_S01,Non-Slip Eco Yoga Mat 6mm,Sports & Fitness,2,1299.0,2026-01-17 06:21:36
CUST0235,PROD_E05,Fast Charging USB-C Power Bank 20000mAh,Electronics,1,1999.0,2026-06-24 06:21:36
CUST0115,PROD_H09,Aromatherapy Essential Oil Diffuser,Home & Kitchen,1,1299.0,2026-08-06 12:21:36
CUST0464,PROD_F08,Athletic Workout Leggings,Fashion,1,1199.0,2026-02-02 03:21:36
CUST0486,PROD_S08,Waterproof Cycling Helmet,Sports & Fitness,1,1899.0,2026-01-02 23:21:36
CUST0154,PROD_S06,Speed Jump Rope with Ball Bearings,Sports & Fitness,1,399.0,2025-12-10 10:21:36
CUST0380,PROD_B07,Python for Data Analysis,Books,1,850.0,2026-01-15 23:21:36
CUST0249,PROD_B03,The Psychology of Money,Books,1,450.0,2025-11-21 12:21:36
CUST0444,PROD_B07,Python for Data Analysis,Books,1,850.0,2026-01-02 16:21:36
CUST0058,PROD_F09,Waterproof HIKING Boots,Fashion,1,4199.0,2026-03-06 21:21:36
CUST0445,PROD_C02,SPF 50 Broad Spectrum Sunscreen,Beauty & Care,1,649.0,2026-09-13 21:21:36
CUST0285,PROD_E17,External Hard Drive 2TB,Electronics,1,5299.0,2025-11-18 03:21:36
CUST0154,PROD_S02,Adjustable Dumbbell Set 20kg,Sports & Fitness,1,4599.0,2026-06-18 18:21:36
CUST0134,PROD_S05,Insulated Sports Shaker Bottle,Sports & Fitness,1,499.0,2025-11-29 23:21:36
CUST0125,PROD_C07,Natural Charcoal Detox Mask,Beauty & Care,1,699.0,2026-07-23 23:21:36
CUST0267,PROD_E02,Mechanical Gaming Keyboard,Electronics,1,3499.0,2025-10-21 22:21:36
CUST0014,PROD_B05,System Design Interview Guide,Books,1,950.0,2025-10-06 17:21:36
CUST0388,PROD_H04,Automatic Espresso Coffee Maker,Home & Kitchen,1,12499.0,2025-11-17 04:21:36
CUST0242,PROD_S06,Speed Jump Rope with Ball Bearings,Sports & Fitness,1,399.0,2026-09-20 10:21:36
CUST0329,PROD_F12,Hooded Fleece Sweatshirt,Fashion,1,1899.0,2026-07-03 10:21:36
CUST0284,PROD_B01,Deep Learning Foundations & Applications,Books,1,899.0,2026-02-22 22:21:36
CUST0151,PROD_S08,Waterproof Cycling Helmet,Sports & Fitness,1,1899.0,2026-05-14 19:21:36
CUST0457,PROD_S01,Non-Slip Eco Yoga Mat 6mm,Sports & Fitness,1,1299.0,2026-06-06 07:21:36
CUST0463,PROD_F05,Genuine Leather Crossbody Bag,Fashion,3,2799.0,2026-07-08 06:21:36
CUST0272,PROD_C07,Natural Charcoal Detox Mask,Beauty & Care,1,699.0,2026-04-11 22:21:36
CUST0152,PROD_H01,Stainless Steel Electric Kettle 1.8L,Home & Kitchen,1,1399.0,2026-09-08 02:21:36
CUST0383,PROD_F10,Formal Leather Belt Black,Fashion,1,799.0,2026-07-12 22:21:36
CUST0420,PROD_F06,Warm Knit Winter Beanie,Fashion,1,499.0,2026-09-10 21:21:36
CUST0428,PROD_F09,Waterproof HIKING Boots,Fashion,1,4199.0,2025-10-10 09:21:36
CUST0328,PROD_F12,Hooded Fleece Sweatshirt,Fashion,1,1899.0,2026-09-19 03:21:36
CUST0404,PROD_C08,Rechargeable Facial Cleansing Brush,Beauty & Care,1,1499.0,2025-10-30 01:21:36
CUST0421,PROD_F05,Genuine Leather Crossbody Bag,Fashion,1,2799.0,2025-10-09 03:21:36
CUST0316,PROD_C06,Gentle Exfoliating Face Scrub,Beauty & Care,1,550.0,2026-09-24 22:21:36
CUST0033,PROD_B05,System Design Interview Guide,Books,1,950.0,2026-09-19 01:21:36
CUST0044,PROD_B04,Designing Data-Intensive Applications,Books,1,1250.0,2026-04-23 08:21:36
CUST0079,PROD_C06,Gentle Exfoliating Face Scrub,Beauty & Care,1,550.0,2026-06-23 19:21:36
CUST0020,PROD_C02,SPF 50 Broad Spectrum Sunscreen,Beauty & Care,1,649.0,2026-02-13 01:21:36
CUST0340,PROD_F09,Waterproof HIKING Boots,Fashion,1,4199.0,2026-01-27 23:21:36
CUST0473,PROD_S07,Breathable Weightlifting Gloves,Sports & Fitness,1,599.0,2026-05-02 08:21:36
CUST0143,PROD_C05,Organic Argan Oil Hair Treatment,Beauty & Care,1,750.0,2026-10-03 04:21:36
CUST0209,PROD_F05,Genuine Leather Crossbody Bag,Fashion,1,2799.0,2025-12-20 02:21:36
CUST0178,PROD_C01,Hydrating Hyaluronic Acid Serum,Beauty & Care,1,899.0,2026-06-30 16:21:36
CUST0129,PROD_B08,"Thinking, Fast and Slow",Books,1,520.0,2026-03-03 07:21:36
CUST0189,PROD_B09,Zero to One by Peter Thiel,Books,1,480.0,2026-07-13 17:21:36
CUST0344,PROD_S08,Waterproof Cycling Helmet,Sports & Fitness,2,1899.0,2026-04-25 22:21:36
CUST0281,PROD_B05,System Design Interview Guide,Books,1,950.0,2026-10-02 16:21:36
CUST0351,PROD_E17,External Hard Drive 2TB,Electronics,1,5299.0,2026-08-05 13:21:36
CUST0127,PROD_F06,Warm Knit Winter Beanie,Fashion,1,499.0,2026-02-16 15:21:36
CUST0481,PROD_H05,Non-Stick Ceramic Cookware Set 5-Piece,Home & Kitchen,1,3999.0,2026-04-10 20:21:36
CUST0129,PROD_B05,System Design Interview Guide,Books,1,950.0,2025-11-09 21:21:36
CUST0151,PROD_H03,Memory Foam Orthopedic Pillow,Home & Kitchen,1,1199.0,2026-05-24 04:21:36
CUST0189,PROD_B04,Designing Data-Intensive Applications,Books,1,1250.0,2025-12-05 20:21:36
CUST0408,PROD_F04,Polarized UV Protection Sunglasses,Fashion,1,1299.0,2026-06-16 04:21:36
CUST0237,PROD_S07,Breathable Weightlifting Gloves,Sports & Fitness,1,599.0,2026-07-21 11:21:36
CUST0180,PROD_E09,HD Web Camera with Microphone,Electronics,1,2199.0,2026-04-04 20:21:36
CUST0018,PROD_C01,Hydrating Hyaluronic Acid Serum,Beauty & Care,2,899.0,2026-01-27 14:21:36
CUST0084,PROD_F06,Warm Knit Winter Beanie,Fashion,1,499.0,2026-08-17 00:21:36
CUST0493,PROD_C02,SPF 50 Broad Spectrum Sunscreen,Beauty & Care,1,649.0,2026-03-21 06:21:36
CUST0094,PROD_B03,The Psychology of Money,Books,1,450.0,2026-07-14 22:21:36
CUST0072,PROD_F01,Classic Cotton Denim Jacket,Fashion,2,2199.0,2026-07-31 21:21:36
CUST0475,PROD_B05,System Design Interview Guide,Books,1,950.0,2026-07-12 06:21:36
CUST0370,PROD_C05,Organic Argan Oil Hair Treatment,Beauty & Care,1,750.0,2025-11-30 08:21:36
CUST0178,PROD_E13,Surround Sound Gaming Headset,Electronics,1,2799.0,2026-10-02 18:21:36
CUST0037,PROD_C06,Gentle Exfoliating Face Scrub,Beauty & Care,1,550.0,2026-03-09 08:21:36
CUST0309,PROD_C03,Vitamin C Facial Cleanser,Beauty & Care,2,499.0,2026-06-22 11:21:36
CUST0230,PROD_E05,Fast Charging USB-C Power Bank 20000mAh,Electronics,1,1999.0,2026-07-31 11:21:36
CUST0104,PROD_E09,HD Web Camera with Microphone,Electronics,1,2199.0,2026-05-24 15:21:36
CUST0035,PROD_F10,Formal Leather Belt Black,Fashion,3,799.0,2026-07-08 09:21:36
CUST0085,PROD_F12,Hooded Fleece Sweatshirt,Fashion,1,1899.0,2026-05-08 17:21:36
CUST0105,PROD_B04,Designing Data-Intensive Applications,Books,1,1250.0,2026-06-17 01:21:36
CUST0203,PROD_B05,System Design Interview Guide,Books,1,950.0,2026-06-11 10:21:36
CUST0283,PROD_S01,Non-Slip Eco Yoga Mat 6mm,Sports & Fitness,1,1299.0,2026-05-22 07:21:36
CUST0419,PROD_F01,Classic Cotton Denim Jacket,Fashion,1,2199.0,2026-05-13 12:21:36
CUST0049,PROD_B05,System Design Interview Guide,Books,1,950.0,2025-11-13 07:21:36
CUST0429,PROD_F07,Stainless Steel Quartz Wristwatch,Fashion,2,4499.0,2026-05-02 13:21:36
CUST0106,PROD_C07,Natural Charcoal Detox Mask,Beauty & Care,1,699.0,2026-01-02 05:21:36
CUST0049,PROD_E01,Wireless Noise-Canceling Headphones,Electronics,1,2499.0,2026-04-30 00:21:36
CUST0463,PROD_S05,Insulated Sports Shaker Bottle,Sports & Fitness,1,499.0,2025-11-02 23:21:36
CUST0255,PROD_H02,Digital Air Fryer 4.5L,Home & Kitchen,1,5999.0,2026-03-11 10:21:36
CUST0356,PROD_F14,Water-Resistant Travel Backpack,Fashion,1,2399.0,2026-07-10 02:21:36
CUST0137,PROD_H01,Stainless Steel Electric Kettle 1.8L,Home & Kitchen,1,1399.0,2026-08-27 11:21:36
CUST0360,PROD_C08,Rechargeable Facial Cleansing Brush,Beauty & Care,1,1499.0,2025-12-26 16:21:36
CUST0474,PROD_E05,Fast Charging USB-C Power Bank 20000mAh,Electronics,3,1999.0,2026-05-11 12:21:36
CUST0164,PROD_H11,Digital Kitchen Weighing Scale,Home & Kitchen,1,599.0,2026-05-07 00:21:36
CUST0276,PROD_C02,SPF 50 Broad Spectrum Sunscreen,Beauty & Care,1,649.0,2026-01-10 17:21:36
CUST0365,PROD_S08,Waterproof Cycling Helmet,Sports & Fitness,1,1899.0,2026-08-19 08:21:36
CUST0457,PROD_S03,Resistance Loop Exercise Bands Set,Sports & Fitness,1,699.0,2026-07-23 01:21:36
CUST0366,PROD_S07,Breathable Weightlifting Gloves,Sports & Fitness,1,599.0,2026-04-15 23:21:36
CUST0060,PROD_B04,Designing Data-Intensive Applications,Books,1,1250.0,2026-03-17 04:21:36
CUST0416,PROD_F08,Athletic Workout Leggings,Fashion,1,1199.0,2025-12-30 06:21:36
CUST0442,PROD_C05,Organic Argan Oil Hair Treatment,Beauty & Care,1,750.0,2026-05-03 23:21:36
CUST0185,PROD_B05,System Design Interview Guide,Books,1,950.0,2025-12-07 13:21:36
CUST0228,PROD_H13,Stainless Steel Cutlery Set 24-Piece,Home & Kitchen,1,1799.0,2026-01-31 21:21:36
CUST0037,PROD_F09,Waterproof HIKING Boots,Fashion,1,4199.0,2026-06-04 10:21:36
CUST0368,PROD_C07,Natural Charcoal Detox Mask,Beauty & Care,1,699.0,2026-03-29 01:21:36
CUST0294,PROD_F08,Athletic Workout Leggings,Fashion,1,1199.0,2025-12-16 21:21:36
CUST0358,PROD_F01,Classic Cotton Denim Jacket,Fashion,2,2199.0,2026-09-26 10:21:36
CUST0261,PROD_E17,External Hard Drive 2TB,Electronics,2,5299.0,2025-12-14 09:21:36
CUST0257,PROD_B02,Atomic Habits by James Clear,Books,1,599.0,2025-10-24 17:21:36
CUST0320,PROD_C01,Hydrating Hyaluronic Acid Serum,Beauty & Care,1,899.0,2026-05-29 18:21:36
CUST0395,PROD_E11,Active Noise Cancelling Earbuds,Electronics,1,3199.0,2026-10-01 01:21:36
CUST0380,PROD_H13,Stainless Steel Cutlery Set 24-Piece,Home & Kitchen,1,1799.0,2026-04-20 07:21:36
CUST0454,PROD_C01,Hydrating Hyaluronic Acid Serum,Beauty & Care,1,899.0,2026-07-16 15:21:36
CUST0386,PROD_H13,Stainless Steel Cutlery Set 24-Piece,Home & Kitchen,1,1799.0,2025-11-26 10:21:36
CUST0382,PROD_F09,Waterproof HIKING Boots,Fashion,1,4199.0,2026-06-20 11:21:36
CUST0459,PROD_F09,Waterproof HIKING Boots,Fashion,1,4199.0,2025-12-22 09:21:36
CUST0051,PROD_F10,Formal Leather Belt Black,Fashion,1,799.0,2026-07-24 13:21:36
CUST0330,PROD_F12,Hooded Fleece Sweatshirt,Fashion,1,1899.0,2026-09-16 19:21:36
CUST0459,PROD_F03,Slim Fit Casual Button-Up Shirt,Fashion,1,1499.0,2026-09-06 01:21:36
CUST0471,PROD_H11,Digital Kitchen Weighing Scale,Home & Kitchen,1,599.0,2025-11-20 22:21:36
CUST0495,PROD_C03,Vitamin C Facial Cleanser,Beauty & Care,1,499.0,2026-08-15 14:21:36
CUST0324,PROD_C05,Organic Argan Oil Hair Treatment,Beauty & Care,1,750.0,2025-12-07 09:21:36
CUST0043,PROD_S01,Non-Slip Eco Yoga Mat 6mm,Sports & Fitness,1,1299.0,2026-08-24 18:21:36
CUST0024,PROD_F04,Polarized UV Protection Sunglasses,Fashion,1,1299.0,2026-04-27 02:21:36
CUST0472,PROD_S08,Waterproof Cycling Helmet,Sports & Fitness,2,1899.0,2026-01-09 12:21:36
CUST0145,PROD_B06,Clean Code: Handbook of Software Craftsmanship,Books,2,1100.0,2026-01-15 11:21:36
CUST0386,PROD_H13,Stainless Steel Cutlery Set 24-Piece,Home & Kitchen,1,1799.0,2026-09-29 03:21:36
CUST0398,PROD_H04,Automatic Espresso Coffee Maker,Home & Kitchen,1,12499.0,2026-09-25 21:21:36
CUST0373,PROD_E14,Smart Plug with Voice Control,Electronics,1,799.0,2026-07-07 00:21:36
CUST0067,PROD_H03,Memory Foam Orthopedic Pillow,Home & Kitchen,1,1199.0,2026-03-09 17:21:36
CUST0362,PROD_B05,System Design Interview Guide,Books,1,950.0,2026-07-06 05:21:36
CUST0167,PROD_H03,Memory Foam Orthopedic Pillow,Home & Kitchen,1,1199.0,2026-07-25 23:21:36
CUST0462,PROD_C04,Sonic Electric Toothbrush,Beauty & Care,1,2299.0,2026-02-01 15:21:36
CUST0185,PROD_E05,Fast Charging USB-C Power Bank 20000mAh,Electronics,1,1999.0,2026-07-18 15:21:36
CUST0435,PROD_C02,SPF 50 Broad Spectrum Sunscreen,Beauty & Care,1,649.0,2026-07-22 01:21:36
CUST0201,PROD_E12,Aluminum Laptop Cooling Pad,Electronics,1,1499.0,2025-11-01 13:21:36
CUST0013,PROD_F13,Designer Silk Scarf,Fashion,1,999.0,2025-10-25 21:21:36
CUST0136,PROD_E02,Mechanical Gaming Keyboard,Electronics,1,3499.0,2026-02-23 04:21:36
CUST0268,PROD_H05,Non-Stick Ceramic Cookware Set 5-Piece,Home & Kitchen,2,3999.0,2026-04-03 09:21:36
CUST0022,PROD_E09,HD Web Camera with Microphone,Electronics,1,2199.0,2025-10-21 10:21:36
CUST0205,PROD_B07,Python for Data Analysis,Books,1,850.0,2026-03-06 07:21:36
CUST0203,PROD_E10,High-Speed Wi-Fi 6 Router,Electronics,1,3899.0,2026-02-02 21:21:36
CUST0439,PROD_C01,Hydrating Hyaluronic Acid Serum,Beauty & Care,1,899.0,2026-02-02 21:21:36
CUST0421,PROD_F08,Athletic Workout Leggings,Fashion,1,1199.0,2025-12-02 03:21:36
CUST0126,PROD_C04,Sonic Electric Toothbrush,Beauty & Care,1,2299.0,2026-02-09 23:21:36
CUST0272,PROD_C05,Organic Argan Oil Hair Treatment,Beauty & Care,1,750.0,2026-03-05 00:21:36
CUST0420,PROD_E10,High-Speed Wi-Fi 6 Router,Electronics,1,3899.0,2026-09-24 05:21:36
CUST0154,PROD_S04,High-Density Foam Muscle Roller,Sports & Fitness,1,899.0,2026-07-20 09:21:36
CUST0278,PROD_C08,Rechargeable Facial Cleansing Brush,Beauty & Care,1,1499.0,2026-10-05 12:21:36
CUST0344,PROD_S08,Waterproof Cycling Helmet,Sports & Fitness,1,1899.0,2026-07-27 08:21:36
CUST0197,PROD_H08,Insulated Vacuum Water Bottle 1L,Home & Kitchen,1,699.0,2025-10-06 10:21:36
CUST0365,PROD_F08,Athletic Workout Leggings,Fashion,2,1199.0,2026-02-08 03:21:36
CUST0366,PROD_B10,Hands-On Machine Learning with Scikit-Learn,Books,1,1450.0,2026-08-03 05:21:36
CUST0269,PROD_F03,Slim Fit Casual Button-Up Shirt,Fashion,1,1499.0,2026-04-03 23:21:36
CUST0416,PROD_E17,External Hard Drive 2TB,Electronics,1,5299.0,2026-04-26 20:21:36
CUST0061,PROD_C01,Hydrating Hyaluronic Acid Serum,Beauty & Care,1,899.0,2025-12-07 06:21:36
CUST0239,PROD_E16,Internal SSD 1TB NVMe,Electronics,1,6499.0,2026-05-02 03:21:36
CUST0057,PROD_S02,Adjustable Dumbbell Set 20kg,Sports & Fitness,1,4599.0,2026-02-23 05:21:36
CUST0365,PROD_F13,Designer Silk Scarf,Fashion,1,999.0,2025-12-21 03:21:36
CUST0302,PROD_E04,4K Ultra HD Smart Monitor 27-inch,Electronics,1,18999.0,2026-01-01 08:21:36
CUST0073,PROD_H03,Memory Foam Orthopedic Pillow,Home & Kitchen,1,1199.0,2026-07-23 08:21:36
CUST0340,PROD_C08,Rechargeable Facial Cleansing Brush,Beauty & Care,1,1499.0,2025-11-10 13:21:36
CUST0278,PROD_B06,Clean Code: Handbook of Software Craftsmanship,Books,1,1100.0,2026-09-09 06:21:36
CUST0067,PROD_F06,Warm Knit Winter Beanie,Fashion,1,499.0,2026-01-28 00:21:36
CUST0067,PROD_H12,Microfiber Bed Sheet Set Queen,Home & Kitchen,1,1499.0,2026-04-26 01:21:36
CUST0443,PROD_F01,Classic Cotton Denim Jacket,Fashion,1,2199.0,2026-02-18 23:21:36
CUST0372,PROD_S05,Insulated Sports Shaker Bottle,Sports & Fitness,1,499.0,2026-01-20 14:21:36
CUST0442,PROD_C06,Gentle Exfoliating Face Scrub,Beauty & Care,1,550.0,2026-09-01 12:21:36
CUST0191,PROD_B01,Deep Learning Foundations & Applications,Books,1,899.0,2025-11-10 00:21:36
CUST0037,PROD_F04,Polarized UV Protection Sunglasses,Fashion,1,1299.0,2026-04-10 00:21:36
CUST0115,PROD_H05,Non-Stick Ceramic Cookware Set 5-Piece,Home & Kitchen,1,3999.0,2026-03-15 07:21:36
CUST0294,PROD_B08,"Thinking, Fast and Slow",Books,1,520.0,2026-07-05 12:21:36
CUST0152,PROD_H06,Robot Vacuum Cleaner with Mop,Home & Kitchen,1,15999.0,2026-09-11 20:21:36
CUST0091,PROD_H06,Robot Vacuum Cleaner with Mop,Home & Kitchen,1,15999.0,2026-01-19 21:21:36
CUST0022,PROD_E16,Internal SSD 1TB NVMe,Electronics,1,6499.0,2026-08-31 11:21:36
CUST0377,PROD_H10,Bamboo Cutting Board Set,Home & Kitchen,1,899.0,2026-03-28 16:21:36
CUST0082,PROD_F02,Breathable Running Sneakers,Fashion,1,3299.0,2026-05-18 03:21:36
CUST0402,PROD_F06,Warm Knit Winter Beanie,Fashion,1,499.0,2026-07-04 18:21:36
CUST0223,PROD_E09,HD Web Camera with Microphone,Electronics,1,2199.0,2026-09-11 19:21:36
CUST0105,PROD_E14,Smart Plug with Voice Control,Electronics,1,799.0,2026-03-05 22:21:36
CUST0126,PROD_F06,Warm Knit Winter Beanie,Fashion,1,499.0,2026-08-09 09:21:36
CUST0057,PROD_C06,Gentle Exfoliating Face Scrub,Beauty & Care,2,550.0,2025-12-30 04:21:36
CUST0146,PROD_E03,Ergonomic Wireless Mouse,Electronics,1,1299.0,2026-02-08 11:21:36
CUST0303,PROD_B03,The Psychology of Money,Books,1,450.0,2026-09-08 19:21:36
CUST0213,PROD_S02,Adjustable Dumbbell Set 20kg,Sports & Fitness,2,4599.0,2025-12-14 05:21:36
CUST0070,PROD_F09,Waterproof HIKING Boots,Fashion,1,4199.0,2026-06-20 23:21:36
CUST0341,PROD_E05,Fast Charging USB-C Power Bank 20000mAh,Electronics,1,1999.0,2026-06-07 14:21:36
CUST0436,PROD_E04,4K Ultra HD Smart Monitor 27-inch,Electronics,1,18999.0,2026-01-27 04:21:36
CUST0262,PROD_H02,Digital Air Fryer 4.5L,Home & Kitchen,1,5999.0,2026-03-11 13:21:36
CUST0281,PROD_C03,Vitamin C Facial Cleanser,Beauty & Care,1,499.0,2026-03-09 13:21:36
CUST0418,PROD_H08,Insulated Vacuum Water Bottle 1L,Home & Kitchen,1,699.0,2026-07-18 03:21:36
CUST0397,PROD_B06,Clean Code: Handbook of Software Craftsmanship,Books,2,1100.0,2026-01-12 04:21:36
CUST0190,PROD_F10,Formal Leather Belt Black,Fashion,1,799.0,2026-09-21 06:21:36
CUST0447,PROD_B10,Hands-On Machine Learning with Scikit-Learn,Books,3,1450.0,2026-03-02 11:21:36
CUST0220,PROD_C01,Hydrating Hyaluronic Acid Serum,Beauty & Care,1,899.0,2026-08-19 19:21:36
CUST0361,PROD_F08,Athletic Workout Leggings,Fashion,1,1199.0,2026-09-27 10:21:36
CUST0418,PROD_F08,Athletic Workout Leggings,Fashion,1,1199.0,2026-04-04 21:21:36
CUST0303,PROD_B05,System Design Interview Guide,Books,1,950.0,2025-11-14 17:21:36
CUST0119,PROD_B05,System Design Interview Guide,Books,1,950.0,2026-02-25 13:21:36
CUST0476,PROD_S05,Insulated Sports Shaker Bottle,Sports & Fitness,1,499.0,2026-06-07 15:21:36
CUST0463,PROD_S02,Adjustable Dumbbell Set 20kg,Sports & Fitness,1,4599.0,2026-05-30 15:21:36
CUST0148,PROD_B05,System Design Interview Guide,Books,2,950.0,2025-11-24 22:21:36
CUST0116,PROD_C05,Organic Argan Oil Hair Treatment,Beauty & Care,1,750.0,2026-07-16 23:21:36
CUST0366,PROD_S06,Speed Jump Rope with Ball Bearings,Sports & Fitness,1,399.0,2025-12-15 20:21:36
CUST0315,PROD_E14,Smart Plug with Voice Control,Electronics,1,799.0,2026-04-18 14:21:36
CUST0470,PROD_B05,System Design Interview Guide,Books,1,950.0,2026-04-27 01:21:36
CUST0005,PROD_S08,Waterproof Cycling Helmet,Sports & Fitness,2,1899.0,2026-08-15 06:21:36
CUST0146,PROD_E01,Wireless Noise-Canceling Headphones,Electronics,1,2499.0,2026-08-02 10:21:36
CUST0320,PROD_C01,Hydrating Hyaluronic Acid Serum,Beauty & Care,1,899.0,2026-03-10 03:21:36
CUST0396,PROD_H07,Smart LED Desk Lamp with Dimmer,Home & Kitchen,1,1699.0,2026-04-09 11:21:36
CUST0051,PROD_F11,Comfortable Canvas Slip-Ons,Fashion,1,1599.0,2026-03-12 18:21:36
CUST0155,PROD_C03,Vitamin C Facial Cleanser,Beauty & Care,1,499.0,2026-04-02 03:21:36
CUST0050,PROD_C07,Natural Charcoal Detox Mask,Beauty & Care,1,699.0,2026-02-23 08:21:36
CUST0224,PROD_B10,Hands-On Machine Learning with Scikit-Learn,Books,1,1450.0,2026-05-05 08:21:36
CUST0475,PROD_S06,Speed Jump Rope with Ball Bearings,Sports & Fitness,1,399.0,2025-12-26 07:21:36
CUST0471,PROD_F12,Hooded Fleece Sweatshirt,Fashion,1,1899.0,2026-06-15 16:21:36
CUST0427,PROD_H07,Smart LED Desk Lamp with Dimmer,Home & Kitchen,1,1699.0,2026-07-29 11:21:36
CUST0397,PROD_S05,Insulated Sports Shaker Bottle,Sports & Fitness,1,499.0,2026-05-29 15:21:36
CUST0019,PROD_H11,Digital Kitchen Weighing Scale,Home & Kitchen,1,599.0,2026-02-03 00:21:36
CUST0099,PROD_E05,Fast Charging USB-C Power Bank 20000mAh,Electronics,1,1999.0,2025-10-25 06:21:36
CUST0294,PROD_B06,Clean Code: Handbook of Software Craftsmanship,Books,1,1100.0,2026-05-13 21:21:36
CUST0369,PROD_E06,Smart Fitness Watch Series 5,Electronics,1,4999.0,2026-04-28 02:21:36
CUST0267,PROD_B05,System Design Interview Guide,Books,1,950.0,2026-08-16 21:21:36
CUST0226,PROD_C06,Gentle Exfoliating Face Scrub,Beauty & Care,2,550.0,2026-01-24 05:21:36
CUST0272,PROD_E14,Smart Plug with Voice Control,Electronics,1,799.0,2026-01-15 19:21:36
CUST0206,PROD_H03,Memory Foam Orthopedic Pillow,Home & Kitchen,1,1199.0,2026-06-08 14:21:36
CUST0414,PROD_C01,Hydrating Hyaluronic Acid Serum,Beauty & Care,1,899.0,2026-02-23 09:21:36
CUST0163,PROD_S08,Waterproof Cycling Helmet,Sports & Fitness,1,1899.0,2026-05-09 12:21:36
CUST0442,PROD_C08,Rechargeable Facial Cleansing Brush,Beauty & Care,1,1499.0,2026-02-14 19:21:36
CUST0232,PROD_E11,Active Noise Cancelling Earbuds,Electronics,1,3199.0,2025-12-21 11:21:36
CUST0013,PROD_B05,System Design Interview Guide,Books,1,950.0,2025-11-08 06:21:36
CUST0275,PROD_B05,System Design Interview Guide,Books,1,950.0,2026-08-16 21:21:36
CUST0433,PROD_F01,Classic Cotton Denim Jacket,Fashion,1,2199.0,2026-05-12 22:21:36
CUST0147,PROD_C01,Hydrating Hyaluronic Acid Serum,Beauty & Care,1,899.0,2026-09-21 21:21:36
CUST0456,PROD_H05,Non-Stick Ceramic Cookware Set 5-Piece,Home & Kitchen,1,3999.0,2026-05-18 01:21:36
CUST0216,PROD_C06,Gentle Exfoliating Face Scrub,Beauty & Care,3,550.0,2025-12-31 14:21:36
CUST0224,PROD_E16,Internal SSD 1TB NVMe,Electronics,1,6499.0,2026-01-19 11:21:36
CUST0451,PROD_B05,System Design Interview Guide,Books,1,950.0,2025-11-25 09:21:36
CUST0225,PROD_B05,System Design Interview Guide,Books,1,950.0,2026-08-18 19:21:36
CUST0074,PROD_F08,Athletic Workout Leggings,Fashion,1,1199.0,2026-09-09 13:21:36
CUST0386,PROD_H05,Non-Stick Ceramic Cookware Set 5-Piece,Home & Kitchen,1,3999.0,2026-04-30 23:21:36
CUST0212,PROD_E03,Ergonomic Wireless Mouse,Electronics,1,1299.0,2025-12-08 16:21:36
CUST0018,PROD_F06,Warm Knit Winter Beanie,Fashion,1,499.0,2026-09-16 20:21:36
CUST0192,PROD_F08,Athletic Workout Leggings,Fashion,1,1199.0,2026-03-20 02:21:36
CUST0403,PROD_F08,Athletic Workout Leggings,Fashion,1,1199.0,2025-11-23 10:21:36
CUST0356,PROD_F03,Slim Fit Casual Button-Up Shirt,Fashion,1,1499.0,2026-02-01 18:21:36
CUST0249,PROD_B02,Atomic Habits by James Clear,Books,1,599.0,2026-10-03 08:21:36
CUST0306,PROD_H13,Stainless Steel Cutlery Set 24-Piece,Home & Kitchen,2,1799.0,2026-03-25 01:21:36
CUST0394,PROD_B10,Hands-On Machine Learning with Scikit-Learn,Books,1,1450.0,2026-09-13 10:21:36
CUST0027,PROD_C01,Hydrating Hyaluronic Acid Serum,Beauty & Care,1,899.0,2026-01-10 03:21:36
CUST0267,PROD_E08,Multi-Port USB Hub Type-C,Electronics,1,899.0,2025-11-22 12:21:36
CUST0076,PROD_S04,High-Density Foam Muscle Roller,Sports & Fitness,1,899.0,2026-04-05 10:21:36
CUST0343,PROD_B05,System Design Interview Guide,Books,1,950.0,2026-02-02 09:21:36
CUST0241,PROD_F12,Hooded Fleece Sweatshirt,Fashion,1,1899.0,2026-02-26 22:21:36
CUST0086,PROD_C06,Gentle Exfoliating Face Scrub,Beauty & Care,2,550.0,2026-05-29 17:21:36
CUST0426,PROD_C02,SPF 50 Broad Spectrum Sunscreen,Beauty & Care,1,649.0,2026-07-22 07:21:36
CUST0343,PROD_E03,Ergonomic Wireless Mouse,Electronics,1,1299.0,2025-11-17 16:21:36
CUST0343,PROD_E08,Multi-Port USB Hub Type-C,Electronics,1,899.0,2026-03-27 17:21:36
CUST0394,PROD_S08,Waterproof Cycling Helmet,Sports & Fitness,1,1899.0,2026-10-04 17:21:36
CUST0422,PROD_H05,Non-Stick Ceramic Cookware Set 5-Piece,Home & Kitchen,1,3999.0,2026-02-06 16:21:36
CUST0093,PROD_S08,Waterproof Cycling Helmet,Sports & Fitness,1,1899.0,2026-03-21 06:21:36
CUST0032,PROD_H10,Bamboo Cutting Board Set,Home & Kitchen,1,899.0,2026-01-14 09:21:36
CUST0457,PROD_S07,Breathable Weightlifting Gloves,Sports & Fitness,1,599.0,2026-05-03 11:21:36
CUST0056,PROD_B05,System Design Interview Guide,Books,1,950.0,2026-07-10 09:21:36
CUST0258,PROD_C04,Sonic Electric Toothbrush,Beauty & Care,1,2299.0,2026-05-09 08:21:36
CUST0037,PROD_F06,Warm Knit Winter Beanie,Fashion,1,499.0,2026-06-15 09:21:36
CUST0029,PROD_E09,HD Web Camera with Microphone,Electronics,1,2199.0,2025-10-14 22:21:36
CUST0062,PROD_S06,Speed Jump Rope with Ball Bearings,Sports & Fitness,1,399.0,2026-09-06 02:21:36
CUST0476,PROD_B05,System Design Interview Guide,Books,2,950.0,2025-12-27 12:21:36
CUST0017,PROD_C08,Rechargeable Facial Cleansing Brush,Beauty & Care,1,1499.0,2026-06-17 02:21:36
CUST0131,PROD_B08,"Thinking, Fast and Slow",Books,1,520.0,2026-04-10 05:21:36
CUST0276,PROD_B05,System Design Interview Guide,Books,1,950.0,2026-04-02 01:21:36
CUST0061,PROD_F03,Slim Fit Casual Button-Up Shirt,Fashion,1,1499.0,2025-12-20 09:21:36
CUST0181,PROD_E07,Portable Bluetooth Speaker 20W,Electronics,2,2999.0,2026-03-19 07:21:36
CUST0427,PROD_H13,Stainless Steel Cutlery Set 24-Piece,Home & Kitchen,1,1799.0,2026-03-31 05:21:36
CUST0435,PROD_C02,SPF 50 Broad Spectrum Sunscreen,Beauty & Care,1,649.0,2026-08-12 19:21:36
CUST0017,PROD_E16,Internal SSD 1TB NVMe,Electronics,1,6499.0,2026-02-18 22:21:36
CUST0201,PROD_E16,Internal SSD 1TB NVMe,Electronics,1,6499.0,2025-12-22 16:21:36
CUST0341,PROD_E09,HD Web Camera with Microphone,Electronics,1,2199.0,2026-08-30 21:21:36
CUST0373,PROD_E16,Internal SSD 1TB NVMe,Electronics,1,6499.0,2025-11-28 09:21:36
CUST0271,PROD_B06,Clean Code: Handbook of Software Craftsmanship,Books,1,1100.0,2026-01-18 09:21:36
CUST0118,PROD_C04,Sonic Electric Toothbrush,Beauty & Care,1,2299.0,2026-08-05 12:21:36
CUST0016,PROD_C03,Vitamin C Facial Cleanser,Beauty & Care,1,499.0,2025-12-05 07:21:36
CUST0439,PROD_C07,Natural Charcoal Detox Mask,Beauty & Care,1,699.0,2026-06-20 00:21:36
CUST0053,PROD_H09,Aromatherapy Essential Oil Diffuser,Home & Kitchen,1,1299.0,2026-03-18 17:21:36
CUST0411,PROD_B06,Clean Code: Handbook of Software Craftsmanship,Books,1,1100.0,2025-10-26 11:21:36
CUST0190,PROD_F12,Hooded Fleece Sweatshirt,Fashion,1,1899.0,2026-02-09 20:21:36
CUST0189,PROD_B09,Zero to One by Peter Thiel,Books,1,480.0,2026-07-24 17:21:36
CUST0366,PROD_S02,Adjustable Dumbbell Set 20kg,Sports & Fitness,1,4599.0,2025-10-25 13:21:36
CUST0013,PROD_C01,Hydrating Hyaluronic Acid Serum,Beauty & Care,1,899.0,2025-11-17 12:21:36
CUST0066,PROD_C01,Hydrating Hyaluronic Acid Serum,Beauty & Care,1,899.0,2026-08-31 02:21:36
CUST0455,PROD_H08,Insulated Vacuum Water Bottle 1L,Home & Kitchen,3,699.0,2026-09-09 18:21:36
CUST0463,PROD_S06,Speed Jump Rope with Ball Bearings,Sports & Fitness,2,399.0,2026-01-10 01:21:36
CUST0370,PROD_S08,Waterproof Cycling Helmet,Sports & Fitness,1,1899.0,2025-12-01 00:21:36
CUST0436,PROD_C07,Natural Charcoal Detox Mask,Beauty & Care,1,699.0,2026-03-12 15:21:36
CUST0322,PROD_E04,4K Ultra HD Smart Monitor 27-inch,Electronics,1,18999.0,2026-02-16 00:21:36
CUST0137,PROD_S05,Insulated Sports Shaker Bottle,Sports & Fitness,1,499.0,2026-08-07 07:21:36
CUST0119,PROD_E10,High-Speed Wi-Fi 6 Router,Electronics,1,3899.0,2026-03-13 09:21:36
CUST0396,PROD_H13,Stainless Steel Cutlery Set 24-Piece,Home & Kitchen,1,1799.0,2025-10-31 04:21:36
CUST0140,PROD_E08,Multi-Port USB Hub Type-C,Electronics,1,899.0,2026-03-17 01:21:36
CUST0082,PROD_F03,Slim Fit Casual Button-Up Shirt,Fashion,1,1499.0,2026-05-17 09:21:36
CUST0237,PROD_F08,Athletic Workout Leggings,Fashion,3,1199.0,2026-09-14 02:21:36
CUST0496,PROD_C08,Rechargeable Facial Cleansing Brush,Beauty & Care,1,1499.0,2025-10-15 19:21:36
CUST0414,PROD_H02,Digital Air Fryer 4.5L,Home & Kitchen,1,5999.0,2026-02-07 09:21:36
CUST0265,PROD_C07,Natural Charcoal Detox Mask,Beauty & Care,1,699.0,2025-12-03 18:21:36
CUST0106,PROD_F08,Athletic Workout Leggings,Fashion,1,1199.0,2026-05-03 09:21:36
CUST0315,PROD_E09,HD Web Camera with Microphone,Electronics,1,2199.0,2026-02-16 07:21:36
CUST0365,PROD_F07,Stainless Steel Quartz Wristwatch,Fashion,1,4499.0,2026-08-14 06:21:36
CUST0369,PROD_E06,Smart Fitness Watch Series 5,Electronics,1,4999.0,2026-06-07 03:21:36
CUST0325,PROD_B08,"Thinking, Fast and Slow",Books,1,520.0,2025-10-08 23:21:36
CUST0071,PROD_E16,Internal SSD 1TB NVMe,Electronics,1,6499.0,2026-04-01 08:21:36
CUST0227,PROD_H13,Stainless Steel Cutlery Set 24-Piece,Home & Kitchen,1,1799.0,2026-03-16 07:21:36
CUST0435,PROD_C02,SPF 50 Broad Spectrum Sunscreen,Beauty & Care,1,649.0,2026-09-11 10:21:36
CUST0438,PROD_B10,Hands-On Machine Learning with Scikit-Learn,Books,1,1450.0,2026-08-08 09:21:36
CUST0178,PROD_E12,Aluminum Laptop Cooling Pad,Electronics,1,1499.0,2026-09-26 00:21:36
CUST0240,PROD_B05,System Design Interview Guide,Books,1,950.0,2026-09-19 07:21:36
CUST0483,PROD_B05,System Design Interview Guide,Books,1,950.0,2026-09-20 19:21:36
CUST0155,PROD_C08,Rechargeable Facial Cleansing Brush,Beauty & Care,1,1499.0,2025-12-01 10:21:36
CUST0363,PROD_B10,Hands-On Machine Learning with Scikit-Learn,Books,1,1450.0,2026-02-09 05:21:36
CUST0260,PROD_E09,HD Web Camera with Microphone,Electronics,1,2199.0,2026-03-22 09:21:36
CUST0489,PROD_B05,System Design Interview Guide,Books,1,950.0,2026-01-12 16:21:36
CUST0169,PROD_C05,Organic Argan Oil Hair Treatment,Beauty & Care,1,750.0,2025-10-09 15:21:36
CUST0167,PROD_F07,Stainless Steel Quartz Wristwatch,Fashion,1,4499.0,2025-12-28 19:21:36
CUST0123,PROD_F07,Stainless Steel Quartz Wristwatch,Fashion,1,4499.0,2025-11-18 23:21:36
CUST0373,PROD_C06,Gentle Exfoliating Face Scrub,Beauty & Care,1,550.0,2026-05-15 12:21:36
CUST0072,PROD_F08,Athletic Workout Leggings,Fashion,1,1199.0,2025-10-24 04:21:36
CUST0472,PROD_B05,System Design Interview Guide,Books,1,950.0,2026-07-16 14:21:36
CUST0163,PROD_S08,Waterproof Cycling Helmet,Sports & Fitness,1,1899.0,2026-08-02 12:21:36
CUST0365,PROD_F13,Designer Silk Scarf,Fashion,1,999.0,2026-03-22 13:21:36
CUST0330,PROD_F06,Warm Knit Winter Beanie,Fashion,1,499.0,2026-04-24 01:21:36
CUST0006,PROD_B04,Designing Data-Intensive Applications,Books,1,1250.0,2026-02-26 23:21:36
CUST0395,PROD_H12,Microfiber Bed Sheet Set Queen,Home & Kitchen,1,1499.0,2026-08-20 03:21:36
CUST0038,PROD_B10,Hands-On Machine Learning with Scikit-Learn,Books,2,1450.0,2026-02-22 02:21:36
CUST0258,PROD_E04,4K Ultra HD Smart Monitor 27-inch,Electronics,1,18999.0,2026-08-04 08:21:36
CUST0244,PROD_E11,Active Noise Cancelling Earbuds,Electronics,1,3199.0,2026-05-02 23:21:36
CUST0446,PROD_S03,Resistance Loop Exercise Bands Set,Sports & Fitness,1,699.0,2025-11-23 10:21:36
CUST0239,PROD_H04,Automatic Espresso Coffee Maker,Home & Kitchen,1,12499.0,2026-07-12 13:21:36
CUST0316,PROD_B10,Hands-On Machine Learning with Scikit-Learn,Books,1,1450.0,2026-07-29 00:21:36
CUST0435,PROD_B05,System Design Interview Guide,Books,1,950.0,2025-10-14 16:21:36
CUST0132,PROD_B05,System Design Interview Guide,Books,1,950.0,2026-01-03 12:21:36
CUST0117,PROD_E02,Mechanical Gaming Keyboard,Electronics,1,3499.0,2026-05-20 18:21:36
CUST0244,PROD_E05,Fast Charging USB-C Power Bank 20000mAh,Electronics,1,1999.0,2025-10-17 13:21:36
CUST0463,PROD_B08,"Thinking, Fast and Slow",Books,2,520.0,2026-05-19 01:21:36
CUST0220,PROD_C05,Organic Argan Oil Hair Treatment,Beauty & Care,1,750.0,2026-04-12 05:21:36
CUST0242,PROD_B10,Hands-On Machine Learning with Scikit-Learn,Books,1,1450.0,2025-12-28 14:21:36
CUST0267,PROD_B05,System Design Interview Guide,Books,1,950.0,2026-08-13 16:21:36
CUST0159,PROD_F07,Stainless Steel Quartz Wristwatch,Fashion,1,4499.0,2026-06-08 10:21:36
CUST0384,PROD_H04,Automatic Espresso Coffee Maker,Home & Kitchen,1,12499.0,2026-07-31 23:21:36
CUST0436,PROD_C06,Gentle Exfoliating Face Scrub,Beauty & Care,1,550.0,2026-07-26 06:21:36
CUST0181,PROD_C03,Vitamin C Facial Cleanser,Beauty & Care,2,499.0,2026-05-10 21:21:36
CUST0046,PROD_E10,High-Speed Wi-Fi 6 Router,Electronics,1,3899.0,2026-08-29 05:21:36
CUST0029,PROD_C06,Gentle Exfoliating Face Scrub,Beauty & Care,1,550.0,2026-06-13 01:21:36
CUST0373,PROD_H13,Stainless Steel Cutlery Set 24-Piece,Home & Kitchen,1,1799.0,2026-07-24 05:21:36
CUST0437,PROD_C02,SPF 50 Broad Spectrum Sunscreen,Beauty & Care,1,649.0,2025-11-20 19:21:36
CUST0081,PROD_H09,Aromatherapy Essential Oil Diffuser,Home & Kitchen,1,1299.0,2025-12-18 15:21:36
CUST0233,PROD_B08,"Thinking, Fast and Slow",Books,2,520.0,2026-01-10 11:21:36
CUST0384,PROD_H02,Digital Air Fryer 4.5L,Home & Kitchen,1,5999.0,2025-11-14 22:21:36
CUST0258,PROD_C01,Hydrating Hyaluronic Acid Serum,Beauty & Care,1,899.0,2026-03-01 13:21:36
CUST0282,PROD_S03,Resistance Loop Exercise Bands Set,Sports & Fitness,1,699.0,2026-01-27 11:21:36
CUST0458,PROD_F06,Warm Knit Winter Beanie,Fashion,1,499.0,2026-09-01 05:21:36
CUST0396,PROD_H09,Aromatherapy Essential Oil Diffuser,Home & Kitchen,1,1299.0,2025-10-19 17:21:36
CUST0370,PROD_C06,Gentle Exfoliating Face Scrub,Beauty & Care,1,550.0,2026-02-13 03:21:36
CUST0212,PROD_F06,Warm Knit Winter Beanie,Fashion,1,499.0,2026-04-30 19:21:36
CUST0133,PROD_F10,Formal Leather Belt Black,Fashion,1,799.0,2026-01-04 19:21:36
CUST0238,PROD_C06,Gentle Exfoliating Face Scrub,Beauty & Care,1,550.0,2026-08-06 12:21:36
CUST0399,PROD_S08,Waterproof Cycling Helmet,Sports & Fitness,1,1899.0,2025-10-24 02:21:36
CUST0332,PROD_H10,Bamboo Cutting Board Set,Home & Kitchen,1,899.0,2026-09-18 14:21:36
CUST0043,PROD_F05,Genuine Leather Crossbody Bag,Fashion,1,2799.0,2026-07-14 15:21:36
CUST0041,PROD_E16,Internal SSD 1TB NVMe,Electronics,2,6499.0,2026-03-05 04:21:36
CUST0442,PROD_S02,Adjustable Dumbbell Set 20kg,Sports & Fitness,1,4599.0,2025-11-01 14:21:36
CUST0418,PROD_E17,External Hard Drive 2TB,Electronics,1,5299.0,2026-02-04 13:21:36
CUST0203,PROD_F08,Athletic Workout Leggings,Fashion,1,1199.0,2026-08-04 08:21:36
CUST0067,PROD_H02,Digital Air Fryer 4.5L,Home & Kitchen,2,5999.0,2025-10-15 11:21:36
CUST0241,PROD_F01,Classic Cotton Denim Jacket,Fashion,1,2199.0,2026-02-20 01:21:36
CUST0353,PROD_C01,Hydrating Hyaluronic Acid Serum,Beauty & Care,2,899.0,2026-09-03 21:21:36
CUST0243,PROD_E14,Smart Plug with Voice Control,Electronics,1,799.0,2026-09-30 21:21:36
CUST0154,PROD_F08,Athletic Workout Leggings,Fashion,1,1199.0,2025-12-16 13:21:36
CUST0218,PROD_B05,System Design Interview Guide,Books,1,950.0,2026-03-12 10:21:36
CUST0312,PROD_S06,Speed Jump Rope with Ball Bearings,Sports & Fitness,1,399.0,2026-07-22 13:21:36
CUST0259,PROD_H12,Microfiber Bed Sheet Set Queen,Home & Kitchen,1,1499.0,2025-11-17 19:21:36
CUST0422,PROD_F09,Waterproof HIKING Boots,Fashion,1,4199.0,2026-03-20 01:21:36
CUST0153,PROD_B05,System Design Interview Guide,Books,1,950.0,2026-06-19 02:21:36
CUST0438,PROD_S04,High-Density Foam Muscle Roller,Sports & Fitness,1,899.0,2026-01-26 01:21:36
CUST0490,PROD_E12,Aluminum Laptop Cooling Pad,Electronics,1,1499.0,2026-02-10 21:21:36
CUST0187,PROD_B05,System Design Interview Guide,Books,1,950.0,2026-05-18 20:21:36
CUST0209,PROD_F02,Breathable Running Sneakers,Fashion,2,3299.0,2026-04-14 18:21:36
CUST0218,PROD_H10,Bamboo Cutting Board Set,Home & Kitchen,1,899.0,2026-05-14 13:21:36
CUST0280,PROD_C02,SPF 50 Broad Spectrum Sunscreen,Beauty & Care,1,649.0,2025-10-27 19:21:36
CUST0464,PROD_E13,Surround Sound Gaming Headset,Electronics,1,2799.0,2026-04-06 00:21:36
CUST0170,PROD_C02,SPF 50 Broad Spectrum Sunscreen,Beauty & Care,1,649.0,2025-10-08 00:21:36
CUST0304,PROD_E04,4K Ultra HD Smart Monitor 27-inch,Electronics,1,18999.0,2025-12-13 19:21:36
CUST0105,PROD_B05,System Design Interview Guide,Books,1,950.0,2026-08-08 15:21:36
CUST0036,PROD_F09,Waterproof HIKING Boots,Fashion,1,4199.0,2025-10-23 21:21:36
CUST0363,PROD_S06,Speed Jump Rope with Ball Bearings,Sports & Fitness,1,399.0,2026-04-21 20:21:36
CUST0056,PROD_F02,Breathable Running Sneakers,Fashion,1,3299.0,2026-06-03 04:21:36
CUST0347,PROD_B03,The Psychology of Money,Books,1,450.0,2026-07-12 09:21:36
CUST0021,PROD_S05,Insulated Sports Shaker Bottle,Sports & Fitness,2,499.0,2026-06-28 06:21:36
CUST0097,PROD_B09,Zero to One by Peter Thiel,Books,1,480.0,2026-02-22 13:21:36
CUST0040,PROD_H10,Bamboo Cutting Board Set,Home & Kitchen,1,899.0,2026-01-15 22:21:36
CUST0385,PROD_B05,System Design Interview Guide,Books,1,950.0,2026-01-16 20:21:36
CUST0450,PROD_F09,Waterproof HIKING Boots,Fashion,1,4199.0,2026-03-10 19:21:36
CUST0174,PROD_F04,Polarized UV Protection Sunglasses,Fashion,1,1299.0,2026-10-03 07:21:36
CUST0251,PROD_S08,Waterproof Cycling Helmet,Sports & Fitness,1,1899.0,2026-03-14 12:21:36
CUST0155,PROD_C08,Rechargeable Facial Cleansing Brush,Beauty & Care,2,1499.0,2026-02-13 11:21:36
CUST0367,PROD_B01,Deep Learning Foundations & Applications,Books,1,899.0,2026-02-20 01:21:36
CUST0103,PROD_E10,High-Speed Wi-Fi 6 Router,Electronics,1,3899.0,2026-05-30 02:21:36
CUST0370,PROD_C07,Natural Charcoal Detox Mask,Beauty & Care,1,699.0,2026-05-27 17:21:36
CUST0267,PROD_E17,External Hard Drive 2TB,Electronics,1,5299.0,2026-01-23 11:21:36
CUST0243,PROD_E10,High-Speed Wi-Fi 6 Router,Electronics,1,3899.0,2025-11-07 18:21:36
CUST0419,PROD_B05,System Design Interview Guide,Books,1,950.0,2026-05-01 18:21:36
CUST0432,PROD_S01,Non-Slip Eco Yoga Mat 6mm,Sports & Fitness,2,1299.0,2026-09-25 18:21:36
CUST0297,PROD_F14,Water-Resistant Travel Backpack,Fashion,1,2399.0,2026-06-04 02:21:36
CUST0453,PROD_C04,Sonic Electric Toothbrush,Beauty & Care,1,2299.0,2026-07-12 03:21:36
CUST0447,PROD_H08,Insulated Vacuum Water Bottle 1L,Home & Kitchen,1,699.0,2026-06-09 02:21:36
CUST0206,PROD_H12,Microfiber Bed Sheet Set Queen,Home & Kitchen,1,1499.0,2026-09-10 17:21:36
CUST0453,PROD_B02,Atomic Habits by James Clear,Books,1,599.0,2026-03-03 19:21:36
CUST0396,PROD_H06,Robot Vacuum Cleaner with Mop,Home & Kitchen,1,15999.0,2026-05-29 13:21:36
CUST0432,PROD_S05,Insulated Sports Shaker Bottle,Sports & Fitness,1,499.0,2026-06-22 22:21:36
CUST0188,PROD_B05,System Design Interview Guide,Books,1,950.0,2025-12-12 11:21:36
CUST0171,PROD_C05,Organic Argan Oil Hair Treatment,Beauty & Care,1,750.0,2026-02-28 11:21:36
CUST0371,PROD_B02,Atomic Habits by James Clear,Books,1,599.0,2025-11-10 02:21:36
CUST0028,PROD_E10,High-Speed Wi-Fi 6 Router,Electronics,1,3899.0,2025-12-23 23:21:36
CUST0046,PROD_E06,Smart Fitness Watch Series 5,Electronics,1,4999.0,2026-05-09 19:21:36
CUST0223,PROD_E04,4K Ultra HD Smart Monitor 27-inch,Electronics,1,18999.0,2026-04-20 18:21:36
CUST0272,PROD_C02,SPF 50 Broad Spectrum Sunscreen,Beauty & Care,1,649.0,2026-02-06 21:21:36
CUST0082,PROD_S05,Insulated Sports Shaker Bottle,Sports & Fitness,1,499.0,2026-05-21 10:21:36
CUST0298,PROD_C04,Sonic Electric Toothbrush,Beauty & Care,3,2299.0,2026-07-14 11:21:36
CUST0031,PROD_B04,Designing Data-Intensive Applications,Books,1,1250.0,2025-11-12 05:21:36
CUST0444,PROD_B07,Python for Data Analysis,Books,1,850.0,2026-01-02 16:21:36
CUST0434,PROD_B05,System Design Interview Guide,Books,1,950.0,2026-08-05 14:21:36
CUST0163,PROD_S03,Resistance Loop Exercise Bands Set,Sports & Fitness,1,699.0,2026-01-10 20:21:36
CUST0356,PROD_F14,Water-Resistant Travel Backpack,Fashion,1,2399.0,2026-05-11 06:21:36
CUST0088,PROD_C01,Hydrating Hyaluronic Acid Serum,Beauty & Care,1,899.0,2026-02-02 19:21:36
CUST0362,PROD_S07,Breathable Weightlifting Gloves,Sports & Fitness,1,599.0,2025-11-10 05:21:36
CUST0124,PROD_H01,Stainless Steel Electric Kettle 1.8L,Home & Kitchen,1,1399.0,2026-04-04 17:21:36
CUST0118,PROD_F08,Athletic Workout Leggings,Fashion,1,1199.0,2026-02-02 05:21:36
CUST0437,PROD_C03,Vitamin C Facial Cleanser,Beauty & Care,2,499.0,2025-12-10 20:21:36
CUST0038,PROD_B01,Deep Learning Foundations & Applications,Books,1,899.0,2026-08-29 16:21:36
CUST0079,PROD_B10,Hands-On Machine Learning with Scikit-Learn,Books,1,1450.0,2026-09-22 12:21:36
CUST0013,PROD_F06,Warm Knit Winter Beanie,Fashion,2,499.0,2026-08-04 00:21:36
CUST0357,PROD_S02,Adjustable Dumbbell Set 20kg,Sports & Fitness,1,4599.0,2026-04-05 14:21:36
CUST0462,PROD_B05,System Design Interview Guide,Books,1,950.0,2026-09-14 00:21:36
CUST0362,PROD_S02,Adjustable Dumbbell Set 20kg,Sports & Fitness,1,4599.0,2025-12-30 14:21:36
CUST0097,PROD_C04,Sonic Electric Toothbrush,Beauty & Care,1,2299.0,2026-01-13 21:21:36
CUST0388,PROD_H11,Digital Kitchen Weighing Scale,Home & Kitchen,1,599.0,2026-05-04 09:21:36
CUST0051,PROD_F14,Water-Resistant Travel Backpack,Fashion,1,2399.0,2026-01-13 19:21:36
CUST0019,PROD_H01,Stainless Steel Electric Kettle 1.8L,Home & Kitchen,1,1399.0,2026-03-08 07:21:36
CUST0118,PROD_C07,Natural Charcoal Detox Mask,Beauty & Care,1,699.0,2026-05-17 21:21:36
CUST0268,PROD_H05,Non-Stick Ceramic Cookware Set 5-Piece,Home & Kitchen,1,3999.0,2026-08-01 15:21:36
CUST0007,PROD_S08,Waterproof Cycling Helmet,Sports & Fitness,1,1899.0,2026-05-07 17:21:36
CUST0106,PROD_B05,System Design Interview Guide,Books,1,950.0,2026-04-28 11:21:36
CUST0143,PROD_C03,Vitamin C Facial Cleanser,Beauty & Care,1,499.0,2026-01-31 23:21:36
CUST0118,PROD_C01,Hydrating Hyaluronic Acid Serum,Beauty & Care,1,899.0,2026-09-08 17:21:36
CUST0221,PROD_F06,Warm Knit Winter Beanie,Fashion,1,499.0,2025-12-11 13:21:36
CUST0369,PROD_F07,Stainless Steel Quartz Wristwatch,Fashion,1,4499.0,2026-09-06 19:21:36
CUST0287,PROD_B09,Zero to One by Peter Thiel,Books,2,480.0,2026-08-05 07:21:36
CUST0171,PROD_C08,Rechargeable Facial Cleansing Brush,Beauty & Care,1,1499.0,2026-02-12 20:21:36
CUST0225,PROD_F08,Athletic Workout Leggings,Fashion,1,1199.0,2025-12-24 08:21:36
CUST0132,PROD_E09,HD Web Camera with Microphone,Electronics,2,2199.0,2026-09-22 07:21:36
CUST0125,PROD_B10,Hands-On Machine Learning with Scikit-Learn,Books,1,1450.0,2026-07-01 03:21:36
CUST0395,PROD_H13,Stainless Steel Cutlery Set 24-Piece,Home & Kitchen,1,1799.0,2026-09-19 09:21:36
CUST0148,PROD_S05,Insulated Sports Shaker Bottle,Sports & Fitness,1,499.0,2026-03-15 12:21:36
CUST0383,PROD_F10,Formal Leather Belt Black,Fashion,1,799.0,2026-02-03 19:21:36
CUST0310,PROD_F10,Formal Leather Belt Black,Fashion,1,799.0,2025-12-14 00:21:36
CUST0189,PROD_B05,System Design Interview Guide,Books,2,950.0,2026-04-07 21:21:36
CUST0229,PROD_C07,Natural Charcoal Detox Mask,Beauty & Care,1,699.0,2026-07-05 09:21:36
CUST0005,PROD_S03,Resistance Loop Exercise Bands Set,Sports & Fitness,2,699.0,2025-11-12 21:21:36
CUST0439,PROD_C03,Vitamin C Facial Cleanser,Beauty & Care,1,499.0,2025-10-10 14:21:36
CUST0150,PROD_F03,Slim Fit Casual Button-Up Shirt,Fashion,1,1499.0,2026-04-09 23:21:36
CUST0153,PROD_B05,System Design Interview Guide,Books,1,950.0,2026-05-25 22:21:36
CUST0221,PROD_E12,Aluminum Laptop Cooling Pad,Electronics,1,1499.0,2026-01-29 14:21:36
CUST0366,PROD_C01,Hydrating Hyaluronic Acid Serum,Beauty & Care,1,899.0,2026-06-27 15:21:36
CUST0196,PROD_B05,System Design Interview Guide,Books,1,950.0,2026-01-22 01:21:36
CUST0355,PROD_S08,Waterproof Cycling Helmet,Sports & Fitness,1,1899.0,2026-04-12 06:21:36
CUST0005,PROD_S01,Non-Slip Eco Yoga Mat 6mm,Sports & Fitness,1,1299.0,2026-04-19 04:21:36
CUST0027,PROD_C07,Natural Charcoal Detox Mask,Beauty & Care,1,699.0,2025-10-12 23:21:36
CUST0261,PROD_E04,4K Ultra HD Smart Monitor 27-inch,Electronics,1,18999.0,2026-04-01 20:21:36
CUST0240,PROD_F10,Formal Leather Belt Black,Fashion,1,799.0,2026-09-28 18:21:36
CUST0429,PROD_F07,Stainless Steel Quartz Wristwatch,Fashion,2,4499.0,2026-07-02 12:21:36
CUST0358,PROD_H01,Stainless Steel Electric Kettle 1.8L,Home & Kitchen,1,1399.0,2025-11-04 07:21:36
CUST0424,PROD_F13,Designer Silk Scarf,Fashion,1,999.0,2025-12-30 13:21:36
CUST0171,PROD_C05,Organic Argan Oil Hair Treatment,Beauty & Care,1,750.0,2026-04-17 04:21:36
CUST0431,PROD_C06,Gentle Exfoliating Face Scrub,Beauty & Care,1,550.0,2026-04-14 07:21:36
CUST0400,PROD_S03,Resistance Loop Exercise Bands Set,Sports & Fitness,1,699.0,2026-07-26 21:21:36
CUST0073,PROD_F06,Warm Knit Winter Beanie,Fashion,1,499.0,2026-02-05 23:21:36
CUST0195,PROD_B05,System Design Interview Guide,Books,1,950.0,2026-04-23 14:21:36
CUST0386,PROD_H09,Aromatherapy Essential Oil Diffuser,Home & Kitchen,1,1299.0,2026-08-25 21:21:36
CUST0142,PROD_H07,Smart LED Desk Lamp with Dimmer,Home & Kitchen,1,1699.0,2026-03-28 06:21:36
CUST0297,PROD_C01,Hydrating Hyaluronic Acid Serum,Beauty & Care,1,899.0,2026-06-20 14:21:36
CUST0119,PROD_H06,Robot Vacuum Cleaner with Mop,Home & Kitchen,1,15999.0,2026-03-20 23:21:36
CUST0029,PROD_E13,Surround Sound Gaming Headset,Electronics,1,2799.0,2026-04-25 22:21:36
CUST0419,PROD_S08,Waterproof Cycling Helmet,Sports & Fitness,1,1899.0,2026-03-29 05:21:36
CUST0363,PROD_F08,Athletic Workout Leggings,Fashion,1,1199.0,2026-01-28 13:21:36
CUST0035,PROD_F11,Comfortable Canvas Slip-Ons,Fashion,2,1599.0,2026-06-15 21:21:36
CUST0163,PROD_S07,Breathable Weightlifting Gloves,Sports & Fitness,1,599.0,2026-01-12 15:21:36
CUST0385,PROD_B06,Clean Code: Handbook of Software Craftsmanship,Books,1,1100.0,2025-12-26 09:21:36
CUST0047,PROD_H01,Stainless Steel Electric Kettle 1.8L,Home & Kitchen,1,1399.0,2026-07-19 09:21:36
CUST0314,PROD_C01,Hydrating Hyaluronic Acid Serum,Beauty & Care,1,899.0,2025-12-30 21:21:36
CUST0211,PROD_H04,Automatic Espresso Coffee Maker,Home & Kitchen,1,12499.0,2026-05-23 19:21:36
CUST0076,PROD_S08,Waterproof Cycling Helmet,Sports & Fitness,1,1899.0,2026-01-07 02:21:36
CUST0352,PROD_C05,Organic Argan Oil Hair Treatment,Beauty & Care,1,750.0,2026-01-04 06:21:36
CUST0456,PROD_H07,Smart LED Desk Lamp with Dimmer,Home & Kitchen,1,1699.0,2026-05-27 17:21:36
CUST0417,PROD_E07,Portable Bluetooth Speaker 20W,Electronics,1,2999.0,2026-04-12 10:21:36
CUST0460,PROD_F05,Genuine Leather Crossbody Bag,Fashion,1,2799.0,2026-01-21 15:21:36
CUST0387,PROD_H07,Smart LED Desk Lamp with Dimmer,Home & Kitchen,1,1699.0,2026-04-17 08:21:36
CUST0393,PROD_F04,Polarized UV Protection Sunglasses,Fashion,1,1299.0,2026-09-22 16:21:36
CUST0047,PROD_B05,System Design Interview Guide,Books,1,950.0,2025-11-10 15:21:36
CUST0424,PROD_F14,Water-Resistant Travel Backpack,Fashion,1,2399.0,2026-03-12 11:21:36
CUST0296,PROD_C07,Natural Charcoal Detox Mask,Beauty & Care,1,699.0,2026-03-29 06:21:36
CUST0346,PROD_S05,Insulated Sports Shaker Bottle,Sports & Fitness,1,499.0,2026-05-31 19:21:36
CUST0108,PROD_B06,Clean Code: Handbook of Software Craftsmanship,Books,1,1100.0,2025-11-12 11:21:36
CUST0173,PROD_F02,Breathable Running Sneakers,Fashion,1,3299.0,2026-04-17 05:21:36
CUST0289,PROD_B10,Hands-On Machine Learning with Scikit-Learn,Books,1,1450.0,2025-10-26 11:21:36
CUST0080,PROD_E08,Multi-Port USB Hub Type-C,Electronics,1,899.0,2026-05-14 06:21:36
CUST0391,PROD_E12,Aluminum Laptop Cooling Pad,Electronics,1,1499.0,2026-05-18 01:21:36
CUST0035,PROD_S02,Adjustable Dumbbell Set 20kg,Sports & Fitness,1,4599.0,2026-09-21 17:21:36
CUST0009,PROD_B01,Deep Learning Foundations & Applications,Books,1,899.0,2025-11-05 02:21:36
CUST0338,PROD_H06,Robot Vacuum Cleaner with Mop,Home & Kitchen,1,15999.0,2026-03-29 04:21:36
CUST0279,PROD_C03,Vitamin C Facial Cleanser,Beauty & Care,1,499.0,2026-09-30 23:21:36
CUST0267,PROD_E04,4K Ultra HD Smart Monitor 27-inch,Electronics,1,18999.0,2026-04-07 12:21:36
CUST0090,PROD_S07,Breathable Weightlifting Gloves,Sports & Fitness,1,599.0,2026-07-01 09:21:36
CUST0329,PROD_F09,Waterproof HIKING Boots,Fashion,3,4199.0,2026-04-17 22:21:36
CUST0405,PROD_S03,Resistance Loop Exercise Bands Set,Sports & Fitness,1,699.0,2026-01-23 08:21:36
CUST0496,PROD_C02,SPF 50 Broad Spectrum Sunscreen,Beauty & Care,1,649.0,2026-06-29 00:21:36
CUST0352,PROD_C08,Rechargeable Facial Cleansing Brush,Beauty & Care,1,1499.0,2026-04-06 06:21:36
CUST0214,PROD_F01,Classic Cotton Denim Jacket,Fashion,2,2199.0,2026-01-15 03:21:36
CUST0378,PROD_F02,Breathable Running Sneakers,Fashion,1,3299.0,2026-06-28 06:21:36
CUST0130,PROD_B05,System Design Interview Guide,Books,2,950.0,2026-06-24 21:21:36
CUST0471,PROD_E01,Wireless Noise-Canceling Headphones,Electronics,1,2499.0,2026-04-26 10:21:36
CUST0128,PROD_E04,4K Ultra HD Smart Monitor 27-inch,Electronics,1,18999.0,2026-06-20 22:21:36
CUST0313,PROD_E14,Smart Plug with Voice Control,Electronics,1,799.0,2026-07-18 00:21:36
CUST0049,PROD_E16,Internal SSD 1TB NVMe,Electronics,1,6499.0,2026-07-12 13:21:36
CUST0092,PROD_S04,High-Density Foam Muscle Roller,Sports & Fitness,1,899.0,2025-11-10 03:21:36
CUST0040,PROD_F05,Genuine Leather Crossbody Bag,Fashion,1,2799.0,2025-12-12 04:21:36
CUST0154,PROD_S04,High-Density Foam Muscle Roller,Sports & Fitness,1,899.0,2025-10-09 00:21:36
CUST0329,PROD_F02,Breathable Running Sneakers,Fashion,1,3299.0,2026-09-11 21:21:36
CUST0035,PROD_F06,Warm Knit Winter Beanie,Fashion,1,499.0,2026-04-26 04:21:36
CUST0100,PROD_S05,Insulated Sports Shaker Bottle,Sports & Fitness,1,499.0,2026-01-30 23:21:36
CUST0243,PROD_E02,Mechanical Gaming Keyboard,Electronics,2,3499.0,2026-07-30 19:21:36
CUST0019,PROD_E10,High-Speed Wi-Fi 6 Router,Electronics,1,3899.0,2026-03-02 00:21:36
CUST0135,PROD_H10,Bamboo Cutting Board Set,Home & Kitchen,1,899.0,2026-08-29 04:21:36
CUST0374,PROD_B01,Deep Learning Foundations & Applications,Books,1,899.0,2025-11-16 14:21:36
CUST0421,PROD_F03,Slim Fit Casual Button-Up Shirt,Fashion,1,1499.0,2026-06-20 02:21:36
CUST0332,PROD_F14,Water-Resistant Travel Backpack,Fashion,1,2399.0,2026-04-26 13:21:36
CUST0436,PROD_B05,System Design Interview Guide,Books,1,950.0,2025-12-21 00:21:36
CUST0195,PROD_E07,Portable Bluetooth Speaker 20W,Electronics,1,2999.0,2026-04-18 08:21:36
CUST0320,PROD_B05,System Design Interview Guide,Books,1,950.0,2026-08-15 19:21:36
CUST0448,PROD_C02,SPF 50 Broad Spectrum Sunscreen,Beauty & Care,1,649.0,2026-08-28 08:21:36
CUST0094,PROD_E03,Ergonomic Wireless Mouse,Electronics,1,1299.0,2026-01-15 19:21:36
CUST0166,PROD_S03,Resistance Loop Exercise Bands Set,Sports & Fitness,1,699.0,2025-11-25 00:21:36
CUST0174,PROD_F08,Athletic Workout Leggings,Fashion,1,1199.0,2025-11-26 13:21:36
CUST0278,PROD_H03,Memory Foam Orthopedic Pillow,Home & Kitchen,1,1199.0,2025-12-11 23:21:36
CUST0339,PROD_F06,Warm Knit Winter Beanie,Fashion,1,499.0,2026-08-26 05:21:36
CUST0197,PROD_H11,Digital Kitchen Weighing Scale,Home & Kitchen,1,599.0,2026-08-15 07:21:36
CUST0486,PROD_S02,Adjustable Dumbbell Set 20kg,Sports & Fitness,2,4599.0,2026-07-04 16:21:36
CUST0110,PROD_B03,The Psychology of Money,Books,1,450.0,2025-10-28 09:21:36
CUST0139,PROD_B02,Atomic Habits by James Clear,Books,1,599.0,2026-02-09 08:21:36
CUST0029,PROD_H13,Stainless Steel Cutlery Set 24-Piece,Home & Kitchen,1,1799.0,2026-09-27 05:21:36
CUST0139,PROD_B09,Zero to One by Peter Thiel,Books,1,480.0,2026-03-14 12:21:36
CUST0122,PROD_E12,Aluminum Laptop Cooling Pad,Electronics,1,1499.0,2025-12-14 15:21:36
CUST0117,PROD_E01,Wireless Noise-Canceling Headphones,Electronics,1,2499.0,2026-01-26 20:21:36
CUST0484,PROD_F09,Waterproof HIKING Boots,Fashion,1,4199.0,2025-12-13 03:21:36
CUST0174,PROD_F13,Designer Silk Scarf,Fashion,1,999.0,2025-10-31 19:21:36
CUST0497,PROD_F06,Warm Knit Winter Beanie,Fashion,1,499.0,2026-02-03 12:21:36
CUST0014,PROD_S03,Resistance Loop Exercise Bands Set,Sports & Fitness,1,699.0,2025-10-31 22:21:36
CUST0383,PROD_B05,System Design Interview Guide,Books,1,950.0,2026-07-13 17:21:36
CUST0152,PROD_S07,Breathable Weightlifting Gloves,Sports & Fitness,1,599.0,2025-12-03 11:21:36
CUST0171,PROD_C06,Gentle Exfoliating Face Scrub,Beauty & Care,1,550.0,2026-08-06 00:21:36
CUST0329,PROD_F02,Breathable Running Sneakers,Fashion,2,3299.0,2025-10-31 19:21:36
CUST0322,PROD_E06,Smart Fitness Watch Series 5,Electronics,1,4999.0,2025-11-25 15:21:36
CUST0415,PROD_F12,Hooded Fleece Sweatshirt,Fashion,1,1899.0,2025-12-12 05:21:36
CUST0362,PROD_S08,Waterproof Cycling Helmet,Sports & Fitness,1,1899.0,2025-11-30 10:21:36
CUST0024,PROD_H09,Aromatherapy Essential Oil Diffuser,Home & Kitchen,1,1299.0,2026-09-11 10:21:36
CUST0378,PROD_B05,System Design Interview Guide,Books,1,950.0,2026-05-20 00:21:36
CUST0250,PROD_C04,Sonic Electric Toothbrush,Beauty & Care,1,2299.0,2026-06-30 21:21:36
CUST0254,PROD_B03,The Psychology of Money,Books,1,450.0,2025-10-11 16:21:36
CUST0324,PROD_C07,Natural Charcoal Detox Mask,Beauty & Care,1,699.0,2026-08-19 14:21:36
CUST0068,PROD_B10,Hands-On Machine Learning with Scikit-Learn,Books,1,1450.0,2026-08-08 06:21:36
CUST0223,PROD_E09,HD Web Camera with Microphone,Electronics,1,2199.0,2026-04-29 13:21:36
CUST0468,PROD_H11,Digital Kitchen Weighing Scale,Home & Kitchen,1,599.0,2026-05-21 06:21:36
CUST0146,PROD_E17,External Hard Drive 2TB,Electronics,1,5299.0,2026-03-16 22:21:36
CUST0106,PROD_C02,SPF 50 Broad Spectrum Sunscreen,Beauty & Care,1,649.0,2025-11-15 23:21:36
CUST0317,PROD_E12,Aluminum Laptop Cooling Pad,Electronics,1,1499.0,2025-10-05 20:21:36
CUST0299,PROD_F07,Stainless Steel Quartz Wristwatch,Fashion,2,4499.0,2026-01-08 07:21:36
CUST0109,PROD_C03,Vitamin C Facial Cleanser,Beauty & Care,1,499.0,2026-03-27 18:21:36
CUST0379,PROD_E10,High-Speed Wi-Fi 6 Router,Electronics,1,3899.0,2025-10-26 23:21:36
CUST0139,PROD_B05,System Design Interview Guide,Books,1,950.0,2026-03-14 13:21:36
CUST0155,PROD_C01,Hydrating Hyaluronic Acid Serum,Beauty & Care,1,899.0,2026-03-10 02:21:36
CUST0500,PROD_C08,Rechargeable Facial Cleansing Brush,Beauty & Care,1,1499.0,2026-07-26 20:21:36
CUST0337,PROD_B03,The Psychology of Money,Books,1,450.0,2026-04-29 12:21:36
CUST0244,PROD_S02,Adjustable Dumbbell Set 20kg,Sports & Fitness,1,4599.0,2025-11-28 07:21:36
CUST0380,PROD_B05,System Design Interview Guide,Books,1,950.0,2026-03-12 17:21:36
CUST0038,PROD_E01,Wireless Noise-Canceling Headphones,Electronics,1,2499.0,2026-01-03 20:21:36
CUST0301,PROD_F04,Polarized UV Protection Sunglasses,Fashion,1,1299.0,2026-08-21 06:21:36
CUST0377,PROD_H10,Bamboo Cutting Board Set,Home & Kitchen,1,899.0,2025-12-20 20:21:36
CUST0497,PROD_S08,Waterproof Cycling Helmet,Sports & Fitness,2,1899.0,2026-03-26 12:21:36
CUST0009,PROD_B10,Hands-On Machine Learning with Scikit-Learn,Books,1,1450.0,2026-03-23 17:21:36
CUST0218,PROD_E17,External Hard Drive 2TB,Electronics,1,5299.0,2025-11-18 14:21:36
CUST0261,PROD_B08,"Thinking, Fast and Slow",Books,1,520.0,2026-08-06 02:21:36
CUST0236,PROD_F10,Formal Leather Belt Black,Fashion,1,799.0,2026-03-09 00:21:36
CUST0389,PROD_E08,Multi-Port USB Hub Type-C,Electronics,1,899.0,2025-10-08 23:21:36
CUST0127,PROD_B10,Hands-On Machine Learning with Scikit-Learn,Books,1,1450.0,2025-11-20 10:21:36
CUST0187,PROD_S04,High-Density Foam Muscle Roller,Sports & Fitness,1,899.0,2026-07-07 02:21:36
CUST0042,PROD_B10,Hands-On Machine Learning with Scikit-Learn,Books,1,1450.0,2025-12-18 18:21:36
CUST0446,PROD_S07,Breathable Weightlifting Gloves,Sports & Fitness,1,599.0,2026-05-31 04:21:36
CUST0329,PROD_F03,Slim Fit Casual Button-Up Shirt,Fashion,1,1499.0,2026-04-21 00:21:36
CUST0341,PROD_F08,Athletic Workout Leggings,Fashion,2,1199.0,2026-06-19 12:21:36
CUST0209,PROD_S05,Insulated Sports Shaker Bottle,Sports & Fitness,1,499.0,2025-12-28 11:21:36
CUST0333,PROD_F09,Waterproof HIKING Boots,Fashion,1,4199.0,2026-01-31 03:21:36
CUST0067,PROD_H09,Aromatherapy Essential Oil Diffuser,Home & Kitchen,1,1299.0,2026-05-21 12:21:36
CUST0479,PROD_S08,Waterproof Cycling Helmet,Sports & Fitness,1,1899.0,2026-03-24 04:21:36
CUST0315,PROD_E08,Multi-Port USB Hub Type-C,Electronics,1,899.0,2026-09-28 17:21:36
CUST0123,PROD_C04,Sonic Electric Toothbrush,Beauty & Care,1,2299.0,2026-07-31 18:21:36
CUST0487,PROD_F09,Waterproof HIKING Boots,Fashion,2,4199.0,2025-12-23 09:21:36
CUST0432,PROD_B05,System Design Interview Guide,Books,3,950.0,2026-05-09 16:21:36
CUST0459,PROD_B05,System Design Interview Guide,Books,1,950.0,2025-12-19 12:21:36
CUST0017,PROD_F11,Comfortable Canvas Slip-Ons,Fashion,2,1599.0,2026-08-12 09:21:36
CUST0256,PROD_B01,Deep Learning Foundations & Applications,Books,1,899.0,2026-02-03 20:21:36
CUST0215,PROD_E07,Portable Bluetooth Speaker 20W,Electronics,1,2999.0,2026-02-05 11:21:36
CUST0096,PROD_C04,Sonic Electric Toothbrush,Beauty & Care,1,2299.0,2025-10-12 18:21:36
CUST0387,PROD_S08,Waterproof Cycling Helmet,Sports & Fitness,1,1899.0,2026-04-06 15:21:36
CUST0228,PROD_F08,Athletic Workout Leggings,Fashion,1,1199.0,2026-04-23 14:21:36
CUST0001,PROD_C05,Organic Argan Oil Hair Treatment,Beauty & Care,1,750.0,2025-11-08 00:21:36
CUST0474,PROD_E08,Multi-Port USB Hub Type-C,Electronics,1,899.0,2026-03-24 12:21:36
CUST0404,PROD_H10,Bamboo Cutting Board Set,Home & Kitchen,1,899.0,2026-07-21 11:21:36
CUST0452,PROD_E16,Internal SSD 1TB NVMe,Electronics,1,6499.0,2025-10-31 00:21:36
CUST0293,PROD_B08,"Thinking, Fast and Slow",Books,2,520.0,2025-12-18 09:21:36
CUST0006,PROD_B08,"Thinking, Fast and Slow",Books,1,520.0,2026-09-11 12:21:36
CUST0133,PROD_F10,Formal Leather Belt Black,Fashion,1,799.0,2026-03-05 18:21:36
CUST0301,PROD_F06,Warm Knit Winter Beanie,Fashion,1,499.0,2026-09-11 05:21:36
CUST0118,PROD_C02,SPF 50 Broad Spectrum Sunscreen,Beauty & Care,1,649.0,2026-01-28 11:21:36
CUST0020,PROD_E04,4K Ultra HD Smart Monitor 27-inch,Electronics,1,18999.0,2026-02-02 16:21:36
CUST0201,PROD_E05,Fast Charging USB-C Power Bank 20000mAh,Electronics,1,1999.0,2026-05-17 16:21:36
CUST0305,PROD_H04,Automatic Espresso Coffee Maker,Home & Kitchen,1,12499.0,2026-09-18 21:21:36
CUST0425,PROD_B05,System Design Interview Guide,Books,1,950.0,2026-03-08 02:21:36
CUST0476,PROD_S04,High-Density Foam Muscle Roller,Sports & Fitness,1,899.0,2026-06-17 06:21:36
CUST0064,PROD_S08,Waterproof Cycling Helmet,Sports & Fitness,1,1899.0,2026-03-22 07:21:36
CUST0353,PROD_C07,Natural Charcoal Detox Mask,Beauty & Care,2,699.0,2025-11-29 14:21:36
CUST0284,PROD_H04,Automatic Espresso Coffee Maker,Home & Kitchen,1,12499.0,2026-05-15 09:21:36
CUST0350,PROD_F06,Warm Knit Winter Beanie,Fashion,1,499.0,2025-11-01 19:21:36
CUST0318,PROD_F07,Stainless Steel Quartz Wristwatch,Fashion,1,4499.0,2025-11-20 08:21:36
CUST0106,PROD_C07,Natural Charcoal Detox Mask,Beauty & Care,2,699.0,2026-09-05 11:21:36
CUST0003,PROD_B07,Python for Data Analysis,Books,1,850.0,2025-10-26 03:21:36
CUST0140,PROD_C03,Vitamin C Facial Cleanser,Beauty & Care,1,499.0,2026-01-30 23:21:36
CUST0207,PROD_S05,Insulated Sports Shaker Bottle,Sports & Fitness,1,499.0,2026-03-17 21:21:36
CUST0364,PROD_E15,Wireless Phone Charging Pad,Electronics,1,999.0,2025-12-19 06:21:36
CUST0435,PROD_S05,Insulated Sports Shaker Bottle,Sports & Fitness,2,499.0,2026-05-17 04:21:36
CUST0028,PROD_S07,Breathable Weightlifting Gloves,Sports & Fitness,1,599.0,2026-10-04 18:21:36
CUST0319,PROD_S05,Insulated Sports Shaker Bottle,Sports & Fitness,3,499.0,2026-04-29 10:21:36
CUST0037,PROD_F10,Formal Leather Belt Black,Fashion,1,799.0,2025-11-26 16:21:36
CUST0274,PROD_E12,Aluminum Laptop Cooling Pad,Electronics,1,1499.0,2025-10-26 15:21:36
CUST0221,PROD_F08,Athletic Workout Leggings,Fashion,1,1199.0,2025-12-02 03:21:36
CUST0275,PROD_C05,Organic Argan Oil Hair Treatment,Beauty & Care,1,750.0,2025-12-07 14:21:36
CUST0266,PROD_H10,Bamboo Cutting Board Set,Home & Kitchen,1,899.0,2025-12-16 15:21:36
CUST0384,PROD_H12,Microfiber Bed Sheet Set Queen,Home & Kitchen,1,1499.0,2026-01-08 03:21:36
CUST0048,PROD_E10,High-Speed Wi-Fi 6 Router,Electronics,1,3899.0,2026-09-19 02:21:36
CUST0081,PROD_H13,Stainless Steel Cutlery Set 24-Piece,Home & Kitchen,1,1799.0,2026-06-12 20:21:36
